part_id,category,subcategory,first_observed_month,last_observed_month,months_observed,total_demand,avg_demand,median_demand,demand_std,max_demand,positive_months,zero_months,adi,cv2,seasonality_strength,zero_demand_share,positive_demand_share,cv,profile
MED-0001,IMAGING,TRANSDUCERS,2023-07-01,2025-12-01,30,114,3.8,0.0,9.083520508458504,44,7,23,4.285714285714286,0.6091874422899355,8.157894736842106,0.7666666666666667,0.23333333333333334,2.3904001338048695,INTERMITTENT
MED-0002,IMAGING,COOLING COMPONENTS,2022-01-01,2025-12-01,48,66,1.375,0.0,2.3666566776334994,8,15,33,3.2,0.23465171192443915,2.1818181818181817,0.6875,0.3125,1.7212048564607267,STABLE
MED-0003,IMAGING,TRANSDUCERS,2023-07-01,2025-12-01,30,58,1.9333333333333333,0.0,5.159078595449286,22,5,25,6.0,0.39239001189060657,3.793103448275862,0.8333333333333334,0.16666666666666666,2.6684889286806652,INTERMITTENT
MED-0004,IMAGING,TRANSDUCERS,2022-07-01,2025-12-01,42,172,4.095238095238095,0.0,13.291863500193704,77,7,35,6.0,1.0273796646836129,6.267441860465117,0.8333333333333334,0.16666666666666666,3.2456875988845093,LUMPY
MED-0005,IMAGING,DETECTOR COMPONENTS,2023-07-01,2025-12-01,30,74,2.466666666666667,0.0,5.341660166402701,20,6,24,5.0,0.1279766252739226,3.7837837837837838,0.8,0.2,2.165537905298392,INTERMITTENT
MED-0006,IMAGING,DETECTOR COMPONENTS,2022-07-01,2025-12-01,42,92,2.1904761904761907,0.0,6.298424484521836,34,7,35,6.0,0.5971172022684309,5.173913043478261,0.8333333333333334,0.16666666666666666,2.8753676994556203,INTERMITTENT
MED-0007,IMAGING,CABLES,2022-07-01,2025-12-01,42,28,0.6666666666666666,0.0,1.5565231214608657,7,9,33,4.666666666666667,0.39891581632653056,3.75,0.7857142857142857,0.21428571428571427,2.3347846821912985,INTERMITTENT
MED-0008,IMAGING,POWER COMPONENTS,2022-01-01,2025-12-01,48,126,2.625,2.0,2.795322841325138,18,43,5,1.1162790697674418,0.9117295948361711,1.9047619047619047,0.10416666666666667,0.8958333333333334,1.064884891933386,STABLE
MED-0009,IMAGING,DETECTOR COMPONENTS,2023-01-01,2025-12-01,36,97,2.6944444444444446,2.5,1.7859682359108573,8,32,4,1.125,0.2772362768660068,1.360824742268041,0.1111111111111111,0.8888888888888888,0.6628335720906274,STABLE
MED-0010,IMAGING,CABLES,2022-07-01,2025-12-01,42,69,1.6428571428571428,0.0,7.867256715208708,49,3,39,14.0,1.0056710775047262,9.942028985507246,0.9285714285714286,0.07142857142857142,4.788764957083561,RARE
MED-0011,IMAGING,COOLING COMPONENTS,2022-01-01,2025-12-01,48,114,2.375,0.0,8.760707733967616,56,6,42,8.0,0.9484764542936287,5.894736842105263,0.875,0.125,3.6887190458811014,INTERMITTENT
MED-0012,IMAGING,POWER COMPONENTS,2024-01-01,2025-12-01,24,35,1.4583333333333333,0.0,5.064618674573692,24,3,21,8.0,0.8546938775510207,8.22857142857143,0.875,0.125,3.472881376850532,INTERMITTENT
MED-0013,IMAGING,CABLES,2024-01-01,2025-12-01,24,60,2.5,0.0,8.19331647030729,39,4,20,6.0,1.1762962962962962,7.8,0.8333333333333334,0.16666666666666666,3.2773265881229157,LUMPY
MED-0014,IMAGING,MOTORS,2022-01-01,2025-12-01,48,156,3.25,3.0,1.8042503010769237,11,47,1,1.0212765957446808,0.28062558957207784,1.2307692307692308,0.020833333333333332,0.9791666666666666,0.5551539387928996,STABLE
MED-0015,IMAGING,DETECTOR COMPONENTS,2022-01-01,2025-12-01,48,113,2.3541666666666665,0.0,7.2331670569508395,42,7,41,6.857142857142857,0.5761610149581017,5.84070796460177,0.8541666666666666,0.14583333333333334,3.0724957410056666,INTERMITTENT
MED-0016,IMAGING,USER INTERFACE,2022-07-01,2025-12-01,42,76,1.8095238095238095,0.0,5.734951018304002,33,6,36,7.0,0.652354570637119,7.921052631578948,0.8571428571428571,0.14285714285714285,3.1693150364311586,INTERMITTENT
MED-0017,IMAGING,MOTORS,2024-01-01,2025-12-01,24,96,4.0,3.5,2.874172848876245,16,24,0,1.0,0.5163043478260869,2.0,0.0,1.0,0.7185432122190613,STABLE
MED-0018,IMAGING,CONTROL MODULES,2022-01-01,2025-12-01,48,202,4.208333333333333,4.0,2.9532407971030334,16,45,3,1.0666666666666667,0.3984235057169083,1.3663366336633664,0.0625,0.9375,0.7017601894106219,STABLE
MED-0019,IMAGING,COOLING COMPONENTS,2022-01-01,2025-12-01,48,79,1.6458333333333333,0.0,2.884216648200836,14,16,32,3.0,0.35806227634460286,2.430379746835443,0.6666666666666666,0.3333333333333333,1.7524354318182296,STABLE
MED-0020,IMAGING,CONTROL MODULES,2023-07-01,2025-12-01,30,179,5.966666666666667,5.0,5.997029916224527,33,29,1,1.0344827586206897,0.943168797121545,3.184357541899441,0.03333333333333333,0.9666666666666667,1.0050888127750603,STABLE
MED-0021,IMAGING,USER INTERFACE,2023-07-01,2025-12-01,30,120,4.0,0.0,15.08824616758996,76,3,27,10.0,0.7131249999999998,13.875,0.9,0.1,3.77206154189749,INTERMITTENT
MED-0022,IMAGING,USER INTERFACE,2022-01-01,2025-12-01,48,283,5.895833333333333,5.0,3.765688224138908,19,46,2,1.0434782608695652,0.3487137226502182,1.1448763250883394,0.041666666666666664,0.9583333333333334,0.6387033030341611,STABLE
MED-0023,IMAGING,USER INTERFACE,2022-01-01,2025-12-01,48,187,3.8958333333333335,3.0,3.4778299869947227,14,43,5,1.1162790697674418,0.609033307051552,1.3475935828877006,0.10416666666666667,0.8958333333333334,0.8927050233997149,STABLE
MED-0024,IMAGING,COOLING COMPONENTS,2024-01-01,2025-12-01,24,54,2.25,0.0,5.29355637831834,21,5,19,4.8,0.3918038408779149,4.666666666666667,0.7916666666666666,0.20833333333333334,2.35269172369704,INTERMITTENT
MED-0025,IMAGING,COOLING COMPONENTS,2022-01-01,2025-12-01,48,96,2.0,0.0,4.806909919971811,20,8,40,6.0,0.12499999999999997,2.75,0.8333333333333334,0.16666666666666666,2.4034549599859054,INTERMITTENT
MED-0026,IMAGING,COOLING COMPONENTS,2022-01-01,2025-12-01,48,86,1.7916666666666667,0.0,4.399991940676049,18,8,40,6.0,0.1724484277215483,2.9302325581395348,0.8333333333333334,0.16666666666666666,2.4558094552610505,INTERMITTENT
MED-0027,IMAGING,POWER COMPONENTS,2023-07-01,2025-12-01,30,75,2.5,2.0,2.1932498324600886,10,25,5,1.2,0.4722222222222222,1.6,0.16666666666666666,0.8333333333333334,0.8772999329840354,STABLE
MED-0028,IMAGING,COOLING COMPONENTS,2022-01-01,2025-12-01,48,101,2.1041666666666665,0.0,4.686965099504329,20,10,38,4.8,0.2449650905684628,3.326732673267327,0.7916666666666666,0.20833333333333334,2.2274685621406713,INTERMITTENT
MED-0029,IMAGING,MOTORS,2023-07-01,2025-12-01,30,88,2.933333333333333,3.0,1.4840144374549435,5,29,1,1.0344827586206897,0.21318809031877223,1.1931818181818183,0.03333333333333333,0.9666666666666667,0.5059140127687308,STABLE
MED-0030,IMAGING,POWER COMPONENTS,2023-07-01,2025-12-01,30,124,4.133333333333334,4.0,2.897482061868645,14,27,3,1.1111111111111112,0.34012046746177854,1.5322580645161288,0.1,0.9,0.7010037246456399,STABLE
MED-0031,IMAGING,COOLING COMPONENTS,2024-01-01,2025-12-01,24,11,0.4583333333333333,0.0,1.6145847942957392,7,2,22,12.0,0.14876033057851237,7.636363636363637,0.9166666666666666,0.08333333333333333,3.522730460281613,LUMPY
MED-0032,IMAGING,POWER COMPONENTS,2024-07-01,2025-12-01,18,90,5.0,4.5,4.934869924979846,21,15,3,1.2,0.6428571428571429,1.9,0.16666666666666666,0.8333333333333334,0.9869739849959691,STABLE
MED-0033,IMAGING,DETECTOR COMPONENTS,2023-07-01,2025-12-01,30,35,1.1666666666666667,0.0,2.817229420759943,10,5,25,6.0,0.13265306122448978,4.285714285714286,0.8333333333333334,0.16666666666666666,2.414768074937094,INTERMITTENT
MED-0034,IMAGING,CONTROL MODULES,2024-01-01,2025-12-01,24,77,3.2083333333333335,2.0,2.7501646854509363,10,22,2,1.0909090909090908,0.5889212827988339,1.4025974025974026,0.08333333333333333,0.9166666666666666,0.857194187673019,STABLE
MED-0035,IMAGING,CABLES,2022-01-01,2025-12-01,48,168,3.5,3.0,1.5298449372125573,8,48,0,1.0,0.1910551454624403,0.9285714285714286,0.0,1.0,0.4370985534893021,STABLE
MED-0036,IMAGING,DETECTOR COMPONENTS,2024-01-01,2025-12-01,24,67,2.7916666666666665,0.0,5.69499526026956,18,5,19,4.8,0.04900868790376476,3.2238805970149254,0.7916666666666666,0.20833333333333334,2.039998302186111,INTERMITTENT
MED-0037,IMAGING,COOLING COMPONENTS,2023-07-01,2025-12-01,30,158,5.266666666666667,0.0,20.594497647025367,111,4,26,7.5,1.4721999679538538,7.025316455696203,0.8666666666666667,0.13333333333333333,3.9103476544984876,LUMPY
MED-0038,IMAGING,DETECTOR COMPONENTS,2023-01-01,2025-12-01,36,28,0.7777777777777778,0.0,2.379809249392073,9,4,32,9.0,0.163265306122449,3.857142857142857,0.8888888888888888,0.1111111111111111,3.0597547492183796,INTERMITTENT
MED-0039,IMAGING,POWER COMPONENTS,2023-01-01,2025-12-01,36,164,4.555555555555555,4.0,2.2859126898017834,10,35,1,1.0285714285714285,0.21639998950204714,1.0975609756097562,0.027777777777777776,0.9722222222222222,0.5017857123955135,STABLE
MED-0040,IMAGING,CONTROL MODULES,2022-01-01,2025-12-01,48,8,0.16666666666666666,0.0,0.9070253775176264,6,2,46,24.0,0.5000000000000001,9.0,0.9583333333333334,0.041666666666666664,5.442152265105759,LUMPY
MED-0041,IMAGING,COOLING COMPONENTS,2023-07-01,2025-12-01,30,26,0.8666666666666667,0.0,1.9428619723691545,7,7,23,4.285714285714286,0.42800788954635094,4.038461538461538,0.7666666666666667,0.23333333333333334,2.241763814272101,INTERMITTENT
MED-0042,IMAGING,COOLING COMPONENTS,2024-01-01,2025-12-01,24,73,3.0416666666666665,0.0,11.800807513514256,56,2,22,12.0,0.5708388065303058,9.205479452054796,0.9166666666666666,0.08333333333333333,3.8797175386896186,LUMPY
MED-0043,IMAGING,TRANSDUCERS,2023-07-01,2025-12-01,30,53,1.7666666666666666,0.0,4.223769629733311,15,6,24,5.0,0.3661089355642576,4.150943396226415,0.8,0.2,2.3908129979622514,INTERMITTENT
MED-0044,IMAGING,MOTORS,2023-01-01,2025-12-01,36,110,3.0555555555555554,3.0,1.7879668332565335,7,35,1,1.0285714285714285,0.3045697617890131,1.2000000000000002,0.027777777777777776,0.9722222222222222,0.5851527817930474,STABLE
MED-0045,IMAGING,TRANSDUCERS,2023-01-01,2025-12-01,36,38,1.0555555555555556,0.0,2.9369025903827364,16,9,27,4.0,1.2730263157894741,5.052631578947368,0.75,0.25,2.7823287698362766,LUMPY
MED-0046,IMAGING,POWER COMPONENTS,2023-01-01,2025-12-01,36,50,1.3888888888888888,0.0,2.7179590849204454,9,9,27,4.0,0.2034,2.88,0.75,0.25,1.9569305411427207,INTERMITTENT
MED-0047,IMAGING,POWER COMPONENTS,2022-01-01,2025-12-01,48,117,2.4375,2.0,2.2588478516759993,10,40,8,1.2,0.5477727765696208,1.7435897435897436,0.16666666666666666,0.8333333333333334,0.9267068109439998,STABLE
MED-0048,IMAGING,DETECTOR COMPONENTS,2022-01-01,2025-12-01,48,224,4.666666666666667,0.0,15.794334202738694,97,9,39,5.333333333333333,1.4518544722576534,7.821428571428571,0.8125,0.1875,3.384500186301149,LUMPY
MED-0049,IMAGING,USER INTERFACE,2024-01-01,2025-12-01,24,89,3.7083333333333335,3.0,2.789408019894055,11,21,3,1.1428571428571428,0.36692336826158317,1.7528089887640448,0.125,0.875,0.7521999154770486,STABLE
MED-0050,IMAGING,DETECTOR COMPONENTS,2024-01-01,2025-12-01,24,22,0.9166666666666666,0.0,3.4378540660868873,16,2,22,12.0,0.41322314049586784,8.727272727272728,0.9166666666666666,0.08333333333333333,3.750386253912968,LUMPY
MED-0051,IMAGING,CABLES,2022-01-01,2025-12-01,48,147,3.0625,3.0,1.5075166277619374,7,47,1,1.0212765957446808,0.2160834756854531,0.6530612244897959,0.020833333333333332,0.9791666666666666,0.4922503274324694,STABLE
MED-0052,IMAGING,DETECTOR COMPONENTS,2022-01-01,2025-12-01,48,130,2.7083333333333335,0.0,5.96428495592397,28,10,38,4.8,0.21959237343852725,3.7846153846153845,0.7916666666666666,0.20833333333333334,2.202197522187312,INTERMITTENT
MED-0053,IMAGING,CONTROL MODULES,2023-01-01,2025-12-01,36,174,4.833333333333333,4.5,4.58257569495584,28,34,2,1.0588235294117647,0.7931795161283864,2.0000000000000004,0.05555555555555555,0.9444444444444444,0.9481191093012084,STABLE
MED-0054,IMAGING,DETECTOR COMPONENTS,2024-07-01,2025-12-01,18,34,1.8888888888888888,0.0,3.90909781812044,12,4,14,4.5,0.16147635524798154,4.235294117647059,0.7777777777777778,0.2222222222222222,2.0695223742990563,INTERMITTENT
MED-0055,IMAGING,COOLING COMPONENTS,2022-01-01,2025-12-01,48,158,3.2916666666666665,0.0,9.50242596870821,49,8,40,6.0,0.6019181907661317,3.7215189873417724,0.8333333333333334,0.16666666666666666,2.88681295251895,INTERMITTENT
MED-0056,IMAGING,CABLES,2022-01-01,2025-12-01,48,71,1.4791666666666667,0.0,2.306231921069272,8,16,32,3.0,0.1352112676056338,2.5352112676056335,0.6666666666666666,0.3333333333333333,1.5591427072017612,STABLE
MED-0057,IMAGING,POWER COMPONENTS,2022-01-01,2025-12-01,48,40,0.8333333333333334,0.0,2.9051189841479363,14,4,44,12.0,0.1,9.9,0.9166666666666666,0.08333333333333333,3.4861427809775236,LUMPY
MED-0058,IMAGING,TRANSDUCERS,2023-07-01,2025-12-01,30,78,2.6,0.0,5.599261034987656,20,6,24,5.0,0.11597633136094673,2.8846153846153846,0.8,0.2,2.1535619365337135,INTERMITTENT
MED-0059,IMAGING,MOTORS,2022-07-01,2025-12-01,42,240,5.714285714285714,5.0,3.006381134542393,16,42,0,1.0,0.2767987804878049,0.8166666666666665,0.0,1.0,0.5261166985449187,STABLE
MED-0060,IMAGING,CONTROL MODULES,2024-07-01,2025-12-01,18,65,3.611111111111111,3.0,2.1182370274771336,7,17,1,1.0588235294117647,0.2670710059171597,1.6615384615384614,0.05555555555555555,0.9444444444444444,0.58658871530136,STABLE
MED-0061,IMAGING,USER INTERFACE,2022-01-01,2025-12-01,48,300,6.25,5.0,5.31757423499483,30,45,3,1.0666666666666667,0.615681818181818,1.32,0.0625,0.9375,0.8508118775991729,STABLE
MED-0062,IMAGING,MOTORS,2022-07-01,2025-12-01,42,163,3.880952380952381,4.0,3.0379901969396657,13,36,6,1.1666666666666667,0.38043477091992267,1.4171779141104295,0.14285714285714285,0.8571428571428571,0.7827950200703433,STABLE
MED-0063,IMAGING,CONTROL MODULES,2022-01-01,2025-12-01,48,195,4.0625,3.0,3.00642043463439,13,46,2,1.0434782608695652,0.4827362115567245,1.2923076923076924,0.041666666666666664,0.9583333333333334,0.7400419531407729,STABLE
MED-0064,IMAGING,POWER COMPONENTS,2023-07-01,2025-12-01,30,21,0.7,0.0,2.818045299555142,14,2,28,15.0,0.2222222222222222,6.666666666666668,0.9333333333333333,0.06666666666666667,4.025778999364489,LUMPY
MED-0065,IMAGING,MOTORS,2022-01-01,2025-12-01,48,49,1.0208333333333333,0.0,2.0883627235823345,8,11,37,4.363636363636363,0.18508954602249067,2.4489795918367347,0.7708333333333334,0.22916666666666666,2.045743076162287,INTERMITTENT
MED-0066,IMAGING,TRANSDUCERS,2022-01-01,2025-12-01,48,103,2.1458333333333335,0.0,4.672188349331735,17,10,38,4.8,0.1949078874331019,3.145631067961165,0.7916666666666666,0.20833333333333334,2.177330492892459,INTERMITTENT
MED-0067,IMAGING,POWER COMPONENTS,2024-07-01,2025-12-01,18,55,3.0555555555555554,2.0,2.4125218005042974,8,17,1,1.0588235294117647,0.531776859504132,2.4545454545454546,0.05555555555555555,0.9444444444444444,0.789552589255952,STABLE
MED-0068,IMAGING,USER INTERFACE,2022-07-01,2025-12-01,42,198,4.714285714285714,4.0,3.094335613986637,18,41,1,1.024390243902439,0.39641490664217954,1.5555555555555556,0.023809523809523808,0.9761904761904762,0.6563742211486806,STABLE
MED-0069,IMAGING,COOLING COMPONENTS,2022-01-01,2025-12-01,48,55,1.1458333333333333,0.0,2.031555146201239,8,16,32,3.0,0.3832947658402203,2.8363636363636364,0.6666666666666666,0.3333333333333333,1.7729935821392633,STABLE
MED-0070,IMAGING,USER INTERFACE,2022-01-01,2025-12-01,48,77,1.6041666666666667,0.0,4.108836266023862,14,7,41,6.857142857142857,0.09641873278236912,2.9610389610389607,0.8541666666666666,0.14583333333333334,2.561352477521368,INTERMITTENT
MED-0071,IMAGING,DETECTOR COMPONENTS,2023-07-01,2025-12-01,30,23,0.7666666666666667,0.0,2.0625283000496615,8,4,26,7.5,0.08821676118462508,3.478260869565217,0.8666666666666667,0.13333333333333333,2.6902543044126017,INTERMITTENT
MED-0072,IMAGING,COOLING COMPONENTS,2023-07-01,2025-12-01,30,26,0.8666666666666667,0.0,1.9070347687431926,7,6,24,5.0,0.16331360946745566,2.8846153846153846,0.8,0.2,2.2004247331652222,INTERMITTENT
MED-0073,IMAGING,TRANSDUCERS,2022-01-01,2025-12-01,48,54,1.125,0.0,2.9937878945320775,12,7,41,6.857142857142857,0.18324188385916781,4.444444444444445,0.8541666666666666,0.14583333333333334,2.6611447951396245,INTERMITTENT
MED-0074,IMAGING,USER INTERFACE,2022-01-01,2025-12-01,48,114,2.375,0.0,6.632046633822133,40,10,38,4.8,0.8877945350706201,4.2105263157894735,0.7916666666666666,0.20833333333333334,2.792440687925109,INTERMITTENT
MED-0075,IMAGING,DETECTOR COMPONENTS,2022-01-01,2025-12-01,48,123,2.5625,0.0,5.136048029536146,18,11,37,4.363636363636363,0.14367109524753782,2.731707317073171,0.7708333333333334,0.22916666666666666,2.004311426160447,INTERMITTENT
MED-0076,IMAGING,POWER COMPONENTS,2024-01-01,2025-12-01,24,82,3.4166666666666665,3.0,1.9318084941243565,6,23,1,1.0434782608695652,0.2633848899464605,1.1707317073170733,0.041666666666666664,0.9583333333333334,0.565407364133958,STABLE
MED-0077,IMAGING,POWER COMPONENTS,2022-01-01,2025-12-01,48,97,2.0208333333333335,2.0,1.5776306410932541,6,41,7,1.170731707317073,0.3730045700924648,0.9896907216494845,0.14583333333333334,0.8541666666666666,0.7806832038399607,STABLE
MED-0078,IMAGING,CABLES,2022-01-01,2025-12-01,48,60,1.25,0.0,2.07825622486021,6,14,34,3.4285714285714284,0.08735042735042733,2.2,0.7083333333333334,0.2916666666666667,1.6626049798881681,STABLE
MED-0079,IMAGING,COOLING COMPONENTS,2023-07-01,2025-12-01,30,34,1.1333333333333333,0.0,2.4173700918393815,8,7,23,4.285714285714286,0.30276816608996543,4.852941176470589,0.7666666666666667,0.23333333333333334,2.132973610446513,INTERMITTENT
MED-0080,IMAGING,COOLING COMPONENTS,2022-01-01,2025-12-01,48,53,1.1041666666666667,0.0,2.9263264556133675,17,11,37,4.363636363636363,0.8857956568173725,3.8490566037735845,0.7708333333333334,0.22916666666666666,2.6502579220649363,INTERMITTENT
MED-0081,IMAGING,CONTROL MODULES,2023-01-01,2025-12-01,36,170,4.722222222222222,5.0,2.05093861593886,11,35,1,1.0285714285714285,0.15494606146957055,0.7058823529411765,0.027777777777777776,0.9722222222222222,0.4343164127870527,STABLE
MED-0082,IMAGING,MOTORS,2023-01-01,2025-12-01,36,59,1.6388888888888888,0.0,3.339399242616447,17,12,24,3.0,0.7405395523752317,3.457627118644068,0.6666666666666666,0.3333333333333333,2.0375995378676626,STABLE
MED-0083,IMAGING,DETECTOR COMPONENTS,2022-01-01,2025-12-01,48,95,1.9791666666666667,0.0,5.021187379000654,26,9,39,5.333333333333333,0.4153462603878115,3.2842105263157895,0.8125,0.1875,2.5370209914950674,INTERMITTENT
MED-0084,IMAGING,TRANSDUCERS,2022-01-01,2025-12-01,48,96,2.0,0.0,4.617266392159999,20,9,39,5.333333333333333,0.18676757812500008,2.625,0.8125,0.1875,2.3086331960799993,INTERMITTENT
MED-0085,IMAGING,CONTROL MODULES,2022-01-01,2025-12-01,48,62,1.2916666666666667,0.0,3.280881649368523,15,8,40,6.0,0.2509290917199346,2.9032258064516125,0.8333333333333334,0.16666666666666666,2.5400374059627273,INTERMITTENT
MED-0086,IMAGING,CONTROL MODULES,2023-07-01,2025-12-01,30,67,2.2333333333333334,2.0,1.304721752165845,6,30,0,1.0,0.3412940444458101,0.8208955223880597,0.0,1.0,0.5842037696264978,STABLE
MED-0087,IMAGING,CONTROL MODULES,2023-01-01,2025-12-01,36,96,2.6666666666666665,0.0,7.4565407529228995,35,5,31,7.2,0.24332682291666666,4.375,0.8611111111111112,0.1388888888888889,2.7962027823460875,INTERMITTENT
MED-0088,IMAGING,CONTROL MODULES,2022-01-01,2025-12-01,48,136,2.8333333333333335,2.0,1.982190206358713,7,43,5,1.1162790697674418,0.3328930837040699,1.5,0.10416666666666667,0.8958333333333334,0.6995965434207222,STABLE
MED-0089,IMAGING,USER INTERFACE,2023-01-01,2025-12-01,36,117,3.25,2.0,4.33836703973149,23,32,4,1.125,1.474902146531592,2.769230769230769,0.1111111111111111,0.8888888888888888,1.3348821660712278,ERRATIC
MED-0090,IMAGING,POWER COMPONENTS,2023-01-01,2025-12-01,36,101,2.8055555555555554,3.0,1.7373122828823746,7,32,4,1.125,0.22737808753727498,1.0693069306930694,0.1111111111111111,0.8888888888888888,0.6192400216214405,STABLE
MED-0091,IMAGING,DETECTOR COMPONENTS,2022-01-01,2025-12-01,48,119,2.4791666666666665,0.0,10.353310876202393,68,6,42,8.0,1.5115034248993726,8.974789915966387,0.875,0.125,4.176125395442982,LUMPY
MED-0092,IMAGING,USER INTERFACE,2022-01-01,2025-12-01,48,264,5.5,5.0,3.3580642853704945,22,48,0,1.0,0.3727800246175487,1.0,0.0,1.0,0.6105571427946354,STABLE
MED-0093,IMAGING,COOLING COMPONENTS,2024-01-01,2025-12-01,24,107,4.458333333333333,0.0,9.445399923250731,39,6,18,4.0,0.3904271115381257,4.373831775700935,0.75,0.25,2.118594375308575,INTERMITTENT
MED-0094,IMAGING,TRANSDUCERS,2022-01-01,2025-12-01,48,141,2.9375,0.0,9.73348300914743,59,7,41,6.857142857142857,0.8325872273359826,5.0212765957446805,0.8541666666666666,0.14583333333333334,3.313526130773593,INTERMITTENT
MED-0095,IMAGING,MOTORS,2022-07-01,2025-12-01,42,54,1.2857142857142858,0.0,2.491798393419796,11,11,31,3.8181818181818183,0.24444444444444444,2.9166666666666665,0.7380952380952381,0.2619047619047619,1.9380654171042857,STABLE
MED-0096,IMAGING,USER INTERFACE,2022-01-01,2025-12-01,48,245,5.104166666666667,4.0,4.367381918574907,21,42,6,1.1428571428571428,0.5145246391239424,1.5183673469387755,0.125,0.875,0.8556503350677368,STABLE
MED-0097,IMAGING,POWER COMPONENTS,2022-07-01,2025-12-01,42,70,1.6666666666666667,0.0,5.367774970141847,30,6,36,7.0,0.7072653061224491,8.799999999999999,0.8571428571428571,0.14285714285714285,3.2206649820851077,INTERMITTENT
MED-0098,IMAGING,DETECTOR COMPONENTS,2024-07-01,2025-12-01,18,27,1.5,0.0,3.2038579685049933,11,4,14,4.5,0.23959762231367168,3.6666666666666665,0.7777777777777778,0.2222222222222222,2.135905312336662,INTERMITTENT
MED-0099,IMAGING,POWER COMPONENTS,2022-07-01,2025-12-01,42,165,3.9285714285714284,3.0,2.512338888345971,11,40,2,1.05,0.3411268865814319,1.1878787878787878,0.047619047619047616,0.9523809523809523,0.6395044443062472,STABLE
MED-0100,IMAGING,COOLING COMPONENTS,2022-01-01,2025-12-01,48,123,2.5625,0.0,6.0596546843543,23,8,40,6.0,0.09057344928849986,2.6341463414634148,0.8333333333333334,0.16666666666666666,2.3647432914553366,INTERMITTENT
MED-0101,IMAGING,POWER COMPONENTS,2024-01-01,2025-12-01,24,68,2.8333333333333335,0.0,7.772116642295668,34,4,20,6.0,0.4913494809688581,6.0,0.8333333333333334,0.16666666666666666,2.743099991398471,INTERMITTENT
MED-0102,IMAGING,CABLES,2022-07-01,2025-12-01,42,48,1.1428571428571428,0.0,2.2477243621855347,8,11,31,3.8181818181818183,0.2759548611111112,3.5,0.7380952380952381,0.2619047619047619,1.9667588169123429,STABLE
MED-0103,IMAGING,POWER COMPONENTS,2022-07-01,2025-12-01,42,86,2.0476190476190474,2.0,1.652084875755937,6,36,6,1.1666666666666667,0.4133199412810014,1.912790697674419,0.14285714285714285,0.8571428571428571,0.8068321486249925,STABLE
MED-0104,IMAGING,CONTROL MODULES,2023-01-01,2025-12-01,36,170,4.722222222222222,5.0,1.814404445558788,9,35,1,1.0285714285714285,0.11505190311418691,0.9882352941176469,0.027777777777777776,0.9722222222222222,0.3842268237653904,STABLE
MED-0105,IMAGING,CONTROL MODULES,2022-01-01,2025-12-01,48,192,4.0,3.0,4.084219761941048,26,44,4,1.0909090909090908,0.8722545219638242,2.1875,0.08333333333333333,0.9166666666666666,1.021054940485262,STABLE
MED-0106,IMAGING,MOTORS,2023-07-01,2025-12-01,30,27,0.9,0.0,1.6049492418657723,5,9,21,3.3333333333333335,0.25,2.962962962962963,0.7,0.3,1.7832769354064135,STABLE
MED-0107,IMAGING,USER INTERFACE,2023-07-01,2025-12-01,30,90,3.0,0.0,6.130759079963241,23,7,23,4.285714285714286,0.20452674897119344,3.3333333333333335,0.7666666666666667,0.23333333333333334,2.043586359987747,INTERMITTENT
MED-0108,IMAGING,CONTROL MODULES,2023-01-01,2025-12-01,36,84,2.3333333333333335,2.0,1.4735767952260146,5,32,4,1.125,0.24109428717723652,1.4285714285714286,0.1111111111111111,0.8888888888888888,0.6315329122397205,STABLE
MED-0109,IMAGING,USER INTERFACE,2022-01-01,2025-12-01,48,220,4.583333333333333,4.5,2.735373741108534,11,43,5,1.1162790697674418,0.21322314049586774,1.0363636363636364,0.10416666666666667,0.8958333333333334,0.596808816241862,STABLE
MED-0110,IMAGING,TRANSDUCERS,2022-01-01,2025-12-01,48,209,4.354166666666667,0.0,11.534388147148421,59,11,37,4.363636363636363,0.8842105263157896,3.38755980861244,0.7708333333333334,0.22916666666666666,2.6490460816417425,INTERMITTENT
MED-0111,IMAGING,POWER COMPONENTS,2022-01-01,2025-12-01,48,108,2.25,1.5,2.07825622486021,7,37,11,1.2972972972972974,0.42630220240816946,1.3333333333333333,0.22916666666666666,0.7708333333333334,0.9236694332712045,STABLE
MED-0112,IMAGING,CABLES,2022-07-01,2025-12-01,42,70,1.6666666666666667,0.0,2.7020016669369546,10,14,28,3.0,0.20307692307692307,2.5999999999999996,0.6666666666666666,0.3333333333333333,1.6212010001621726,STABLE
MED-0113,IMAGING,USER INTERFACE,2022-01-01,2025-12-01,48,173,3.6041666666666665,3.5,1.8304700400104579,8,47,1,1.0212765957446808,0.23139255658682065,0.9017341040462428,0.020833333333333332,0.9791666666666666,0.5078760804653294,STABLE
MED-0114,IMAGING,USER INTERFACE,2023-01-01,2025-12-01,36,57,1.5833333333333333,0.0,6.058641997770031,34,4,32,9.0,0.9237714168462089,9.263157894736842,0.8888888888888888,0.1111111111111111,3.826510735433704,INTERMITTENT
MED-0115,IMAGING,MOTORS,2022-07-01,2025-12-01,42,150,3.5714285714285716,3.0,3.6233851383239926,15,34,8,1.2352941176470589,0.6418101010101009,1.68,0.19047619047619047,0.8095238095238095,1.0145478387307179,STABLE
MED-0116,IMAGING,DETECTOR COMPONENTS,2024-07-01,2025-12-01,18,73,4.055555555555555,0.0,12.060983386997842,50,3,15,6.0,0.8382435729029837,12.328767123287673,0.8333333333333334,0.16666666666666666,2.9739411091227557,INTERMITTENT
MED-0117,IMAGING,CONTROL MODULES,2022-01-01,2025-12-01,48,169,3.5208333333333335,4.0,1.8564388619685137,8,45,3,1.0666666666666667,0.19709011971187665,0.7100591715976331,0.0625,0.9375,0.5272725761804062,STABLE
MED-0118,IMAGING,TRANSDUCERS,2022-01-01,2025-12-01,48,45,0.9375,0.0,1.8382027531537775,8,12,36,4.0,0.2084848484848485,2.6666666666666665,0.75,0.25,1.9607496033640293,INTERMITTENT
MED-0119,IMAGING,USER INTERFACE,2024-07-01,2025-12-01,18,11,0.6111111111111112,0.0,2.592724864350674,11,1,17,18.0,0.0,18.0,0.9444444444444444,0.05555555555555555,4.242640687119285,LUMPY
MED-0120,IMAGING,CABLES,2022-01-01,2025-12-01,48,66,1.375,0.0,2.3845691880853357,9,16,32,3.0,0.33596571778389955,2.909090909090909,0.6666666666666666,0.3333333333333333,1.734232136789335,STABLE
MED-0121,PATIENT_MONITORING,CABLES,2024-07-01,2025-12-01,18,72,4.0,3.0,2.6346112560657287,10,17,1,1.0588235294117647,0.3521170910493827,1.875,0.05555555555555555,0.9444444444444444,0.6586528140164322,STABLE
MED-0122,PATIENT_MONITORING,CABLES,2022-01-01,2025-12-01,48,76,1.5833333333333333,0.0,3.106844423125102,14,13,35,3.6923076923076925,0.3162222991689751,2.5263157894736845,0.7291666666666666,0.2708333333333333,1.9622175303948013,STABLE
MED-0123,PATIENT_MONITORING,SENSORS,2022-01-01,2025-12-01,48,306,6.375,6.0,5.510628029235483,28,43,5,1.1162790697674418,0.5643876286898201,1.3725490196078431,0.10416666666666667,0.8958333333333334,0.8644122398800758,STABLE
MED-0124,PATIENT_MONITORING,CONTROL MODULES,2022-01-01,2025-12-01,48,208,4.333333333333333,4.0,2.762463696369396,11,42,6,1.1428571428571428,0.22863147640352133,1.0961538461538463,0.125,0.875,0.6374916222390914,STABLE
MED-0125,PATIENT_MONITORING,SENSORS,2022-01-01,2025-12-01,48,355,7.395833333333333,6.5,4.301111105003991,18,47,1,1.0212765957446808,0.3100282035137955,1.0140845070422535,0.020833333333333332,0.9791666666666666,0.581558684620258,STABLE
MED-0126,PATIENT_MONITORING,CABLES,2023-07-01,2025-12-01,30,120,4.0,4.0,2.051072049374214,9,29,1,1.0344827586206897,0.21994543650793646,1.1666666666666665,0.03333333333333333,0.9666666666666667,0.5127680123435535,STABLE
MED-0127,PATIENT_MONITORING,POWER COMPONENTS,2022-01-01,2025-12-01,48,142,2.9583333333333335,2.5,2.153259116477865,9,44,4,1.0909090909090908,0.4013046507014573,0.5915492957746479,0.08333333333333333,0.9166666666666666,0.727862236555898,STABLE
MED-0128,PATIENT_MONITORING,MECHANICAL COMPONENTS,2024-07-01,2025-12-01,18,79,4.388888888888889,0.0,8.451514927819947,26,5,13,3.6,0.3132510815574428,5.924050632911392,0.7222222222222222,0.2777777777777778,1.925661629123532,STABLE
MED-0129,PATIENT_MONITORING,CABLES,2022-01-01,2025-12-01,48,257,5.354166666666667,5.0,2.9785730078546955,21,48,0,1.0,0.3094800990753802,1.027237354085603,0.0,1.0,0.556309355552628,STABLE
MED-0130,PATIENT_MONITORING,CABLES,2024-07-01,2025-12-01,18,85,4.722222222222222,4.5,1.903728711380891,8,17,1,1.0588235294117647,0.095,1.1647058823529413,0.05555555555555555,0.9444444444444444,0.40314255064536514,STABLE
MED-0131,PATIENT_MONITORING,CONTROL MODULES,2022-01-01,2025-12-01,48,252,5.25,5.0,4.1436955445540935,29,47,1,1.0212765957446808,0.5889673502251143,1.380952380952381,0.020833333333333332,0.9791666666666666,0.7892753418198273,STABLE
MED-0132,PATIENT_MONITORING,SENSOR MODULES,2023-07-01,2025-12-01,30,8,0.26666666666666666,0.0,1.048260737942924,5,2,28,15.0,0.12500000000000003,6.25,0.9333333333333333,0.06666666666666667,3.9309777672859654,LUMPY
MED-0133,PATIENT_MONITORING,CABLES,2022-01-01,2025-12-01,48,268,5.583333333333333,5.0,2.210548534345047,12,48,0,1.0,0.15675196579819228,0.7164179104477613,0.0,1.0,0.39591914047970994,STABLE
MED-0134,PATIENT_MONITORING,POWER COMPONENTS,2024-07-01,2025-12-01,18,93,5.166666666666667,5.5,4.314817152420659,14,15,3,1.2,0.4095436301471682,2.7096774193548385,0.16666666666666666,0.8333333333333334,0.8351259004685145,STABLE
MED-0135,PATIENT_MONITORING,POWER COMPONENTS,2024-07-01,2025-12-01,18,96,5.333333333333333,5.0,2.6121886248440607,12,18,0,1.0,0.2398897058823529,1.59375,0.0,1.0,0.4897853671582614,STABLE
MED-0136,PATIENT_MONITORING,SENSOR MODULES,2022-01-01,2025-12-01,48,213,4.4375,4.0,2.916616007665427,17,47,1,1.0212765957446808,0.40190342572547605,1.0704225352112675,0.020833333333333332,0.9791666666666666,0.6572655791922088,STABLE
MED-0137,PATIENT_MONITORING,MECHANICAL COMPONENTS,2022-01-01,2025-12-01,48,67,1.3958333333333333,0.0,3.3942353090693835,16,9,39,5.333333333333333,0.3072510581421253,2.865671641791045,0.8125,0.1875,2.4316909676914986,INTERMITTENT
MED-0138,PATIENT_MONITORING,DISPLAY COMPONENTS,2022-01-01,2025-12-01,48,218,4.541666666666667,0.0,11.564726879672449,70,12,36,4.0,0.9133299156024512,4.403669724770642,0.75,0.25,2.5463618817627407,INTERMITTENT
MED-0139,PATIENT_MONITORING,CABLES,2023-07-01,2025-12-01,30,164,5.466666666666667,5.5,2.208655907908751,10,30,0,1.0,0.1632341176229256,0.8536585365853657,0.0,1.0,0.4040224221784301,STABLE
MED-0140,PATIENT_MONITORING,ELECTRODES,2022-01-01,2025-12-01,48,144,3.0,0.0,8.039794641179613,38,11,37,4.363636363636363,0.9248360339506171,3.9166666666666665,0.7708333333333334,0.22916666666666666,2.679931547059871,INTERMITTENT
MED-0141,PATIENT_MONITORING,MECHANICAL COMPONENTS,2023-07-01,2025-12-01,30,134,4.466666666666667,0.0,12.689211636426554,65,6,24,5.0,0.9123635553575409,7.276119402985074,0.8,0.2,2.840868276811915,INTERMITTENT
MED-0142,PATIENT_MONITORING,SENSOR MODULES,2022-01-01,2025-12-01,48,165,3.4375,3.0,2.0411328727584883,10,45,3,1.0666666666666667,0.26709241172051096,0.7272727272727273,0.0625,0.9375,0.593784108438833,STABLE
MED-0143,PATIENT_MONITORING,CABLES,2024-01-01,2025-12-01,24,22,0.9166666666666666,0.0,3.574263884891626,17,2,22,12.0,0.5950413223140495,9.272727272727273,0.9166666666666666,0.08333333333333333,3.899196965336319,LUMPY
MED-0144,PATIENT_MONITORING,CONTROL MODULES,2022-01-01,2025-12-01,48,206,4.291666666666667,4.0,2.431690886477121,9,46,2,1.0434782608695652,0.2653596003393344,0.9902912621359222,0.041666666666666664,0.9583333333333334,0.5666075851985525,STABLE
MED-0145,PATIENT_MONITORING,CABLES,2022-01-01,2025-12-01,48,240,5.0,5.0,3.3958673256794087,21,46,2,1.0434782608695652,0.39987345679012337,0.7,0.041666666666666664,0.9583333333333334,0.6791734651358817,STABLE
MED-0146,PATIENT_MONITORING,ELECTRODES,2023-01-01,2025-12-01,36,52,1.4444444444444444,0.0,3.1481917208313583,11,7,29,5.142857142857143,0.10786489151873767,4.615384615384616,0.8055555555555556,0.19444444444444445,2.1795173451909404,INTERMITTENT
MED-0147,PATIENT_MONITORING,CABLES,2022-01-01,2025-12-01,48,77,1.6041666666666667,0.0,2.79619485618561,9,14,34,3.4285714285714284,0.17164653528289892,2.6493506493506493,0.7083333333333334,0.2916666666666667,1.7430825077520684,STABLE
MED-0148,PATIENT_MONITORING,POWER COMPONENTS,2022-01-01,2025-12-01,48,186,3.875,4.0,1.9199401586419191,10,48,0,1.0,0.24548896318108354,0.6451612903225806,0.0,1.0,0.4954684280366243,STABLE
MED-0149,PATIENT_MONITORING,SENSOR MODULES,2023-01-01,2025-12-01,36,54,1.5,0.0,6.276941930590086,36,3,33,12.0,0.7530864197530864,8.0,0.9166666666666666,0.08333333333333333,4.184627953726724,LUMPY
MED-0150,PATIENT_MONITORING,MECHANICAL COMPONENTS,2022-07-01,2025-12-01,42,85,2.0238095238095237,0.0,4.826189201299131,27,10,32,4.2,0.6220684352172241,3.335294117647059,0.7619047619047619,0.23809523809523808,2.3847052524066297,INTERMITTENT
MED-0151,PATIENT_MONITORING,MECHANICAL COMPONENTS,2024-07-01,2025-12-01,18,34,1.8888888888888888,0.0,5.789329829028662,24,3,15,6.0,0.9679930795847751,6.352941176470589,0.8333333333333334,0.16666666666666666,3.0649393212504683,INTERMITTENT
MED-0152,PATIENT_MONITORING,CABLES,2023-01-01,2025-12-01,36,97,2.6944444444444446,0.0,4.521816603625738,18,12,24,3.0,0.268408390419231,3.463917525773196,0.6666666666666666,0.3333333333333333,1.6781999766033666,STABLE
MED-0153,PATIENT_MONITORING,ELECTRODES,2023-01-01,2025-12-01,36,39,1.0833333333333333,0.0,2.8422827847649903,15,7,29,5.142857142857143,0.5783475783475786,4.615384615384616,0.8055555555555556,0.19444444444444445,2.6236456474753758,INTERMITTENT
MED-0154,PATIENT_MONITORING,ELECTRODES,2023-07-01,2025-12-01,30,40,1.3333333333333333,0.0,3.1440511241492826,12,5,25,6.0,0.07812500000000001,7.125,0.8333333333333334,0.16666666666666666,2.358038343111962,INTERMITTENT
MED-0155,PATIENT_MONITORING,CONTROL MODULES,2022-01-01,2025-12-01,48,193,4.020833333333333,4.0,2.2264329197393957,10,48,0,1.0,0.3066105444498582,1.1813471502590673,0.0,1.0,0.5537242494688653,STABLE
MED-0156,PATIENT_MONITORING,MECHANICAL COMPONENTS,2022-01-01,2025-12-01,48,176,3.6666666666666665,0.0,7.91264362131988,42,12,36,4.0,0.42543200601051845,3.9545454545454546,0.75,0.25,2.157993714905422,INTERMITTENT
MED-0157,PATIENT_MONITORING,ELECTRODES,2024-07-01,2025-12-01,18,3,0.16666666666666666,0.0,0.7071067811865476,3,1,17,18.0,0.0,9.0,0.9444444444444444,0.05555555555555555,4.242640687119286,LUMPY
MED-0158,PATIENT_MONITORING,CABLES,2022-01-01,2025-12-01,48,54,1.125,0.0,2.702441764286828,14,11,37,4.363636363636363,0.5764060356652947,3.5555555555555554,0.7708333333333334,0.22916666666666666,2.402170457143847,INTERMITTENT
MED-0159,PATIENT_MONITORING,SENSORS,2024-01-01,2025-12-01,24,39,1.625,0.0,3.333786201120673,11,5,19,4.8,0.06081525312294543,5.230769230769231,0.7916666666666666,0.20833333333333334,2.051560739151183,INTERMITTENT
MED-0160,PATIENT_MONITORING,CABLES,2023-01-01,2025-12-01,36,129,3.5833333333333335,3.0,2.3099165105506057,9,34,2,1.0588235294117647,0.33588089293876205,1.302325581395349,0.05555555555555555,0.9444444444444444,0.6446278634094713,STABLE
MED-0161,PATIENT_MONITORING,DISPLAY COMPONENTS,2024-01-01,2025-12-01,24,104,4.333333333333333,3.0,3.2925035626624504,14,24,0,1.0,0.5773089786467714,1.7307692307692308,0.0,1.0,0.7598085144605655,STABLE
MED-0162,PATIENT_MONITORING,CONTROL MODULES,2022-07-01,2025-12-01,42,171,4.071428571428571,4.0,2.1229622326162523,9,41,1,1.024390243902439,0.24116822270100202,1.2280701754385965,0.023809523809523808,0.9761904761904762,0.5214293202917111,STABLE
MED-0163,PATIENT_MONITORING,POWER COMPONENTS,2022-07-01,2025-12-01,42,127,3.0238095238095237,2.0,1.8278081667782402,7,40,2,1.05,0.29957188119504446,0.9370078740157479,0.047619047619047616,0.9523809523809523,0.6044719921628826,STABLE
MED-0164,PATIENT_MONITORING,SENSORS,2024-07-01,2025-12-01,18,31,1.7222222222222223,0.0,4.098860036006505,13,3,15,6.0,0.08740894901144639,3.7741935483870965,0.8333333333333334,0.16666666666666666,2.3799832467134543,INTERMITTENT
MED-0165,PATIENT_MONITORING,CONTROL MODULES,2023-01-01,2025-12-01,36,210,5.833333333333333,4.0,6.754892406883431,34,35,1,1.0285714285714285,1.2761437908496729,1.7714285714285716,0.027777777777777776,0.9722222222222222,1.1579815554657311,ERRATIC
MED-0166,PATIENT_MONITORING,SENSORS,2022-01-01,2025-12-01,48,79,1.6458333333333333,0.0,3.097628353828089,16,15,33,3.2,0.4247258909973221,2.430379746835443,0.6875,0.3125,1.8821033035917503,STABLE
MED-0167,PATIENT_MONITORING,MECHANICAL COMPONENTS,2022-01-01,2025-12-01,48,319,6.645833333333333,7.0,2.4537386440559095,12,48,0,1.0,0.13631941510008747,0.6018808777429467,0.0,1.0,0.3692145922090397,STABLE
MED-0168,PATIENT_MONITORING,SENSORS,2024-07-01,2025-12-01,18,53,2.9444444444444446,0.0,3.489011695936126,8,8,10,2.25,0.03865127396633271,2.7169811320754715,0.5555555555555556,0.4444444444444444,1.1849473684311371,STABLE
MED-0169,PATIENT_MONITORING,DISPLAY COMPONENTS,2022-07-01,2025-12-01,42,204,4.857142857142857,5.0,2.2907175206868877,10,41,1,1.024390243902439,0.1928525086505191,0.5490196078431373,0.023809523809523808,0.9761904761904762,0.47161831308259455,STABLE
MED-0170,PATIENT_MONITORING,DISPLAY COMPONENTS,2022-01-01,2025-12-01,48,382,7.958333333333333,6.0,6.655531480714379,40,48,0,1.0,0.6993929221098479,1.7591623036649215,0.0,1.0,0.8362971494091367,STABLE
MED-0171,PATIENT_MONITORING,MECHANICAL COMPONENTS,2023-07-01,2025-12-01,30,59,1.9666666666666666,0.0,6.217235960497698,33,6,24,5.0,1.3585751220913524,5.593220338983051,0.8,0.2,3.16130642059205,LUMPY
MED-0172,PATIENT_MONITORING,CABLES,2024-07-01,2025-12-01,18,3,0.16666666666666666,0.0,0.7071067811865476,3,1,17,18.0,0.0,18.0,0.9444444444444444,0.05555555555555555,4.242640687119286,LUMPY
MED-0173,PATIENT_MONITORING,CABLES,2022-01-01,2025-12-01,48,84,1.75,0.0,3.232152303131506,16,16,32,3.0,0.47649281934996224,3.4285714285714284,0.6666666666666666,0.3333333333333333,1.8469441732180034,STABLE
MED-0174,PATIENT_MONITORING,SENSOR MODULES,2022-01-01,2025-12-01,48,69,1.4375,0.0,2.9815478630359884,15,13,35,3.6923076923076925,0.4459847371000492,2.608695652173913,0.7291666666666666,0.2708333333333333,2.0741202525467743,STABLE
MED-0175,PATIENT_MONITORING,ELECTRODES,2024-01-01,2025-12-01,24,14,0.5833333333333334,0.0,2.165272684236664,10,2,22,12.0,0.3673469387755101,8.571428571428571,0.9166666666666666,0.08333333333333333,3.7118960301199952,LUMPY
MED-0176,PATIENT_MONITORING,POWER COMPONENTS,2024-07-01,2025-12-01,18,68,3.7777777777777777,3.0,3.020626260651249,12,18,0,1.0,0.6393242418074497,2.3823529411764706,0.0,1.0,0.7995775395841542,STABLE
MED-0177,PATIENT_MONITORING,MECHANICAL COMPONENTS,2024-07-01,2025-12-01,18,93,5.166666666666667,4.5,2.8127859331777016,10,17,1,1.0588235294117647,0.22186090877558093,1.3548387096774193,0.05555555555555555,0.9444444444444444,0.544410180615039,STABLE
MED-0178,PATIENT_MONITORING,ELECTRODES,2022-01-01,2025-12-01,48,245,5.104166666666667,0.0,20.098946286906973,128,7,41,6.857142857142857,1.5866666666666664,6.2693877551020405,0.8541666666666666,0.14583333333333334,3.937752741924631,LUMPY
MED-0179,PATIENT_MONITORING,SENSOR MODULES,2022-01-01,2025-12-01,48,57,1.1875,0.0,2.7105487392934124,13,11,37,4.363636363636363,0.43810403200984915,4.421052631578948,0.7708333333333334,0.22916666666666666,2.282567359404979,INTERMITTENT
MED-0180,PATIENT_MONITORING,ELECTRODES,2022-07-01,2025-12-01,42,52,1.2380952380952381,0.0,5.533972788149285,34,3,39,14.0,0.6967455621301776,6.865384615384615,0.9285714285714286,0.07142857142857142,4.46974725196673,LUMPY
MED-0181,PATIENT_MONITORING,CONTROL MODULES,2022-01-01,2025-12-01,48,153,3.1875,3.0,2.531976353625592,11,41,7,1.170731707317073,0.3914520056388569,1.4901960784313726,0.14583333333333334,0.8541666666666666,0.7943455227060682,STABLE
MED-0182,PATIENT_MONITORING,ELECTRODES,2024-01-01,2025-12-01,24,15,0.625,0.0,2.355613092907717,11,2,22,12.0,0.43555555555555553,8.8,0.9166666666666666,0.08333333333333333,3.7689809486523473,LUMPY
MED-0183,PATIENT_MONITORING,SENSORS,2023-01-01,2025-12-01,36,28,0.7777777777777778,0.0,3.347588565870843,19,3,33,12.0,0.8762755102040813,11.142857142857142,0.9166666666666666,0.08333333333333333,4.304042441833941,LUMPY
MED-0184,PATIENT_MONITORING,SENSORS,2024-01-01,2025-12-01,24,112,4.666666666666667,0.0,13.492885940913188,54,4,20,6.0,0.6692176870748298,5.785714285714286,0.8333333333333334,0.16666666666666666,2.8913327016242545,INTERMITTENT
MED-0185,PATIENT_MONITORING,CABLES,2022-01-01,2025-12-01,48,35,0.7291666666666666,0.0,2.1609649473200854,12,7,41,6.857142857142857,0.4666666666666666,5.142857142857143,0.8541666666666666,0.14583333333333334,2.963609070610403,INTERMITTENT
MED-0186,PATIENT_MONITORING,SENSOR MODULES,2023-07-01,2025-12-01,30,45,1.5,0.0,2.7386127875258306,10,9,21,3.3333333333333335,0.29999999999999993,3.0,0.7,0.3,1.8257418583505538,STABLE
MED-0187,PATIENT_MONITORING,CONTROL MODULES,2024-01-01,2025-12-01,24,35,1.4583333333333333,0.0,5.200160253940898,23,2,22,12.0,0.19755102040816322,7.885714285714286,0.9166666666666666,0.08333333333333333,3.565824174130902,LUMPY
MED-0188,PATIENT_MONITORING,CABLES,2022-07-01,2025-12-01,42,274,6.523809523809524,6.0,2.4518593764443968,12,42,0,1.0,0.14125003736051536,0.5748175182481752,0.0,1.0,0.3758324591630097,STABLE
MED-0189,PATIENT_MONITORING,CABLES,2022-01-01,2025-12-01,48,276,5.75,6.0,2.522241488767397,12,46,2,1.0434782608695652,0.14197530864197527,0.5217391304347826,0.041666666666666664,0.9583333333333334,0.4386506936986777,STABLE
MED-0190,PATIENT_MONITORING,DISPLAY COMPONENTS,2023-01-01,2025-12-01,36,116,3.2222222222222223,2.5,2.2942301679413215,9,32,4,1.125,0.3375397951747153,1.3448275862068964,0.1111111111111111,0.8888888888888888,0.7120024659128239,STABLE
MED-0191,PATIENT_MONITORING,MECHANICAL COMPONENTS,2022-01-01,2025-12-01,48,104,2.1666666666666665,0.0,6.758236372401325,38,7,41,6.857142857142857,0.6243219921104536,4.384615384615385,0.8541666666666666,0.14583333333333334,3.119186018031381,INTERMITTENT
MED-0192,PATIENT_MONITORING,CABLES,2022-01-01,2025-12-01,48,75,1.5625,0.0,3.01701733787217,9,13,35,3.6923076923076925,0.28118518518518526,2.88,0.7291666666666666,0.2708333333333333,1.9308910962381887,STABLE
MED-0193,PATIENT_MONITORING,MECHANICAL COMPONENTS,2022-07-01,2025-12-01,42,260,6.190476190476191,0.0,11.801690857024902,55,11,31,3.8181818181818183,0.21023668639053256,2.9615384615384612,0.7380952380952381,0.2619047619047619,1.9064269845963302,STABLE
MED-0194,PATIENT_MONITORING,ELECTRODES,2022-01-01,2025-12-01,48,122,2.5416666666666665,0.0,9.673298043349073,63,6,42,8.0,1.0774522977694172,6.19672131147541,0.875,0.125,3.805887754760291,LUMPY
MED-0195,PATIENT_MONITORING,ELECTRODES,2022-01-01,2025-12-01,48,26,0.5416666666666666,0.0,2.592610885897411,17,3,45,16.0,0.6967455621301776,10.153846153846155,0.9375,0.0625,4.7863585585798365,LUMPY
MED-0196,PATIENT_MONITORING,MECHANICAL COMPONENTS,2023-07-01,2025-12-01,30,44,1.4666666666666666,0.0,3.729965640345889,15,5,25,6.0,0.26084710743801653,5.909090909090909,0.8333333333333334,0.16666666666666666,2.5431583911449245,INTERMITTENT
MED-0197,PATIENT_MONITORING,CABLES,2024-01-01,2025-12-01,24,27,1.125,0.0,2.3277625009587135,8,5,19,4.8,0.07887517146776404,4.0,0.7916666666666666,0.20833333333333334,2.069122223074412,INTERMITTENT
MED-0198,PATIENT_MONITORING,MECHANICAL COMPONENTS,2022-01-01,2025-12-01,48,56,1.1666666666666667,0.0,4.999290729835427,30,3,45,16.0,0.2793367346938776,6.428571428571428,0.9375,0.0625,4.285106339858937,LUMPY
MED-0199,PATIENT_MONITORING,POWER COMPONENTS,2024-01-01,2025-12-01,24,3,0.125,0.0,0.6123724356957945,3,1,23,24.0,0.0,12.0,0.9583333333333334,0.041666666666666664,4.898979485566356,LUMPY
MED-0200,PATIENT_MONITORING,CONTROL MODULES,2023-01-01,2025-12-01,36,168,4.666666666666667,3.0,5.966573556070519,31,33,3,1.0909090909090908,1.4164341517857144,2.571428571428571,0.08333333333333333,0.9166666666666666,1.2785514763008254,ERRATIC
MED-0201,PATIENT_MONITORING,SENSORS,2024-01-01,2025-12-01,24,38,1.5833333333333333,0.0,6.268740020871449,30,2,22,12.0,0.6703601108033241,9.473684210526317,0.9166666666666666,0.08333333333333333,3.9592042237082836,LUMPY
MED-0202,PATIENT_MONITORING,ELECTRODES,2024-01-01,2025-12-01,24,24,1.0,0.0,2.5194892512087685,9,4,20,6.0,0.24074074074074073,7.5,0.8333333333333334,0.16666666666666666,2.5194892512087685,INTERMITTENT
MED-0203,PATIENT_MONITORING,POWER COMPONENTS,2022-07-01,2025-12-01,42,99,2.357142857142857,0.0,7.6023790518091605,44,7,35,6.0,1.0022786790463556,4.666666666666667,0.8333333333333334,0.16666666666666666,3.2252517189493406,LUMPY
MED-0204,PATIENT_MONITORING,CABLES,2024-01-01,2025-12-01,24,122,5.083333333333333,5.0,2.282574188835104,11,23,1,1.0434782608695652,0.15003298233612666,1.180327868852459,0.041666666666666664,0.9583333333333334,0.44903098796756147,STABLE
MED-0205,PATIENT_MONITORING,CONTROL MODULES,2022-01-01,2025-12-01,48,294,6.125,5.5,4.369259151379659,16,44,4,1.0909090909090908,0.38209316316306624,1.0204081632653061,0.08333333333333333,0.9166666666666666,0.7133484328783116,STABLE
MED-0206,PATIENT_MONITORING,SENSORS,2022-01-01,2025-12-01,48,103,2.1458333333333335,0.0,3.859167495570158,12,13,35,3.6923076923076925,0.13928425550633106,3.262135922330097,0.7291666666666666,0.2708333333333333,1.7984469882268697,STABLE
MED-0207,PATIENT_MONITORING,CABLES,2022-01-01,2025-12-01,48,53,1.1041666666666667,0.0,2.0549844264392374,8,14,34,3.4285714285714284,0.30248925158145523,2.2641509433962264,0.7083333333333334,0.2916666666666667,1.861117971114781,STABLE
MED-0208,PATIENT_MONITORING,SENSORS,2022-01-01,2025-12-01,48,62,1.2916666666666667,0.0,5.881664018898536,37,3,45,16.0,0.4971383975026014,7.161290322580645,0.9375,0.0625,4.5535463372117695,LUMPY
MED-0209,PATIENT_MONITORING,SENSORS,2022-01-01,2025-12-01,48,57,1.1875,0.0,2.3215571626764797,7,11,37,4.363636363636363,0.09547553093259466,2.736842105263158,0.7708333333333334,0.22916666666666666,1.9549955054117725,INTERMITTENT
MED-0210,PATIENT_MONITORING,POWER COMPONENTS,2022-07-01,2025-12-01,42,72,1.7142857142857142,0.0,6.141763130844489,34,4,38,10.5,0.38477366255144024,6.611111111111112,0.9047619047619048,0.09523809523809523,3.5826951596592855,INTERMITTENT
MED-0211,PATIENT_MONITORING,CONTROL MODULES,2022-01-01,2025-12-01,48,221,4.604166666666667,5.0,2.367686574762812,9,46,2,1.0434782608695652,0.21107493931555685,1.0316742081447963,0.041666666666666664,0.9583333333333334,0.5142486678217871,STABLE
MED-0212,PATIENT_MONITORING,POWER COMPONENTS,2022-01-01,2025-12-01,48,168,3.5,0.0,6.94047640770844,32,12,36,4.0,0.2319109461966605,2.857142857142857,0.75,0.25,1.9829932593452686,INTERMITTENT
MED-0213,PATIENT_MONITORING,DISPLAY COMPONENTS,2022-01-01,2025-12-01,48,224,4.666666666666667,4.0,4.483223257896247,21,41,7,1.170731707317073,0.6417281170280609,1.5,0.14583333333333334,0.8541666666666666,0.9606906981206244,STABLE
MED-0214,PATIENT_MONITORING,MECHANICAL COMPONENTS,2023-07-01,2025-12-01,30,214,7.133333333333334,6.0,3.794127343520586,18,30,0,1.0,0.28290379223000955,1.4018691588785046,0.0,1.0,0.5318870107739139,STABLE
MED-0215,PATIENT_MONITORING,CABLES,2022-07-01,2025-12-01,42,101,2.4047619047619047,0.0,3.682917214684668,13,15,27,2.8,0.18737658772949428,2.391089108910891,0.6428571428571429,0.35714285714285715,1.531510128878773,STABLE
MED-0216,PATIENT_MONITORING,POWER COMPONENTS,2022-07-01,2025-12-01,42,191,4.5476190476190474,4.5,2.380842041578024,10,41,1,1.024390243902439,0.2433184397357529,0.9528795811518325,0.023809523809523808,0.9761904761904762,0.5235359463155864,STABLE
MED-0217,PATIENT_MONITORING,MECHANICAL COMPONENTS,2024-01-01,2025-12-01,24,35,1.4583333333333333,0.0,2.431302507722552,7,7,17,3.4285714285714284,0.08,3.771428571428572,0.7083333333333334,0.2916666666666667,1.6671788624383215,STABLE
MED-0218,PATIENT_MONITORING,SENSORS,2022-01-01,2025-12-01,48,127,2.6458333333333335,0.0,7.974666226146379,50,9,39,5.333333333333333,0.9622729245458489,4.724409448818897,0.8125,0.1875,3.014047077598631,INTERMITTENT
MED-0219,PATIENT_MONITORING,SENSOR MODULES,2022-07-01,2025-12-01,42,56,1.3333333333333333,0.0,2.0442264523818996,7,15,27,2.8,0.18927660349854225,3.5000000000000004,0.6428571428571429,0.35714285714285715,1.5331698392864248,STABLE
MED-0220,PATIENT_MONITORING,SENSORS,2022-01-01,2025-12-01,48,111,2.3125,0.0,5.878761810579836,26,11,37,4.363636363636363,0.7472607742878012,5.405405405405405,0.7708333333333334,0.22916666666666666,2.542167269439929,INTERMITTENT
MED-0221,PATIENT_MONITORING,ELECTRODES,2023-07-01,2025-12-01,30,19,0.6333333333333333,0.0,1.8842968748696893,8,4,26,7.5,0.3656509695290858,6.315789473684211,0.8666666666666667,0.13333333333333333,2.9752055918995097,INTERMITTENT
MED-0222,PATIENT_MONITORING,DISPLAY COMPONENTS,2023-01-01,2025-12-01,36,227,6.305555555555555,6.5,2.201550680049268,11,36,0,1.0,0.12190195257594195,0.7400881057268722,0.0,1.0,0.34914460124129365,STABLE
MED-0223,PATIENT_MONITORING,SENSOR MODULES,2024-01-01,2025-12-01,24,51,2.125,0.0,5.1271867021068065,18,4,20,6.0,0.12866846084839165,7.764705882352941,0.8333333333333334,0.16666666666666666,2.412793742167909,INTERMITTENT
MED-0224,PATIENT_MONITORING,ELECTRODES,2024-07-01,2025-12-01,18,17,0.9444444444444444,0.0,2.6451336499586917,11,4,14,4.5,1.1580161476355249,5.823529411764706,0.7777777777777778,0.2222222222222222,2.8007297470150854,LUMPY
MED-0225,PATIENT_MONITORING,SENSORS,2022-01-01,2025-12-01,48,84,1.75,0.0,3.083932278418633,13,14,34,3.4285714285714284,0.1923076923076923,2.4285714285714284,0.7083333333333334,0.2916666666666667,1.7622470162392188,STABLE
MED-0226,PATIENT_MONITORING,CONTROL MODULES,2023-01-01,2025-12-01,36,41,1.1388888888888888,0.0,4.5679177987210995,26,4,32,9.0,1.1318659528058694,7.609756097560975,0.8888888888888888,0.1111111111111111,4.0108546525356,LUMPY
MED-0227,PATIENT_MONITORING,SENSOR MODULES,2024-07-01,2025-12-01,18,32,1.7777777777777777,0.0,2.7558612522821364,8,6,12,3.0,0.1078125,2.8125,0.6666666666666666,0.3333333333333333,1.5501719544087018,STABLE
MED-0228,PATIENT_MONITORING,ELECTRODES,2024-07-01,2025-12-01,18,13,0.7222222222222222,0.0,1.9942728456774754,8,3,15,6.0,0.5502958579881658,11.076923076923077,0.8333333333333334,0.16666666666666666,2.761300863245735,INTERMITTENT
MED-0229,PATIENT_MONITORING,ELECTRODES,2024-01-01,2025-12-01,24,3,0.125,0.0,0.6123724356957945,3,1,23,24.0,0.0,12.0,0.9583333333333334,0.041666666666666664,4.898979485566356,LUMPY
MED-0230,PATIENT_MONITORING,SENSOR MODULES,2022-07-01,2025-12-01,42,92,2.1904761904761907,0.0,3.6641845679768603,12,14,28,3.0,0.2626145121419224,2.168478260869565,0.6666666666666666,0.3333333333333333,1.672779911467697,STABLE
MED-0231,RESPIRATORY,SENSORS,2024-01-01,2025-12-01,24,44,1.8333333333333333,0.0,3.130032180229999,10,7,17,3.4285714285714284,0.1241391184573003,3.0,0.7083333333333334,0.2916666666666667,1.707290280125454,STABLE
MED-0232,RESPIRATORY,SENSORS,2022-01-01,2025-12-01,48,69,1.4375,0.0,2.789846712787472,12,14,34,3.4285714285714284,0.39561824438951104,2.4347826086956523,0.7083333333333334,0.2916666666666667,1.9407629306347631,STABLE
MED-0233,RESPIRATORY,TUBING,2023-01-01,2025-12-01,36,39,1.0833333333333333,0.0,3.2193610723691295,13,4,32,9.0,0.08678500986193294,4.0,0.8888888888888888,0.1111111111111111,2.9717179129561195,INTERMITTENT
MED-0234,RESPIRATORY,VALVES,2022-07-01,2025-12-01,42,99,2.357142857142857,0.0,4.600219658442773,17,11,31,3.8181818181818183,0.2592592592592593,2.404040404040404,0.7380952380952381,0.2619047619047619,1.951608339945419,STABLE
MED-0235,RESPIRATORY,SENSORS,2022-01-01,2025-12-01,48,151,3.1458333333333335,3.0,2.633576835855489,11,41,7,1.170731707317073,0.4513398535151967,1.3509933774834437,0.14583333333333334,0.8541666666666666,0.8371634974904865,STABLE
MED-0236,RESPIRATORY,MOTORS,2022-01-01,2025-12-01,48,33,0.6875,0.0,2.3169702336952427,12,6,42,8.0,0.6181818181818183,4.363636363636363,0.875,0.125,3.370138521738535,INTERMITTENT
MED-0237,RESPIRATORY,DISPLAY COMPONENTS,2022-07-01,2025-12-01,42,258,6.142857142857143,6.0,3.5720556940693275,22,41,1,1.024390243902439,0.30588005528513906,1.3837209302325582,0.023809523809523808,0.9761904761904762,0.5814974385694254,STABLE
MED-0238,RESPIRATORY,MOTORS,2023-07-01,2025-12-01,30,175,5.833333333333333,5.5,2.6403152023605236,11,30,0,1.0,0.20486980999296275,0.6285714285714287,0.0,1.0,0.4526254632618041,STABLE
MED-0239,RESPIRATORY,SENSORS,2024-01-01,2025-12-01,24,40,1.6666666666666667,0.0,3.171430436647279,10,6,18,4.0,0.141,3.9,0.75,0.25,1.9028582619883674,INTERMITTENT
MED-0240,RESPIRATORY,DISPLAY COMPONENTS,2022-01-01,2025-12-01,48,228,4.75,4.0,2.338393702177411,10,48,0,1.0,0.24235280249896854,0.7368421052631579,0.0,1.0,0.49229341098471807,STABLE
MED-0241,RESPIRATORY,SENSORS,2024-07-01,2025-12-01,18,26,1.4444444444444444,0.0,2.006525302818201,5,7,11,2.5714285714285716,0.11390532544378697,2.769230769230769,0.6111111111111112,0.3888888888888889,1.3891329019510623,STABLE
MED-0242,RESPIRATORY,SENSORS,2024-01-01,2025-12-01,24,2,0.08333333333333333,0.0,0.408248290463863,2,1,23,24.0,0.0,12.0,0.9583333333333334,0.041666666666666664,4.898979485566357,LUMPY
MED-0243,RESPIRATORY,TUBING,2022-01-01,2025-12-01,48,196,4.083333333333333,0.0,10.216451758062714,58,11,37,4.363636363636363,0.697235526863807,3.5510204081632657,0.7708333333333334,0.22916666666666666,2.501988185648012,INTERMITTENT
MED-0244,RESPIRATORY,FILTERS,2023-07-01,2025-12-01,30,105,3.5,3.5,1.8335945477441957,7,29,1,1.0344827586206897,0.2310981535471332,0.9047619047619049,0.03333333333333333,0.9666666666666667,0.5238841564983416,STABLE
MED-0245,RESPIRATORY,SENSORS,2023-07-01,2025-12-01,30,24,0.8,0.0,1.6273524086899451,6,8,22,3.75,0.380952380952381,2.9166666666666665,0.7333333333333333,0.26666666666666666,2.034190510862431,STABLE
MED-0246,RESPIRATORY,FILTERS,2023-07-01,2025-12-01,30,139,4.633333333333334,5.0,1.828572711411701,8,30,0,1.0,0.15575334324453108,1.079136690647482,0.0,1.0,0.3946559808802232,STABLE
MED-0247,RESPIRATORY,TUBING,2024-07-01,2025-12-01,18,32,1.7777777777777777,0.0,3.0400378394617853,8,5,13,3.6,0.056152343749999986,3.9375,0.7222222222222222,0.2777777777777778,1.7100212846972542,STABLE
MED-0248,RESPIRATORY,TUBING,2023-01-01,2025-12-01,36,60,1.6666666666666667,0.0,2.2038926600773587,8,16,20,2.25,0.21333333333333332,2.4,0.5555555555555556,0.4444444444444444,1.3223355960464152,STABLE
MED-0249,RESPIRATORY,TUBING,2022-01-01,2025-12-01,48,175,3.6458333333333335,0.0,6.403089624360153,21,13,35,3.6923076923076925,0.09621768707482993,3.497142857142857,0.7291666666666666,0.2708333333333333,1.7562760112530706,STABLE
MED-0250,RESPIRATORY,CONTROL MODULES,2022-01-01,2025-12-01,48,69,1.4375,0.0,4.658126050019722,29,7,41,6.857142857142857,0.7527830287754672,6.086956521739131,0.8541666666666666,0.14583333333333334,3.240435513057198,INTERMITTENT
MED-0251,RESPIRATORY,SENSORS,2022-01-01,2025-12-01,48,293,6.104166666666667,6.0,3.3405285817777037,21,47,1,1.0212765957446808,0.27209402555650036,1.1877133105802047,0.020833333333333332,0.9791666666666666,0.5472538290966886,STABLE
MED-0252,RESPIRATORY,SENSORS,2022-07-01,2025-12-01,42,195,4.642857142857143,4.0,3.2894615807589545,22,42,0,1.0,0.5019714244479723,1.3641025641025641,0.0,1.0,0.7084994173942363,STABLE
MED-0253,RESPIRATORY,TUBING,2022-01-01,2025-12-01,48,94,1.9583333333333333,0.0,8.95130641441922,59,4,44,12.0,1.050852572808209,7.531914893617022,0.9166666666666666,0.08333333333333333,4.570879871192793,RARE
MED-0254,RESPIRATORY,TUBING,2022-01-01,2025-12-01,48,104,2.1666666666666665,0.0,5.60900997572668,24,7,41,6.857142857142857,0.11994575936883631,2.7692307692307696,0.8541666666666666,0.14583333333333334,2.588773834950776,INTERMITTENT
MED-0255,RESPIRATORY,SENSORS,2024-07-01,2025-12-01,18,75,4.166666666666667,4.0,1.5811388300841898,7,18,0,1.0,0.144,1.44,0.0,1.0,0.3794733192202055,STABLE
MED-0256,RESPIRATORY,TUBING,2023-01-01,2025-12-01,36,117,3.25,0.0,11.694626360610489,68,6,30,6.0,1.5176857330703482,6.9743589743589745,0.8333333333333334,0.16666666666666666,3.598346572495535,LUMPY
MED-0257,RESPIRATORY,SENSORS,2022-01-01,2025-12-01,48,186,3.875,4.0,2.2656078044101666,9,46,2,1.0434782608695652,0.28530979817833796,1.096774193548387,0.041666666666666664,0.9583333333333334,0.5846729817832688,STABLE
MED-0258,RESPIRATORY,SENSORS,2022-01-01,2025-12-01,48,260,5.416666666666667,5.5,2.050773941434123,10,47,1,1.0212765957446808,0.11913236429122713,0.7846153846153846,0.020833333333333332,0.9791666666666666,0.37860441995706884,STABLE
MED-0259,RESPIRATORY,HEATING COMPONENTS,2024-07-01,2025-12-01,18,54,3.0,3.0,2.086370335408023,8,16,2,1.125,0.31458619112940106,2.6666666666666665,0.1111111111111111,0.8888888888888888,0.6954567784693411,STABLE
MED-0260,RESPIRATORY,SENSORS,2022-01-01,2025-12-01,48,187,3.8958333333333335,4.0,1.9704150479005451,9,47,1,1.0212765957446808,0.229306205371963,0.5775401069518716,0.020833333333333332,0.9791666666666666,0.5057749855573591,STABLE
MED-0261,RESPIRATORY,HEATING COMPONENTS,2023-01-01,2025-12-01,36,222,6.166666666666667,6.0,2.8535691936340255,14,35,1,1.0285714285714285,0.17975646552753072,0.7027027027027026,0.027777777777777776,0.9722222222222222,0.4627409503190311,STABLE
MED-0262,RESPIRATORY,SENSORS,2022-07-01,2025-12-01,42,160,3.8095238095238093,3.0,2.4016061215015907,9,40,2,1.05,0.3301282051282051,1.225,0.047619047619047616,0.9523809523809523,0.6304216068941676,STABLE
MED-0263,RESPIRATORY,VALVES,2023-07-01,2025-12-01,30,38,1.2666666666666666,0.0,2.3915560269174247,7,8,22,3.75,0.21210922041946967,2.8947368421052633,0.7333333333333333,0.26666666666666666,1.8880705475663881,STABLE
MED-0264,RESPIRATORY,VALVES,2022-01-01,2025-12-01,48,54,1.125,0.0,2.2656078044101666,11,14,34,3.4285714285714284,0.4845415215785585,3.5555555555555554,0.7083333333333334,0.2916666666666667,2.013873603920148,STABLE
MED-0265,RESPIRATORY,TUBING,2024-01-01,2025-12-01,24,26,1.0833333333333333,0.0,2.827145843989731,13,5,19,4.8,0.7100591715976333,7.384615384615385,0.7916666666666666,0.20833333333333334,2.6096730867597517,INTERMITTENT
MED-0266,RESPIRATORY,SENSORS,2024-07-01,2025-12-01,18,20,1.1111111111111112,0.0,2.1662895599426086,6,5,13,3.6,0.34375,5.3999999999999995,0.7222222222222222,0.2777777777777778,1.9496606039483477,STABLE
MED-0267,RESPIRATORY,CONTROL MODULES,2022-01-01,2025-12-01,48,133,2.7708333333333335,2.5,1.5877132402714706,7,47,1,1.0212765957446808,0.30035861146819315,0.9924812030075187,0.020833333333333332,0.9791666666666666,0.5730092897220345,STABLE
MED-0268,RESPIRATORY,CONTROL MODULES,2022-07-01,2025-12-01,42,120,2.857142857142857,2.5,1.6611989289465305,7,39,3,1.0769230769230769,0.2411842105263158,1.05,0.07142857142857142,0.9285714285714286,0.5814196251312856,STABLE
MED-0269,RESPIRATORY,TUBING,2024-01-01,2025-12-01,24,30,1.25,0.0,4.326360052555477,18,2,22,12.0,0.08,7.2,0.9166666666666666,0.08333333333333333,3.4610880420443815,LUMPY
MED-0270,RESPIRATORY,SENSORS,2022-01-01,2025-12-01,48,223,4.645833333333333,4.0,5.385123651095548,39,47,1,1.0212765957446808,1.2949000976597496,2.31390134529148,0.020833333333333332,0.9791666666666666,1.159129754495903,ERRATIC
MED-0271,RESPIRATORY,VALVES,2024-01-01,2025-12-01,24,33,1.375,0.0,2.373998644737901,7,7,17,3.4285714285714284,0.14569941842669112,2.909090909090909,0.7083333333333334,0.2916666666666667,1.7265444689002918,STABLE
MED-0272,RESPIRATORY,SENSORS,2024-01-01,2025-12-01,24,36,1.5,0.0,2.226324715563845,6,9,15,2.6666666666666665,0.18749999999999997,2.3333333333333335,0.625,0.375,1.4842164770425634,STABLE
MED-0273,RESPIRATORY,VALVES,2022-01-01,2025-12-01,48,251,5.229166666666667,0.0,11.590971510937981,68,14,34,3.4285714285714284,0.7483129083421143,4.111553784860558,0.7083333333333334,0.2916666666666667,2.2166001295817654,STABLE
MED-0274,RESPIRATORY,SENSORS,2022-01-01,2025-12-01,48,54,1.125,0.0,2.2372570591990923,10,13,35,3.6923076923076925,0.34625057155921346,3.3333333333333335,0.7291666666666666,0.2708333333333333,1.9886729415103044,STABLE
MED-0275,RESPIRATORY,SENSORS,2023-01-01,2025-12-01,36,271,7.527777777777778,7.5,4.777842376824268,21,36,0,1.0,0.402837651992756,1.5940959409594095,0.0,1.0,0.6346949282866187,STABLE
MED-0276,RESPIRATORY,VALVES,2023-07-01,2025-12-01,30,61,2.033333333333333,0.0,4.8100708528248735,17,6,24,5.0,0.33829615694705734,4.180327868852459,0.8,0.2,2.3656086161433807,INTERMITTENT
MED-0277,RESPIRATORY,HEATING COMPONENTS,2022-01-01,2025-12-01,48,58,1.2083333333333333,0.0,5.363225186132231,35,4,44,12.0,0.9211256440745146,7.241379310344828,0.9166666666666666,0.08333333333333333,4.438531188523227,LUMPY
MED-0278,RESPIRATORY,SENSORS,2022-07-01,2025-12-01,42,89,2.119047619047619,0.0,2.847355477840678,8,16,26,2.625,0.055885199680175066,2.831460674157303,0.6190476190476191,0.38095238095238093,1.343695843475376,STABLE
MED-0279,RESPIRATORY,HEATING COMPONENTS,2023-07-01,2025-12-01,30,152,5.066666666666666,4.0,2.5316388767553026,10,30,0,1.0,0.2496656796255612,0.986842105263158,0.0,1.0,0.49966556778065185,STABLE
MED-0280,RESPIRATORY,SENSORS,2022-01-01,2025-12-01,48,59,1.2291666666666667,0.0,1.8593018975140347,8,19,29,2.526315789473684,0.29838169108493734,2.847457627118644,0.6041666666666666,0.3958333333333333,1.5126523911978587,STABLE
MED-0281,RESPIRATORY,SENSORS,2023-01-01,2025-12-01,36,161,4.472222222222222,4.0,2.104228546944884,9,35,1,1.0285714285714285,0.18681196486155896,0.8198757763975155,0.027777777777777776,0.9722222222222222,0.4705107309938871,STABLE
MED-0282,RESPIRATORY,VALVES,2022-01-01,2025-12-01,48,54,1.125,0.0,1.8864015050613887,6,15,33,3.2,0.1851851851851852,2.888888888888889,0.6875,0.3125,1.6768013378323454,STABLE
MED-0283,RESPIRATORY,SENSORS,2022-01-01,2025-12-01,48,47,0.9791666666666666,0.0,2.2830511809934224,12,10,38,4.8,0.3525979578492026,4.085106382978724,0.7916666666666666,0.20833333333333334,2.3316267380358355,INTERMITTENT
MED-0284,RESPIRATORY,FILTERS,2024-07-01,2025-12-01,18,16,0.8888888888888888,0.0,1.5296631266542813,4,5,13,3.6,0.068359375,4.5,0.7222222222222222,0.2777777777777778,1.7208710174860666,STABLE
MED-0285,RESPIRATORY,SENSORS,2022-01-01,2025-12-01,48,211,4.395833333333333,4.0,2.833985114852524,13,44,4,1.0909090909090908,0.2964663135191492,1.023696682464455,0.08333333333333333,0.9166666666666666,0.6446980356062615,STABLE
MED-0286,RESPIRATORY,HEATING COMPONENTS,2022-01-01,2025-12-01,48,401,8.354166666666666,7.0,5.639864127431309,26,45,3,1.0666666666666667,0.36395635260070175,0.8379052369077308,0.0625,0.9375,0.6750959554032491,STABLE
MED-0287,RESPIRATORY,FILTERS,2024-01-01,2025-12-01,24,73,3.0416666666666665,3.0,1.899179838238342,8,24,0,1.0,0.38986023970563044,0.9863013698630138,0.0,1.0,0.6243878920235645,STABLE
MED-0288,RESPIRATORY,SENSORS,2022-01-01,2025-12-01,48,87,1.8125,0.0,4.413018699547192,24,11,37,4.363636363636363,0.6153256704980841,3.586206896551724,0.7708333333333334,0.22916666666666666,2.434768937681209,INTERMITTENT
MED-0289,RESPIRATORY,HEATING COMPONENTS,2023-07-01,2025-12-01,30,133,4.433333333333334,4.0,2.2388934048232216,9,30,0,1.0,0.2550386856433278,0.9022556390977443,0.0,1.0,0.5050135499601252,STABLE
MED-0290,RESPIRATORY,HEATING COMPONENTS,2022-07-01,2025-12-01,42,257,6.119047619047619,5.0,4.819687172078859,32,42,0,1.0,0.6203974949861688,1.634241245136187,0.0,1.0,0.7876531565265061,STABLE
MED-0291,RESPIRATORY,DISPLAY COMPONENTS,2022-01-01,2025-12-01,48,275,5.729166666666667,5.0,3.6246178570890857,17,45,3,1.0666666666666667,0.31185574755822687,0.8290909090909091,0.0625,0.9375,0.6326605714191859,STABLE
MED-0292,RESPIRATORY,SENSORS,2023-07-01,2025-12-01,30,46,1.5333333333333334,0.0,4.3922606961550565,22,5,25,6.0,0.6108223062381853,4.782608695652174,0.8333333333333334,0.16666666666666666,2.864517845318515,INTERMITTENT
MED-0293,RESPIRATORY,MOTORS,2023-07-01,2025-12-01,30,47,1.5666666666666667,0.0,2.028815406591489,6,14,16,2.142857142857143,0.24034543998328514,2.3404255319148937,0.5333333333333333,0.4666666666666667,1.294988557398823,STABLE
MED-0294,RESPIRATORY,FILTERS,2022-01-01,2025-12-01,48,219,4.5625,4.0,2.072168665606978,9,47,1,1.0212765957446808,0.18078184902044503,0.7671232876712328,0.020833333333333332,0.9791666666666666,0.454173954105639,STABLE
MED-0295,RESPIRATORY,DISPLAY COMPONENTS,2022-01-01,2025-12-01,48,19,0.3958333333333333,0.0,2.228820729437796,15,2,46,24.0,0.6703601108033241,9.473684210526317,0.9583333333333334,0.041666666666666664,5.6307050006849595,LUMPY
MED-0296,RESPIRATORY,TUBING,2022-01-01,2025-12-01,48,268,5.583333333333333,0.0,19.694294814157487,99,8,40,6.0,1.3681698119212042,5.73134328358209,0.8333333333333334,0.16666666666666666,3.527336384625222,LUMPY
MED-0297,RESPIRATORY,VALVES,2022-01-01,2025-12-01,48,225,4.6875,3.0,4.985750973119039,25,42,6,1.1428571428571428,0.864858536585366,2.1333333333333333,0.125,0.875,1.063626874265395,STABLE
MED-0298,RESPIRATORY,TUBING,2022-07-01,2025-12-01,42,238,5.666666666666667,0.0,14.465546395498693,76,11,31,3.8181818181818183,1.020768307322929,4.0588235294117645,0.7380952380952381,0.2619047619047619,2.552743481558593,ERRATIC
MED-0299,RESPIRATORY,TUBING,2023-01-01,2025-12-01,36,70,1.9444444444444444,0.0,8.434434334303786,49,3,33,12.0,0.9116326530612245,10.457142857142857,0.9166666666666666,0.08333333333333333,4.337709086213375,LUMPY
MED-0300,RESPIRATORY,VALVES,2022-01-01,2025-12-01,48,104,2.1666666666666665,0.0,5.755047121951872,28,8,40,6.0,0.36348267117497896,4.153846153846154,0.8333333333333334,0.16666666666666666,2.656175594747018,INTERMITTENT
MED-0301,RESPIRATORY,VALVES,2022-01-01,2025-12-01,48,74,1.5416666666666667,0.0,3.7128777239370274,14,8,40,6.0,0.12939580507148074,2.7567567567567566,0.8333333333333334,0.16666666666666666,2.408353118229423,INTERMITTENT
MED-0302,RESPIRATORY,HEATING COMPONENTS,2022-07-01,2025-12-01,42,273,6.5,6.0,4.522302456956536,32,41,1,1.024390243902439,0.44840397697540574,1.8461538461538463,0.023809523809523808,0.9761904761904762,0.6957388395317748,STABLE
MED-0303,RESPIRATORY,DISPLAY COMPONENTS,2022-01-01,2025-12-01,48,209,4.354166666666667,5.0,2.197576840893443,10,46,2,1.0434782608695652,0.2017485354680016,0.9186602870813396,0.041666666666666664,0.9583333333333334,0.5047066428846184,STABLE
MED-0304,RESPIRATORY,VALVES,2023-07-01,2025-12-01,30,138,4.6,0.0,11.10638213541795,52,6,24,5.0,0.39243856332703203,5.6521739130434785,0.8,0.2,2.4144308990039023,INTERMITTENT
MED-0305,RESPIRATORY,CONTROL MODULES,2024-07-01,2025-12-01,18,68,3.7777777777777777,3.0,1.8005082797253327,7,18,0,1.0,0.22715245267657236,1.0588235294117647,0.0,1.0,0.47660513286847045,STABLE
MED-0306,RESPIRATORY,DISPLAY COMPONENTS,2022-07-01,2025-12-01,42,183,4.357142857142857,4.0,2.5549705603900663,9,39,3,1.0769230769230769,0.24658057398265892,1.377049180327869,0.07142857142857142,0.9285714285714286,0.5863866859911628,STABLE
MED-0307,RESPIRATORY,SENSORS,2023-01-01,2025-12-01,36,93,2.5833333333333335,2.0,1.9327995979185961,8,32,4,1.125,0.38466501814492815,1.4193548387096775,0.1111111111111111,0.8888888888888888,0.7481804895168759,STABLE
MED-0308,RESPIRATORY,MOTORS,2022-07-01,2025-12-01,42,184,4.380952380952381,4.0,2.42901546804844,12,40,2,1.05,0.24429256943434638,1.0081521739130432,0.047619047619047616,0.9523809523809523,0.5544491829241004,STABLE
MED-0309,RESPIRATORY,SENSORS,2024-07-01,2025-12-01,18,25,1.3888888888888888,0.0,3.36310236483219,11,3,15,6.0,0.13439999999999996,3.96,0.8333333333333334,0.16666666666666666,2.4214337026791766,INTERMITTENT
MED-0310,RESPIRATORY,CONTROL MODULES,2022-01-01,2025-12-01,48,238,4.958333333333333,4.0,3.1281721488607053,16,47,1,1.0212765957446808,0.3686226408722055,0.8571428571428572,0.020833333333333332,0.9791666666666666,0.6308918619551003,STABLE
MED-0311,RESPIRATORY,MOTORS,2023-07-01,2025-12-01,30,39,1.3,0.0,2.151983848163973,6,9,21,3.3333333333333335,0.10650887573964497,2.3076923076923075,0.7,0.3,1.6553721908953636,STABLE
MED-0312,RESPIRATORY,FILTERS,2022-01-01,2025-12-01,48,188,3.9166666666666665,4.0,2.9738815765268245,20,46,2,1.0434782608695652,0.5104169810371711,1.6595744680851063,0.041666666666666664,0.9583333333333334,0.7592889131557851,STABLE
MED-0313,RESPIRATORY,SENSORS,2022-01-01,2025-12-01,48,304,6.333333333333333,6.0,2.731481815389116,14,47,1,1.0212765957446808,0.1609292198602915,0.5131578947368421,0.020833333333333332,0.9791666666666666,0.4312866024298604,STABLE
MED-0314,RESPIRATORY,MOTORS,2023-07-01,2025-12-01,30,126,4.2,4.0,2.9407951071213656,11,28,2,1.0714285714285714,0.38957475994513036,1.6666666666666665,0.06666666666666667,0.9333333333333333,0.7001893112193728,STABLE
MED-0315,RESPIRATORY,SENSORS,2022-07-01,2025-12-01,42,32,0.7619047619047619,0.0,1.4948615044671352,5,11,31,3.8181818181818183,0.27070312499999993,3.0625000000000004,0.7380952380952381,0.2619047619047619,1.962005724613115,STABLE
MED-0316,RESPIRATORY,SENSORS,2024-07-01,2025-12-01,18,28,1.5555555555555556,0.0,3.2398660506483585,10,4,14,4.5,0.17687074829931973,4.5,0.7777777777777778,0.2222222222222222,2.082771032559659,INTERMITTENT
MED-0317,RESPIRATORY,SENSORS,2022-01-01,2025-12-01,48,270,5.625,5.5,3.5166775906522543,14,44,4,1.0909090909090908,0.2737104029093693,0.8444444444444444,0.08333333333333333,0.9166666666666666,0.6251871272270674,STABLE
MED-0318,RESPIRATORY,CONTROL MODULES,2023-01-01,2025-12-01,36,74,2.0555555555555554,0.0,5.661622404750095,22,5,31,7.2,0.204072315558802,5.351351351351352,0.8611111111111112,0.1388888888888889,2.7543027915000464,INTERMITTENT
MED-0319,RESPIRATORY,TUBING,2023-01-01,2025-12-01,36,69,1.9166666666666667,0.0,2.534053782268358,8,15,21,2.4,0.1336753983256819,2.956521739130435,0.5833333333333334,0.4166666666666667,1.322115016835665,STABLE
MED-0320,RESPIRATORY,FILTERS,2024-07-01,2025-12-01,18,61,3.388888888888889,3.5,1.9444911292248124,7,17,1,1.0588235294117647,0.2529897876914807,1.7704918032786885,0.05555555555555555,0.9444444444444444,0.5737842676401086,STABLE
MED-0321,INFUSION,POWER COMPONENTS,2022-01-01,2025-12-01,48,130,2.7083333333333335,0.0,6.510084920625757,34,10,38,4.8,0.4299802761341222,3.876923076923077,0.7916666666666666,0.20833333333333334,2.4037236630002794,INTERMITTENT
MED-0322,INFUSION,DISPLAY COMPONENTS,2024-07-01,2025-12-01,18,70,3.888888888888889,4.0,2.3235087282938096,8,17,1,1.0588235294117647,0.2792857142857143,1.4142857142857144,0.05555555555555555,0.9444444444444444,0.5974736729898368,STABLE
MED-0323,INFUSION,VALVES,2022-01-01,2025-12-01,48,47,0.9791666666666666,0.0,2.488181283445959,12,10,38,4.8,0.583974649162517,4.851063829787234,0.7916666666666666,0.20833333333333334,2.54112131075332,INTERMITTENT
MED-0324,INFUSION,MOTORS,2022-01-01,2025-12-01,48,319,6.645833333333333,6.0,3.035180833992509,17,48,0,1.0,0.20857884149489198,0.9028213166144201,0.0,1.0,0.45670432611799505,STABLE
MED-0325,INFUSION,MECHANICAL COMPONENTS,2022-07-01,2025-12-01,42,146,3.4761904761904763,0.0,8.205405996816369,37,8,34,5.25,0.2588531753478272,2.660958904109589,0.8095238095238095,0.19047619047619047,2.3604592593581333,INTERMITTENT
MED-0326,INFUSION,DISPLAY COMPONENTS,2022-01-01,2025-12-01,48,124,2.5833333333333335,0.0,11.356567756398665,73,4,44,12.0,0.8803329864724243,9.387096774193548,0.9166666666666666,0.08333333333333333,4.396090744412386,LUMPY
MED-0327,INFUSION,CONTROL MODULES,2023-01-01,2025-12-01,36,203,5.638888888888889,6.0,2.4160508246519954,11,35,1,1.0285714285714285,0.15003147513464363,0.70935960591133,0.027777777777777776,0.9722222222222222,0.42846221520922084,STABLE
MED-0328,INFUSION,CABLES,2022-07-01,2025-12-01,42,38,0.9047619047619048,0.0,2.045930211354451,8,10,32,4.2,0.4739919975377039,2.486842105263158,0.7619047619047619,0.23809523809523808,2.2612912862338668,INTERMITTENT
MED-0329,INFUSION,SENSORS,2023-01-01,2025-12-01,36,79,2.1944444444444446,0.0,3.249786317761694,9,12,24,3.0,0.04806921967633392,2.4303797468354427,0.6666666666666666,0.3333333333333333,1.4809152840433035,STABLE
MED-0330,INFUSION,CONTROL MODULES,2022-01-01,2025-12-01,48,165,3.4375,3.0,2.9093119022684473,13,43,5,1.1162790697674418,0.5366303729940092,1.2363636363636363,0.10416666666666667,0.8958333333333334,0.8463452806599119,STABLE
MED-0331,INFUSION,CONTROL MODULES,2022-07-01,2025-12-01,42,132,3.142857142857143,3.0,1.970160678991766,8,38,4,1.105263157894737,0.2586429404611223,1.0606060606060606,0.09523809523809523,0.9047619047619048,0.6268693069519256,STABLE
MED-0332,INFUSION,MECHANICAL COMPONENTS,2022-07-01,2025-12-01,42,54,1.2857142857142858,0.0,2.34037431116826,8,13,29,3.230769230769231,0.33659122085048,3.1111111111111107,0.6904761904761905,0.30952380952380953,1.8202911309086465,STABLE
MED-0333,INFUSION,SENSORS,2022-01-01,2025-12-01,48,220,4.583333333333333,5.0,2.2201527006457002,11,48,0,1.0,0.23464040794795146,0.9818181818181819,0.0,1.0,0.4843969528681528,STABLE
MED-0334,INFUSION,SENSORS,2024-01-01,2025-12-01,24,123,5.125,4.0,3.9597156243961456,16,21,3,1.1428571428571428,0.3943486020226057,2.5365853658536586,0.125,0.875,0.7726274389065649,STABLE
MED-0335,INFUSION,SENSORS,2024-01-01,2025-12-01,24,100,4.166666666666667,3.0,3.2659863237109037,17,23,1,1.0434782608695652,0.5463545454545455,1.92,0.041666666666666664,0.9583333333333334,0.7838367176906168,STABLE
MED-0336,INFUSION,CONTROL MODULES,2024-01-01,2025-12-01,24,124,5.166666666666667,0.0,7.74409545994583,20,8,16,3.0,0.0582726326742976,3.387096774193548,0.6666666666666666,0.3333333333333333,1.498857185795967,STABLE
MED-0337,INFUSION,CABLES,2022-07-01,2025-12-01,42,181,4.309523809523809,4.0,1.969128756682734,9,42,0,1.0,0.20878036868644384,0.9281767955801106,0.0,1.0,0.45692490486560683,STABLE
MED-0338,INFUSION,CABLES,2022-01-01,2025-12-01,48,56,1.1666666666666667,0.0,2.327754221629091,10,12,36,4.0,0.24489795918367352,4.5,0.75,0.25,1.9952179042535065,INTERMITTENT
MED-0339,INFUSION,SENSORS,2024-01-01,2025-12-01,24,54,2.25,0.0,3.602535339113999,12,8,16,3.0,0.17401528512639625,4.0,0.6666666666666666,0.3333333333333333,1.6011268173839996,STABLE
MED-0340,INFUSION,MECHANICAL COMPONENTS,2022-01-01,2025-12-01,48,280,5.833333333333333,5.5,3.353837645199095,21,46,2,1.0434782608695652,0.27448752834467116,1.4571428571428573,0.041666666666666664,0.9583333333333334,0.5749435963198449,STABLE
MED-0341,INFUSION,MOTORS,2022-01-01,2025-12-01,48,67,1.3958333333333333,0.0,2.6153359764098276,10,12,36,4.0,0.11932197897891816,2.328358208955224,0.75,0.25,1.873673535338384,INTERMITTENT
MED-0342,INFUSION,MOTORS,2024-01-01,2025-12-01,24,17,0.7083333333333334,0.0,1.7062332443303205,6,4,20,6.0,0.12456747404844293,4.235294117647059,0.8333333333333334,0.16666666666666666,2.408799874348688,INTERMITTENT
MED-0343,INFUSION,MOTORS,2022-01-01,2025-12-01,48,349,7.270833333333333,6.0,6.433752696433494,26,42,6,1.1428571428571428,0.5591627767083492,1.3753581661891119,0.125,0.875,0.8848714310281024,STABLE
MED-0344,INFUSION,CONTROL MODULES,2022-07-01,2025-12-01,42,223,5.309523809523809,5.0,2.5422104385855677,12,41,1,1.024390243902439,0.1995214060206318,0.8004484304932735,0.023809523809523808,0.9761904761904762,0.4788019660116316,STABLE
MED-0345,INFUSION,CABLES,2022-01-01,2025-12-01,48,96,2.0,0.0,4.222533272106041,23,13,35,3.6923076923076925,0.49065031828703703,3.375,0.7291666666666666,0.2708333333333333,2.1112666360530206,STABLE
MED-0346,INFUSION,CABLES,2024-07-01,2025-12-01,18,100,5.555555555555555,5.0,1.9165600993392002,11,18,0,1.0,0.11901176470588237,1.35,0.0,1.0,0.34498081788105606,STABLE
MED-0347,INFUSION,MECHANICAL COMPONENTS,2024-01-01,2025-12-01,24,160,6.666666666666667,0.0,16.147867450174523,63,5,19,4.8,0.47460937499999994,4.725,0.7916666666666666,0.20833333333333334,2.4221801175261786,INTERMITTENT
MED-0348,INFUSION,MOTORS,2022-01-01,2025-12-01,48,66,1.375,0.0,4.1392002516674955,17,6,42,8.0,0.2809917355371901,4.7272727272727275,0.875,0.125,3.0103274557581785,INTERMITTENT
MED-0349,INFUSION,CABLES,2022-01-01,2025-12-01,48,56,1.1666666666666667,0.0,1.7904395434823395,5,17,31,2.823529411764706,0.18160076530612249,2.142857142857143,0.6458333333333334,0.3541666666666667,1.5346624658420052,STABLE
MED-0350,INFUSION,VALVES,2023-07-01,2025-12-01,30,23,0.7666666666666667,0.0,1.9061304607327731,7,5,25,6.0,0.2032136105860113,3.260869565217391,0.8333333333333334,0.16666666666666666,2.4862571226949215,INTERMITTENT
MED-0351,INFUSION,SENSORS,2022-01-01,2025-12-01,48,206,4.291666666666667,4.0,2.7518530185060746,11,44,4,1.0909090909090908,0.2923450251760792,0.9902912621359222,0.08333333333333333,0.9166666666666666,0.6412084703315125,STABLE
MED-0352,INFUSION,CONTROL MODULES,2022-01-01,2025-12-01,48,151,3.1458333333333335,3.0,2.250196996892204,11,43,5,1.1162790697674418,0.35283957888229633,1.1125827814569536,0.10416666666666667,0.8958333333333334,0.7152944096081179,STABLE
MED-0353,INFUSION,MECHANICAL COMPONENTS,2023-07-01,2025-12-01,30,227,7.566666666666666,0.0,22.169695584262104,112,6,24,5.0,1.0315822158396244,5.859030837004406,0.8,0.2,2.929915715981776,LUMPY
MED-0354,INFUSION,CONTROL MODULES,2023-07-01,2025-12-01,30,152,5.066666666666666,4.5,3.0505322693649353,11,29,1,1.0344827586206897,0.31630886426592786,1.1513157894736843,0.03333333333333333,0.9666666666666667,0.6020787373746583,STABLE
MED-0355,INFUSION,POWER COMPONENTS,2023-07-01,2025-12-01,30,160,5.333333333333333,4.0,5.409655055185309,26,30,0,1.0,1.0288254310344833,2.25,0.0,1.0,1.0143103228472454,ERRATIC
MED-0356,INFUSION,CONTROL MODULES,2024-07-01,2025-12-01,18,68,3.7777777777777777,4.0,2.2636658336724413,8,16,2,1.125,0.20299884659746253,1.5882352941176472,0.1111111111111111,0.8888888888888888,0.5992056618544698,STABLE
MED-0357,INFUSION,CONTROL MODULES,2022-01-01,2025-12-01,48,211,4.395833333333333,4.0,2.9007672010366377,14,44,4,1.0909090909090908,0.314669377346358,1.5355450236966826,0.08333333333333333,0.9166666666666666,0.659890168956202,STABLE
MED-0358,INFUSION,DISPLAY COMPONENTS,2023-07-01,2025-12-01,30,42,1.4,0.0,4.295948371872399,18,4,26,7.5,0.46258503401360546,7.500000000000001,0.8666666666666667,0.13333333333333333,3.068534551337428,INTERMITTENT
MED-0359,INFUSION,MECHANICAL COMPONENTS,2022-01-01,2025-12-01,48,201,4.1875,0.0,7.138914185272215,21,14,34,3.4285714285714284,0.13106682431699138,2.328358208955224,0.7083333333333334,0.2916666666666667,1.7048153278262006,STABLE
MED-0360,INFUSION,POWER COMPONENTS,2022-01-01,2025-12-01,48,67,1.3958333333333333,0.0,4.62067317253405,26,6,42,8.0,0.5595010024504347,6.268656716417911,0.875,0.125,3.310333019128872,INTERMITTENT
MED-0361,INFUSION,CONTROL MODULES,2024-07-01,2025-12-01,18,67,3.7222222222222223,3.0,2.371536001526426,8,17,1,1.0588235294117647,0.32568500779683673,1.880597014925373,0.05555555555555555,0.9444444444444444,0.6371290750369503,STABLE
MED-0362,INFUSION,SENSORS,2022-01-01,2025-12-01,48,275,5.729166666666667,5.5,3.431639911510167,15,45,3,1.0666666666666667,0.27290758827948924,0.8290909090909091,0.0625,0.9375,0.5989771481908654,STABLE
MED-0363,INFUSION,MOTORS,2024-07-01,2025-12-01,18,133,7.388888888888889,5.5,5.270772785050973,21,18,0,1.0,0.5088506316654084,1.7593984962406015,0.0,1.0,0.7133376701572745,STABLE
MED-0364,INFUSION,POWER COMPONENTS,2022-07-01,2025-12-01,42,112,2.6666666666666665,3.0,1.734396171957495,7,38,4,1.105263157894737,0.2859038885824601,1.40625,0.09523809523809523,0.9047619047619048,0.6503985644840606,STABLE
MED-0365,INFUSION,MOTORS,2022-01-01,2025-12-01,48,195,4.0625,4.0,1.9936735045019762,10,48,0,1.0,0.24083595618783832,0.6153846153846154,0.0,1.0,0.49075040110817875,STABLE
MED-0366,INFUSION,MOTORS,2024-01-01,2025-12-01,24,46,1.9166666666666667,0.0,4.292730626522476,19,7,17,3.4285714285714284,0.8093887838689353,4.956521739130435,0.7083333333333334,0.2916666666666667,2.239685544272596,STABLE
MED-0367,INFUSION,MOTORS,2022-01-01,2025-12-01,48,56,1.1666666666666667,0.0,2.156961350952665,7,12,36,4.0,0.09461966604823746,2.571428571428571,0.75,0.25,1.8488240151022841,INTERMITTENT
MED-0368,INFUSION,MECHANICAL COMPONENTS,2024-07-01,2025-12-01,18,58,3.2222222222222223,0.0,7.487680513825639,22,3,15,6.0,0.02497027348394769,6.206896551724138,0.8333333333333334,0.16666666666666666,2.323762918083819,INTERMITTENT
MED-0369,INFUSION,CONTROL MODULES,2022-01-01,2025-12-01,48,187,3.8958333333333335,3.5,2.013143866431397,10,47,1,1.0212765957446808,0.24029233345808154,0.7058823529411764,0.020833333333333332,0.9791666666666666,0.5167428106347971,STABLE
MED-0370,INFUSION,CONTROL MODULES,2024-07-01,2025-12-01,18,77,4.277777777777778,4.0,2.7398058229941076,11,17,1,1.0588235294117647,0.3297351998650701,1.87012987012987,0.05555555555555555,0.9444444444444444,0.6404740884921291,STABLE
MED-0371,INFUSION,VALVES,2022-01-01,2025-12-01,48,98,2.0416666666666665,0.0,5.226602709841721,20,7,41,6.857142857142857,0.09523809523809525,4.530612244897959,0.8541666666666666,0.14583333333333334,2.55996867420819,INTERMITTENT
MED-0372,INFUSION,DISPLAY COMPONENTS,2022-01-01,2025-12-01,48,84,1.75,0.0,4.299925778676611,17,8,40,6.0,0.17363135730482668,3.7142857142857144,0.8333333333333334,0.16666666666666666,2.4571004449580633,INTERMITTENT
MED-0373,INFUSION,CONTROL MODULES,2023-01-01,2025-12-01,36,125,3.4722222222222223,0.0,6.290519447600088,20,9,27,4.0,0.053711999999999996,2.88,0.75,0.25,1.8116696009088253,INTERMITTENT
MED-0374,INFUSION,MECHANICAL COMPONENTS,2022-01-01,2025-12-01,48,65,1.3541666666666667,0.0,2.4363347369264776,8,14,34,3.4285714285714284,0.2327173418297678,3.1384615384615384,0.7083333333333334,0.2916666666666667,1.7991394980380142,STABLE
MED-0375,INFUSION,DISPLAY COMPONENTS,2022-01-01,2025-12-01,48,221,4.604166666666667,4.0,2.1510965371309436,9,47,1,1.0212765957446808,0.1925449306222588,0.5972850678733032,0.020833333333333332,0.9791666666666666,0.46720648770264833,STABLE
MED-0376,INFUSION,MOTORS,2024-01-01,2025-12-01,24,99,4.125,4.0,2.251810865484276,9,22,2,1.0909090909090908,0.18694885361552027,1.2121212121212122,0.08333333333333333,0.9166666666666666,0.5458935431477033,STABLE
MED-0377,INFUSION,SENSORS,2023-01-01,2025-12-01,36,132,3.6666666666666665,3.5,2.596701204000403,11,34,2,1.0588235294117647,0.4172301527673428,1.3636363636363638,0.05555555555555555,0.9444444444444444,0.7081912374546554,STABLE
MED-0378,INFUSION,VALVES,2024-01-01,2025-12-01,24,93,3.875,0.0,7.3503179463913995,23,6,18,4.0,0.13444328824141522,4.129032258064516,0.75,0.25,1.8968562442300385,INTERMITTENT
MED-0379,INFUSION,VALVES,2022-01-01,2025-12-01,48,58,1.2083333333333333,0.0,3.620028995612883,20,7,41,6.857142857142857,0.498711850971066,4.137931034482759,0.8541666666666666,0.14583333333333334,2.9958860653348,INTERMITTENT
MED-0380,INFUSION,CONTROL MODULES,2023-07-01,2025-12-01,30,152,5.066666666666666,4.5,2.558735319797968,13,30,0,1.0,0.25503868564332793,0.986842105263158,0.0,1.0,0.5050135499601253,STABLE
MED-0381,INFUSION,MOTORS,2022-01-01,2025-12-01,48,72,1.5,0.0,2.7752707362660076,11,13,35,3.6923076923076925,0.19351208847736623,3.0,0.7291666666666666,0.2708333333333333,1.8501804908440052,STABLE
MED-0382,INFUSION,MOTORS,2022-01-01,2025-12-01,48,88,1.8333333333333333,0.0,4.990771625554481,31,11,37,4.363636363636363,0.9812500000000001,4.7727272727272725,0.7708333333333334,0.22916666666666666,2.7222390684842623,INTERMITTENT
MED-0383,INFUSION,SENSORS,2023-07-01,2025-12-01,30,3,0.1,0.0,0.5477225575051661,3,1,29,30.0,0.0,15.0,0.9666666666666667,0.03333333333333333,5.47722557505166,LUMPY
MED-0384,INFUSION,MOTORS,2022-01-01,2025-12-01,48,163,3.3958333333333335,3.0,2.647677290657038,10,41,7,1.170731707317073,0.3716681094508638,1.3251533742331287,0.14583333333333334,0.8541666666666666,0.7796841101321338,STABLE
MED-0385,INFUSION,MECHANICAL COMPONENTS,2024-07-01,2025-12-01,18,65,3.611111111111111,3.5,1.0921586228732252,5,18,0,1.0,0.09147232857640095,0.8307692307692307,0.0,1.0,0.30244392633412387,STABLE
MED-0386,INFUSION,SENSORS,2022-01-01,2025-12-01,48,306,6.375,6.0,2.7647092109798086,14,48,0,1.0,0.18807823504871285,0.7843137254901961,0.0,1.0,0.43367987623212684,STABLE
MED-0387,INFUSION,CONTROL MODULES,2022-01-01,2025-12-01,48,146,3.0416666666666665,3.0,2.483634376536139,11,41,7,1.170731707317073,0.4220984237192721,1.315068493150685,0.14583333333333334,0.8541666666666666,0.8165373292721554,STABLE
MED-0388,INFUSION,MECHANICAL COMPONENTS,2024-01-01,2025-12-01,24,146,6.083333333333333,0.0,11.83185334692703,53,8,16,3.0,0.6191459131973298,4.356164383561644,0.6666666666666666,0.3333333333333333,1.9449621940154023,STABLE
MED-0389,INFUSION,SENSORS,2022-01-01,2025-12-01,48,77,1.6041666666666667,0.0,3.2534079240954976,13,12,36,4.0,0.280225087781168,3.2727272727272725,0.75,0.25,2.028098446189401,INTERMITTENT
MED-0390,INFUSION,CONTROL MODULES,2024-07-01,2025-12-01,18,37,2.0555555555555554,2.0,1.924217861647939,6,14,4,1.2857142857142858,0.4538967241669945,2.9189189189189193,0.2222222222222222,0.7777777777777778,0.9361059867476461,STABLE
MED-0391,INFUSION,VALVES,2023-01-01,2025-12-01,36,50,1.3888888888888888,0.0,2.5887424170023756,9,10,26,3.6,0.24,3.3600000000000003,0.7222222222222222,0.2777777777777778,1.8638945402417104,STABLE
MED-0392,INFUSION,POWER COMPONENTS,2022-01-01,2025-12-01,48,221,4.604166666666667,4.0,2.4903181317179377,12,47,1,1.0212765957446808,0.26530365168964426,0.9773755656108597,0.020833333333333332,0.9791666666666666,0.540883576119733,STABLE
MED-0393,INFUSION,CONTROL MODULES,2022-01-01,2025-12-01,48,201,4.1875,4.0,5.902239928214776,42,46,2,1.0434782608695652,1.8630550948958906,2.388059701492537,0.041666666666666664,0.9583333333333334,1.4094901321109912,ERRATIC
MED-0394,INFUSION,MOTORS,2023-01-01,2025-12-01,36,103,2.861111111111111,0.0,8.773833753277907,51,9,27,4.0,1.7276369120558017,6.873786407766991,0.75,0.25,3.066582671048589,LUMPY
MED-0395,INFUSION,VALVES,2022-07-01,2025-12-01,42,212,5.0476190476190474,5.0,3.615362755151363,17,39,3,1.0769230769230769,0.40395884469093696,1.0566037735849059,0.07142857142857142,0.9285714285714286,0.7162511118696097,STABLE
MED-0396,INFUSION,CONTROL MODULES,2022-01-01,2025-12-01,48,145,3.0208333333333335,3.0,2.0052015692526606,10,45,3,1.0666666666666667,0.3497459734082802,0.7448275862068965,0.0625,0.9375,0.663790864304329,STABLE
MED-0397,INFUSION,SENSORS,2022-01-01,2025-12-01,48,256,5.333333333333333,5.0,3.732168004549688,26,48,0,1.0,0.4896941489361704,1.21875,0.0,1.0,0.6997815008530666,STABLE
MED-0398,INFUSION,DISPLAY COMPONENTS,2022-01-01,2025-12-01,48,195,4.0625,4.0,2.5045171955845547,10,44,4,1.0909090909090908,0.2637995198996988,0.9230769230769231,0.08333333333333333,0.9166666666666666,0.6164965404515826,STABLE
MED-0399,INFUSION,SENSORS,2023-01-01,2025-12-01,36,173,4.805555555555555,4.0,4.268284663451346,20,32,4,1.125,0.5890586215333278,1.8728323699421967,0.1111111111111111,0.8888888888888888,0.888197964648835,STABLE
MED-0400,INFUSION,CONTROL MODULES,2024-01-01,2025-12-01,24,87,3.625,3.0,1.7398775569112552,7,23,1,1.0434782608695652,0.17762644278696602,1.2413793103448276,0.041666666666666664,0.9583333333333334,0.47996622259620836,STABLE
MED-0401,INFUSION,MOTORS,2022-07-01,2025-12-01,42,140,3.3333333333333335,3.0,1.8301894699552173,10,42,0,1.0,0.3014634146341463,1.1,0.0,1.0,0.5490568409865652,STABLE
MED-0402,INFUSION,CABLES,2023-01-01,2025-12-01,36,287,7.972222222222222,6.0,7.788218615726525,44,35,1,1.0285714285714285,0.9000244952234315,2.3832752613240418,0.027777777777777776,0.9722222222222222,0.9769194082444422,STABLE
MED-0403,INFUSION,SENSORS,2023-07-01,2025-12-01,30,206,6.866666666666666,6.0,4.240472756120749,23,30,0,1.0,0.3813613035126324,0.9223300970873788,0.0,1.0,0.6175445761340896,STABLE
MED-0404,INFUSION,CONTROL MODULES,2023-01-01,2025-12-01,36,68,1.8888888888888888,0.0,5.527995130129019,28,5,31,7.2,0.36926903114186854,4.9411764705882355,0.8611111111111112,0.1388888888888889,2.926585657127128,INTERMITTENT
MED-0405,INFUSION,MECHANICAL COMPONENTS,2024-01-01,2025-12-01,24,95,3.9583333333333335,0.0,12.828226915560133,59,3,21,8.0,0.5747368421052632,9.221052631578948,0.875,0.125,3.240815220773086,INTERMITTENT
MED-0406,INFUSION,POWER COMPONENTS,2022-07-01,2025-12-01,42,223,5.309523809523809,5.5,3.04829496714743,12,40,2,1.05,0.2654593022386464,1.1300448430493275,0.047619047619047616,0.9523809523809523,0.5741183346196953,STABLE
MED-0407,INFUSION,MOTORS,2022-01-01,2025-12-01,48,96,2.0,0.0,3.6785751172997707,12,13,35,3.6923076923076925,0.1819661458333333,1.875,0.7291666666666666,0.2708333333333333,1.8392875586498854,STABLE
MED-0408,INFUSION,SENSORS,2024-07-01,2025-12-01,18,30,1.6666666666666667,0.0,4.365641250653993,18,4,14,4.5,0.8829629629629628,5.3999999999999995,0.7777777777777778,0.2222222222222222,2.6193847503923955,INTERMITTENT
MED-0409,INFUSION,MECHANICAL COMPONENTS,2024-07-01,2025-12-01,18,21,1.1666666666666667,0.0,2.1213203435596424,6,5,13,3.6,0.18140589569160998,5.142857142857142,0.7222222222222222,0.2777777777777778,1.818274580193979,STABLE
MED-0410,INFUSION,CONTROL MODULES,2022-01-01,2025-12-01,48,208,4.333333333333333,4.0,3.453849738217399,17,43,5,1.1162790697674418,0.46386636200338144,1.6153846153846154,0.10416666666666667,0.8958333333333334,0.7970422472809383,STABLE
MED-0411,SURGICAL,VALVES,2023-07-01,2025-12-01,30,46,1.5333333333333334,0.0,2.622624814863962,11,11,19,2.727272727272727,0.4439508506616257,3.5869565217391304,0.6333333333333333,0.36666666666666664,1.7104074879547577,STABLE
MED-0412,SURGICAL,SENSORS,2023-01-01,2025-12-01,36,173,4.805555555555555,5.0,2.1885343359615215,9,35,1,1.0285714285714285,0.17321386103975484,0.6242774566473988,0.027777777777777776,0.9722222222222222,0.4554175496798542,STABLE
MED-0413,SURGICAL,MOTORS,2022-01-01,2025-12-01,48,83,1.7291666666666667,0.0,3.3245673744038267,17,14,34,3.4285714285714284,0.37408577777281515,3.325301204819277,0.7083333333333334,0.2916666666666667,1.922641373149201,STABLE
MED-0414,SURGICAL,MOTORS,2022-07-01,2025-12-01,42,178,4.238095238095238,4.0,2.3972496823420304,10,40,2,1.05,0.2562484016845839,0.7668539325842697,0.047619047619047616,0.9523809523809523,0.5656431834739623,STABLE
MED-0415,SURGICAL,POWER COMPONENTS,2022-07-01,2025-12-01,42,6,0.14285714285714285,0.0,0.9258200997725515,6,1,41,42.0,0.0,14.0,0.9761904761904762,0.023809523809523808,6.480740698407861,LUMPY
MED-0416,SURGICAL,POWER COMPONENTS,2024-01-01,2025-12-01,24,52,2.1666666666666665,0.0,4.439610898213517,13,6,18,4.0,0.3071005917159764,3.0,0.75,0.25,2.049051183790854,INTERMITTENT
MED-0417,SURGICAL,POWER COMPONENTS,2024-07-01,2025-12-01,18,112,6.222222222222222,4.0,8.565014718270074,39,18,0,1.0,1.8948079231692676,3.5357142857142856,0.0,1.0,1.376520222579119,ERRATIC
MED-0418,SURGICAL,CABLES,2022-01-01,2025-12-01,48,171,3.5625,3.0,2.4746050619777606,14,46,2,1.0434782608695652,0.42023642602282185,0.9122807017543859,0.041666666666666664,0.9583333333333334,0.6946259823095469,STABLE
MED-0419,SURGICAL,MECHANICAL COMPONENTS,2022-01-01,2025-12-01,48,70,1.4583333333333333,0.0,2.431690886477121,7,15,33,3.2,0.17492711370262393,2.2285714285714286,0.6875,0.3125,1.6674451792985974,STABLE
MED-0420,SURGICAL,USER INTERFACE,2022-07-01,2025-12-01,42,107,2.5476190476190474,2.0,1.6849749357965198,7,39,3,1.0769230769230769,0.3336489971544286,1.3084112149532712,0.07142857142857142,0.9285714285714286,0.6613920308734004,STABLE
MED-0421,SURGICAL,LIGHTING COMPONENTS,2024-07-01,2025-12-01,18,3,0.16666666666666666,0.0,0.7071067811865476,3,1,17,18.0,0.0,18.0,0.9444444444444444,0.05555555555555555,4.242640687119286,LUMPY
MED-0422,SURGICAL,VALVES,2022-01-01,2025-12-01,48,95,1.9791666666666667,0.0,5.281398844895664,23,7,41,6.857142857142857,0.18976915974145894,2.9052631578947365,0.8541666666666666,0.14583333333333334,2.6684962584735987,INTERMITTENT
MED-0423,SURGICAL,MOTORS,2022-01-01,2025-12-01,48,148,3.0833333333333335,3.0,1.8199056946964733,8,46,2,1.0434782608695652,0.2915834753672592,0.6486486486486486,0.041666666666666664,0.9583333333333334,0.5902396847664237,STABLE
MED-0424,SURGICAL,MOTORS,2022-01-01,2025-12-01,48,86,1.7916666666666667,0.0,4.115142423187874,20,12,36,4.0,0.5905895078420765,2.9302325581395348,0.75,0.25,2.296823678058348,INTERMITTENT
MED-0425,SURGICAL,POWER COMPONENTS,2023-07-01,2025-12-01,30,116,3.8666666666666667,3.0,5.217565381070669,30,29,1,1.0344827586206897,1.7276785714285712,3.6206896551724137,0.03333333333333333,0.9666666666666667,1.3493703571734488,ERRATIC
MED-0426,SURGICAL,SENSORS,2023-01-01,2025-12-01,36,178,4.944444444444445,4.0,5.840471822645078,37,35,1,1.0285714285714285,1.3290341385891562,2.2247191011235956,0.027777777777777776,0.9722222222222222,1.1812190203102404,ERRATIC
MED-0427,SURGICAL,MOTORS,2024-01-01,2025-12-01,24,3,0.125,0.0,0.6123724356957945,3,1,23,24.0,0.0,12.0,0.9583333333333334,0.041666666666666664,4.898979485566356,LUMPY
MED-0428,SURGICAL,SENSORS,2022-01-01,2025-12-01,48,27,0.5625,0.0,2.162605304286397,13,4,44,12.0,0.38591678097850934,7.555555555555555,0.9166666666666666,0.08333333333333333,3.844631652064706,LUMPY
MED-0429,SURGICAL,POWER COMPONENTS,2022-01-01,2025-12-01,48,245,5.104166666666667,5.5,2.3085371930361456,11,47,1,1.0212765957446808,0.17910435869112507,0.7346938775510203,0.020833333333333332,0.9791666666666666,0.45228483781932644,STABLE
MED-0430,SURGICAL,LIGHTING COMPONENTS,2022-01-01,2025-12-01,48,70,1.4583333333333333,0.0,4.793427829289801,28,6,42,8.0,0.5368163265306123,4.8,0.875,0.125,3.2869219400844347,INTERMITTENT
MED-0431,SURGICAL,LIGHTING COMPONENTS,2024-01-01,2025-12-01,24,112,4.666666666666667,5.0,2.2198054491067585,8,24,0,1.0,0.22626441881100262,0.8571428571428571,0.0,1.0,0.4756725962371625,STABLE
MED-0432,SURGICAL,MOTORS,2024-07-01,2025-12-01,18,15,0.8333333333333334,0.0,1.5048939771136507,5,5,13,3.6,0.16666666666666663,3.5999999999999996,0.7222222222222222,0.2777777777777778,1.8058727725363808,STABLE
MED-0433,SURGICAL,LIGHTING COMPONENTS,2023-07-01,2025-12-01,30,134,4.466666666666667,0.0,7.86407516246631,30,9,21,3.3333333333333335,0.2237970594787258,3.3582089552238803,0.7,0.3,1.7606138423432038,STABLE
MED-0434,SURGICAL,MOTORS,2023-07-01,2025-12-01,30,22,0.7333333333333333,0.0,1.3879613761229797,4,7,23,4.285714285714286,0.04820936639118457,3.409090909090909,0.7666666666666667,0.23333333333333334,1.8926746038040634,INTERMITTENT
MED-0435,SURGICAL,MECHANICAL COMPONENTS,2024-07-01,2025-12-01,18,11,0.6111111111111112,0.0,1.4608172124206966,5,3,15,6.0,0.09917355371900828,8.181818181818182,0.8333333333333334,0.16666666666666666,2.3904281657793214,INTERMITTENT
MED-0436,SURGICAL,MECHANICAL COMPONENTS,2022-01-01,2025-12-01,48,62,1.2916666666666667,0.0,3.5905214066526887,18,7,41,6.857142857142857,0.29075615678113076,4.64516129032258,0.8541666666666666,0.14583333333333334,2.779758508376275,INTERMITTENT
MED-0437,SURGICAL,CABLES,2024-01-01,2025-12-01,24,27,1.125,0.0,1.962972457668527,7,7,17,3.4285714285714284,0.1664380429812529,4.444444444444445,0.7083333333333334,0.2916666666666667,1.7448644068164685,STABLE
MED-0438,SURGICAL,POWER COMPONENTS,2024-01-01,2025-12-01,24,57,2.375,2.0,2.183186741400306,8,18,6,1.3333333333333333,0.3783607625875835,2.3157894736842106,0.25,0.75,0.9192365226948658,STABLE
MED-0439,SURGICAL,POWER COMPONENTS,2022-01-01,2025-12-01,48,130,2.7083333333333335,2.5,1.9013806107537634,7,41,7,1.170731707317073,0.2730502958579881,1.2,0.14583333333333334,0.8541666666666666,0.7020482255090819,STABLE
MED-0440,SURGICAL,USER INTERFACE,2022-07-01,2025-12-01,42,149,3.5476190476190474,3.0,2.0146098206313887,10,42,0,1.0,0.32248382571209155,1.151006711409396,0.0,1.0,0.5678765937350223,STABLE
MED-0441,SURGICAL,CONTROL MODULES,2022-01-01,2025-12-01,48,178,3.7083333333333335,3.0,2.1827011699183925,11,47,1,1.0212765957446808,0.31809224790457946,1.348314606741573,0.020833333333333332,0.9791666666666666,0.5885935739105778,STABLE
MED-0442,SURGICAL,VALVES,2024-01-01,2025-12-01,24,5,0.20833333333333334,0.0,1.0206207261596576,5,1,23,24.0,0.0,12.0,0.9583333333333334,0.041666666666666664,4.898979485566357,LUMPY
MED-0443,SURGICAL,MECHANICAL COMPONENTS,2022-01-01,2025-12-01,48,103,2.1458333333333335,0.0,4.837748655804432,24,11,37,4.363636363636363,0.40665472711848427,2.7961165048543686,0.7708333333333334,0.22916666666666666,2.254484810471968,INTERMITTENT
MED-0444,SURGICAL,POWER COMPONENTS,2022-07-01,2025-12-01,42,146,3.4761904761904763,2.5,4.0499207775334725,22,35,7,1.2,0.9650856026403803,1.5821917808219177,0.16666666666666666,0.8333333333333334,1.1650457031260675,STABLE
MED-0445,SURGICAL,CABLES,2024-01-01,2025-12-01,24,22,0.9166666666666666,0.0,1.5857152183236396,5,7,17,3.4285714285714284,0.1494490358126722,4.363636363636364,0.7083333333333334,0.2916666666666667,1.7298711472621524,STABLE
MED-0446,SURGICAL,POWER COMPONENTS,2023-01-01,2025-12-01,36,66,1.8333333333333333,0.0,4.0743097574926725,14,7,29,5.142857142857143,0.1494490358126722,2.545454545454546,0.8055555555555556,0.19444444444444445,2.222350776814185,INTERMITTENT
MED-0447,SURGICAL,SENSORS,2022-01-01,2025-12-01,48,150,3.125,3.0,1.9419774961993461,7,45,3,1.0666666666666667,0.2986363636363637,0.72,0.0625,0.9375,0.6214327987837908,STABLE
MED-0448,SURGICAL,CONTROL MODULES,2022-01-01,2025-12-01,48,188,3.9166666666666665,4.0,2.491118977260068,13,47,1,1.0212765957446808,0.37499999999999994,1.2765957446808511,0.020833333333333332,0.9791666666666666,0.6360303771727834,STABLE
MED-0449,SURGICAL,CONTROL MODULES,2024-07-01,2025-12-01,18,48,2.6666666666666665,2.0,2.7865221840769436,9,14,4,1.2857142857142858,0.6244658119658121,2.8125,0.2222222222222222,0.7777777777777778,1.0449458190288539,STABLE
MED-0450,SURGICAL,SENSORS,2023-07-01,2025-12-01,30,20,0.6666666666666666,0.0,1.6470105276411924,7,6,24,5.0,0.456,5.25,0.8,0.2,2.470515791461789,INTERMITTENT
MED-0451,SURGICAL,MOTORS,2022-01-01,2025-12-01,48,77,1.6041666666666667,0.0,3.3117430220310924,13,14,34,3.4285714285714284,0.5479974570883663,2.1818181818181817,0.7083333333333334,0.2916666666666667,2.0644631825648365,STABLE
MED-0452,SURGICAL,POWER COMPONENTS,2022-01-01,2025-12-01,48,44,0.9166666666666666,0.0,2.30478995519953,11,9,39,5.333333333333333,0.3916580578512396,3.0,0.8125,0.1875,2.514316314763124,INTERMITTENT
MED-0453,SURGICAL,POWER COMPONENTS,2022-01-01,2025-12-01,48,172,3.5833333333333335,3.0,2.558534598316025,18,48,0,1.0,0.5098097879244676,1.3255813953488371,0.0,1.0,0.714009655344007,STABLE
MED-0454,SURGICAL,POWER COMPONENTS,2022-01-01,2025-12-01,48,39,0.8125,0.0,2.4377898081943346,12,7,41,6.857142857142857,0.5031777339469646,3.6923076923076925,0.8541666666666666,0.14583333333333334,3.000356687008412,INTERMITTENT
MED-0455,SURGICAL,POWER COMPONENTS,2022-01-01,2025-12-01,48,81,1.6875,0.0,3.301555081692082,11,12,36,4.0,0.20401546327472253,2.814814814814815,0.75,0.25,1.9564770854471598,INTERMITTENT
MED-0456,SURGICAL,MOTORS,2022-01-01,2025-12-01,48,181,3.7708333333333335,3.0,2.290030040993454,11,43,5,1.1162790697674418,0.22456870175193797,0.861878453038674,0.10416666666666667,0.8958333333333334,0.6073007843518552,STABLE
MED-0457,SURGICAL,POWER COMPONENTS,2023-01-01,2025-12-01,36,159,4.416666666666667,4.0,2.8822114525382863,13,34,2,1.0588235294117647,0.34563506190419685,1.4339622641509435,0.05555555555555555,0.9444444444444444,0.6525761779331969,STABLE
MED-0458,SURGICAL,POWER COMPONENTS,2022-07-01,2025-12-01,42,175,4.166666666666667,4.0,4.438834535384297,24,37,5,1.135135135135135,0.8807510204081631,2.04,0.11904761904761904,0.8809523809523809,1.0653202884922313,STABLE
MED-0459,SURGICAL,VALVES,2024-07-01,2025-12-01,18,25,1.3888888888888888,0.0,2.404380533866049,7,5,13,3.6,0.08,3.6,0.7222222222222222,0.2777777777777778,1.7311539843835553,STABLE
MED-0460,SURGICAL,SENSORS,2022-07-01,2025-12-01,42,79,1.880952380952381,0.0,5.674944422000895,29,6,36,7.0,0.49472840890882874,7.620253164556963,0.8571428571428571,0.14285714285714285,3.017059059797944,INTERMITTENT
MED-0461,SURGICAL,POWER COMPONENTS,2022-01-01,2025-12-01,48,165,3.4375,3.0,1.6361117633363742,6,46,2,1.0434782608695652,0.17470707070707073,0.509090909090909,0.041666666666666664,0.9583333333333334,0.4759597856978543,STABLE
MED-0462,SURGICAL,VALVES,2022-01-01,2025-12-01,48,111,2.3125,0.0,5.4349391744330715,23,9,39,5.333333333333333,0.22680788897005108,2.5945945945945947,0.8125,0.1875,2.350243967322409,INTERMITTENT
MED-0463,SURGICAL,USER INTERFACE,2022-01-01,2025-12-01,48,238,4.958333333333333,5.0,2.4577998579713465,12,48,0,1.0,0.24570929748620346,0.8067226890756303,0.0,1.0,0.4956907276580867,STABLE
MED-0464,SURGICAL,POWER COMPONENTS,2022-01-01,2025-12-01,48,177,3.6875,3.0,2.2136544349664895,9,46,2,1.0434782608695652,0.30308730640053055,1.2881355932203389,0.041666666666666664,0.9583333333333334,0.6003130671095565,STABLE
MED-0465,SURGICAL,POWER COMPONENTS,2023-07-01,2025-12-01,30,58,1.9333333333333333,0.0,3.61923342362891,12,8,22,3.75,0.19432648207915745,4.310344827586207,0.7333333333333333,0.26666666666666666,1.872017288083919,STABLE
MED-0466,SURGICAL,USER INTERFACE,2023-01-01,2025-12-01,36,142,3.9444444444444446,4.0,2.329248124480693,9,34,2,1.0588235294117647,0.27264912565448174,0.8450704225352113,0.05555555555555555,0.9444444444444444,0.5905136090232743,STABLE
MED-0467,SURGICAL,MOTORS,2022-01-01,2025-12-01,48,214,4.458333333333333,4.0,3.017384617359546,14,44,4,1.0909090909090908,0.33542484669119066,1.177570093457944,0.08333333333333333,0.9166666666666666,0.6767965496881225,STABLE
MED-0468,SURGICAL,LIGHTING COMPONENTS,2022-01-01,2025-12-01,48,130,2.7083333333333335,2.0,3.2548381881755155,18,41,7,1.170731707317073,1.0886834319526628,2.123076923076923,0.14583333333333334,0.8541666666666666,1.2017864079417286,ERRATIC
MED-0469,SURGICAL,CONTROL MODULES,2022-01-01,2025-12-01,48,169,3.5208333333333335,3.0,1.9677136893157414,11,47,1,1.0212765957446808,0.28468891145268027,0.923076923076923,0.020833333333333332,0.9791666666666666,0.5588772608707431,STABLE
MED-0470,SURGICAL,VALVES,2022-01-01,2025-12-01,48,75,1.5625,0.0,4.10969921765261,20,10,38,4.8,0.6883950617283949,3.84,0.7916666666666666,0.20833333333333334,2.6302074992976703,INTERMITTENT
MED-0471,SURGICAL,MOTORS,2023-01-01,2025-12-01,36,82,2.2777777777777777,0.0,4.994918052301394,27,11,25,3.272727272727273,0.807495538370018,3.951219512195122,0.6944444444444444,0.3055555555555556,2.1928908522298802,STABLE
MED-0472,SURGICAL,SENSORS,2023-01-01,2025-12-01,36,69,1.9166666666666667,0.0,2.8422827847649903,10,13,23,2.769230769230769,0.14426240985787303,2.782608695652174,0.6388888888888888,0.3611111111111111,1.4829301485730384,STABLE
MED-0473,SURGICAL,MECHANICAL COMPONENTS,2022-01-01,2025-12-01,48,169,3.5208333333333335,0.0,9.419286649895936,52,10,38,4.8,0.7426210566856905,3.692307692307692,0.7916666666666666,0.20833333333333334,2.6753003502663013,INTERMITTENT
MED-0474,SURGICAL,CABLES,2024-07-01,2025-12-01,18,81,4.5,4.5,2.5724787771376323,9,17,1,1.0588235294117647,0.25068587105624146,1.8888888888888888,0.05555555555555555,0.9444444444444444,0.5716619504750294,STABLE
MED-0475,SURGICAL,USER INTERFACE,2023-07-01,2025-12-01,30,106,3.533333333333333,4.0,1.71671967332515,7,30,0,1.0,0.2360638833306736,1.1320754716981132,0.0,1.0,0.48586405848825,STABLE
MED-0476,SURGICAL,VALVES,2023-07-01,2025-12-01,30,52,1.7333333333333334,0.0,4.378106450505061,16,5,25,6.0,0.2431582840236686,4.615384615384615,0.8333333333333334,0.16666666666666666,2.5258306445221503,INTERMITTENT
MED-0477,SURGICAL,LIGHTING COMPONENTS,2024-01-01,2025-12-01,24,83,3.4583333333333335,3.0,2.6699481621195935,10,23,1,1.0434782608695652,0.5287216775096001,1.7349397590361446,0.041666666666666664,0.9583333333333334,0.7720332035044607,STABLE
MED-0478,SURGICAL,CONTROL MODULES,2022-01-01,2025-12-01,48,148,3.0833333333333335,2.5,2.7040814961070705,14,42,6,1.1428571428571428,0.5469899695344653,1.2972972972972971,0.125,0.875,0.8769994041428336,STABLE
MED-0479,SURGICAL,POWER COMPONENTS,2022-01-01,2025-12-01,48,93,1.9375,2.0,1.7061372322644943,7,36,12,1.3333333333333333,0.3285862940389474,1.6774193548387097,0.25,0.75,0.8805869585881261,STABLE
MED-0480,SURGICAL,MECHANICAL COMPONENTS,2022-01-01,2025-12-01,48,111,2.3125,0.0,5.36401028923125,26,10,38,4.8,0.33988943898853813,2.810810810810811,0.7916666666666666,0.20833333333333334,2.319572016964865,INTERMITTENT
MED-0481,SURGICAL,SENSORS,2022-07-01,2025-12-01,42,75,1.7857142857142858,0.0,6.090919728242074,33,5,37,8.4,0.5888888888888889,6.159999999999999,0.8809523809523809,0.11904761904761904,3.4109150478155614,INTERMITTENT
MED-0482,SURGICAL,CABLES,2022-01-01,2025-12-01,48,161,3.3541666666666665,3.0,1.9622998158731724,10,48,0,1.0,0.342264179130205,1.0434782608695652,0.0,1.0,0.585033485477716,STABLE
MED-0483,SURGICAL,POWER COMPONENTS,2024-07-01,2025-12-01,18,72,4.0,4.5,2.497057091387191,9,15,3,1.2,0.1500496031746032,1.5,0.16666666666666666,0.8333333333333334,0.6242642728467978,STABLE
MED-0484,SURGICAL,CONTROL MODULES,2022-01-01,2025-12-01,48,184,3.8333333333333335,4.0,2.2628670698665716,10,48,0,1.0,0.34846961348188055,1.0434782608695652,0.0,1.0,0.5903131486608447,STABLE
MED-0485,SURGICAL,MOTORS,2022-01-01,2025-12-01,48,42,0.875,0.0,1.552280408974199,5,13,35,3.6923076923076925,0.11422902494331066,2.0,0.7291666666666666,0.2708333333333333,1.7740347531133704,STABLE
MED-0486,SURGICAL,MOTORS,2024-07-01,2025-12-01,18,14,0.7777777777777778,0.0,1.4371358589653878,4,5,13,3.6,0.21683673469387757,5.142857142857142,0.7222222222222222,0.2777777777777778,1.84774610438407,STABLE
MED-0487,SURGICAL,LIGHTING COMPONENTS,2022-07-01,2025-12-01,42,206,4.904761904761905,5.0,2.3038623329628583,11,42,0,1.0,0.2206364131696741,1.087378640776699,0.0,1.0,0.4697195047788351,STABLE
MED-0488,SURGICAL,POWER COMPONENTS,2022-01-01,2025-12-01,48,62,1.2916666666666667,0.0,3.5487986180122526,20,9,39,5.333333333333333,0.6450312174817896,3.8709677419354835,0.8125,0.1875,2.747456994590131,INTERMITTENT
MED-0489,SURGICAL,VALVES,2022-01-01,2025-12-01,48,104,2.1666666666666665,0.0,5.509501785922028,28,9,39,5.333333333333333,0.421458949704142,3.230769230769231,0.8125,0.1875,2.542846978117859,INTERMITTENT
MED-0490,SURGICAL,POWER COMPONENTS,2023-07-01,2025-12-01,30,119,3.966666666666667,4.0,1.650148025404729,7,30,0,1.0,0.17305908164482825,0.7563025210084033,0.0,1.0,0.4160037038835451,STABLE
MED-0491,SURGICAL,VALVES,2023-07-01,2025-12-01,30,19,0.6333333333333333,0.0,1.3256965204630418,4,6,24,5.0,0.05650969529085874,3.1578947368421053,0.8,0.2,2.093205032310066,INTERMITTENT
MED-0492,SURGICAL,LIGHTING COMPONENTS,2024-07-01,2025-12-01,18,47,2.611111111111111,2.5,2.226548077152003,7,15,3,1.2,0.4345857854232683,2.2978723404255317,0.16666666666666666,0.8333333333333334,0.8527205401858735,STABLE
MED-0493,SURGICAL,CABLES,2022-01-01,2025-12-01,48,116,2.4166666666666665,0.0,5.767972221335614,38,19,29,2.526315789473684,1.6928425155238471,4.758620689655173,0.6041666666666666,0.3958333333333333,2.3867471260699094,ERRATIC
MED-0494,SURGICAL,CABLES,2022-01-01,2025-12-01,48,56,1.1666666666666667,0.0,2.1863535496281545,7,14,34,3.4285714285714284,0.3173076923076923,2.357142857142857,0.7083333333333334,0.2916666666666667,1.8740173282527037,STABLE
MED-0495,SURGICAL,LIGHTING COMPONENTS,2022-01-01,2025-12-01,48,229,4.770833333333333,5.0,3.1164599620459525,15,45,3,1.0666666666666667,0.33669006381197225,1.1528384279475983,0.0625,0.9375,0.6532317824375796,STABLE
MED-0496,LABORATORY,VALVES,2022-01-01,2025-12-01,48,107,2.2291666666666665,0.0,6.32199666592538,31,7,41,6.857142857142857,0.34340699333275115,3.476635514018692,0.8541666666666666,0.14583333333333334,2.836035887517928,INTERMITTENT
MED-0497,LABORATORY,SENSORS,2022-07-01,2025-12-01,42,70,1.6666666666666667,0.0,2.9273034846180384,10,12,30,3.5,0.15940630797773658,3.1999999999999997,0.7142857142857143,0.2857142857142857,1.756382090770823,STABLE
MED-0498,LABORATORY,MOTORS,2022-01-01,2025-12-01,48,56,1.1666666666666667,0.0,2.2628670698665716,7,12,36,4.0,0.186456400742115,2.571428571428571,0.75,0.25,1.9396003455999185,INTERMITTENT
MED-0499,LABORATORY,MOTORS,2022-01-01,2025-12-01,48,152,3.1666666666666665,0.0,13.439119356491114,85,5,43,9.6,1.1765278739612195,6.710526315789474,0.8958333333333334,0.10416666666666667,4.243932428365615,LUMPY
MED-0500,LABORATORY,USER INTERFACE,2022-07-01,2025-12-01,42,125,2.9761904761904763,3.0,1.9567032408083787,8,40,2,1.05,0.36332307692307686,1.1199999999999999,0.047619047619047616,0.9523809523809523,0.6574522889116152,STABLE
MED-0501,LABORATORY,MECHANICAL COMPONENTS,2022-01-01,2025-12-01,48,53,1.1041666666666667,0.0,2.013143866431397,7,15,33,3.2,0.3532014443370799,2.943396226415094,0.6875,0.3125,1.8232246337491897,STABLE
MED-0502,LABORATORY,OPTICAL COMPONENTS,2023-01-01,2025-12-01,36,67,1.8611111111111112,0.0,4.182636064068263,17,7,29,5.142857142857143,0.17412935323383083,3.044776119402985,0.8055555555555556,0.19444444444444445,2.247386541887425,INTERMITTENT
MED-0503,LABORATORY,POWER COMPONENTS,2022-07-01,2025-12-01,42,229,5.4523809523809526,4.0,5.109543347226768,30,37,5,1.135135135135135,0.6538533251124544,2.0938864628820957,0.11904761904761904,0.8809523809523809,0.937121487264298,STABLE
MED-0504,LABORATORY,COOLING COMPONENTS,2022-01-01,2025-12-01,48,180,3.75,4.0,1.7805091311075736,7,46,2,1.0434782608695652,0.17365157750342936,0.6,0.041666666666666664,0.9583333333333334,0.4748024349620196,STABLE
MED-0505,LABORATORY,USER INTERFACE,2022-01-01,2025-12-01,48,255,5.3125,4.0,2.983331352271619,15,46,2,1.0434782608695652,0.2599061899269512,1.0823529411764705,0.041666666666666664,0.9583333333333334,0.561568254545246,STABLE
MED-0506,LABORATORY,POWER COMPONENTS,2022-07-01,2025-12-01,42,101,2.4047619047619047,2.0,1.781469985091427,6,38,4,1.105263157894737,0.3999978804409743,1.524752475247525,0.09523809523809523,0.9047619047619048,0.7408093007310885,STABLE
MED-0507,LABORATORY,MOTORS,2022-07-01,2025-12-01,42,175,4.166666666666667,4.0,3.0597040082148763,11,37,5,1.135135135135135,0.3542603174603174,1.38,0.11904761904761904,0.8809523809523809,0.7343289619715703,STABLE
MED-0508,LABORATORY,USER INTERFACE,2022-01-01,2025-12-01,48,233,4.854166666666667,4.0,4.4577906145444475,26,45,3,1.0666666666666667,0.7278470944222754,1.8025751072961371,0.0625,0.9375,0.9183431308932767,STABLE
MED-0509,LABORATORY,COOLING COMPONENTS,2022-01-01,2025-12-01,48,186,3.875,0.0,9.02390442457309,48,10,38,4.8,0.3495587158438356,3.870967741935484,0.7916666666666666,0.20833333333333334,2.3287495289220876,INTERMITTENT
MED-0510,LABORATORY,SENSORS,2022-01-01,2025-12-01,48,46,0.9583333333333334,0.0,2.483634376536139,11,9,39,5.333333333333333,0.4731805293005672,3.391304347826087,0.8125,0.1875,2.591618479863797,INTERMITTENT
MED-0511,LABORATORY,PUMPS,2022-01-01,2025-12-01,48,41,0.8541666666666666,0.0,1.7133963202816238,5,11,37,4.363636363636363,0.14527067221891732,2.926829268292683,0.7708333333333334,0.22916666666666666,2.0059273993540963,INTERMITTENT
MED-0512,LABORATORY,SENSORS,2024-01-01,2025-12-01,24,140,5.833333333333333,5.0,3.9416027049993216,14,23,1,1.0434782608695652,0.3948191094619665,1.885714285714286,0.041666666666666664,0.9583333333333334,0.6757033208570266,STABLE
MED-0513,LABORATORY,SENSORS,2022-01-01,2025-12-01,48,59,1.2291666666666667,0.0,2.354168628003953,11,15,33,3.2,0.46599909713957394,2.6440677966101696,0.6875,0.3125,1.9152558329523683,STABLE
MED-0514,LABORATORY,COOLING COMPONENTS,2022-07-01,2025-12-01,42,42,1.0,0.0,2.0121581666968624,8,10,32,4.2,0.19904257999496094,3.6666666666666665,0.7619047619047619,0.23809523809523808,2.0121581666968624,INTERMITTENT
MED-0515,LABORATORY,PUMPS,2023-01-01,2025-12-01,36,10,0.2777777777777778,0.0,1.6666666666666667,10,1,35,36.0,0.0,12.0,0.9722222222222222,0.027777777777777776,6.0,LUMPY
MED-0516,LABORATORY,MECHANICAL COMPONENTS,2023-07-01,2025-12-01,30,42,1.4,0.0,2.2065732521811685,7,10,20,3.0,0.14865205341395818,3.2142857142857144,0.6666666666666666,0.3333333333333333,1.5761237515579776,STABLE
MED-0517,LABORATORY,MOTORS,2022-01-01,2025-12-01,48,93,1.9375,0.0,3.144777839462506,11,18,30,2.6666666666666665,0.36249005325335115,2.5806451612903225,0.625,0.375,1.6231111429483902,STABLE
MED-0518,LABORATORY,VALVES,2022-07-01,2025-12-01,42,100,2.380952380952381,0.0,7.583526372445709,45,8,34,5.25,1.2306285714285714,4.725,0.8095238095238095,0.19047619047619047,3.1850810764271977,LUMPY
MED-0519,LABORATORY,MOTORS,2022-01-01,2025-12-01,48,61,1.2708333333333333,0.0,2.7112027897919933,10,10,38,4.8,0.15199020573919797,2.9508196721311477,0.7916666666666666,0.20833333333333334,2.1334054739346833,INTERMITTENT
MED-0520,LABORATORY,USER INTERFACE,2024-07-01,2025-12-01,18,84,4.666666666666667,4.5,2.7439773622801416,10,16,2,1.125,0.19108087679516247,1.607142857142857,0.1111111111111111,0.8888888888888888,0.5879951490600303,STABLE
MED-0521,LABORATORY,CONTROL MODULES,2022-01-01,2025-12-01,48,187,3.8958333333333335,3.5,2.911748639880161,11,44,4,1.0909090909090908,0.4277782248330248,1.0909090909090908,0.08333333333333333,0.9166666666666666,0.7474007203970466,STABLE
MED-0522,LABORATORY,POWER COMPONENTS,2023-01-01,2025-12-01,36,118,3.2777777777777777,3.0,2.6469509263205473,13,33,3,1.0909090909090908,0.5134031169204252,1.1186440677966103,0.08333333333333333,0.9166666666666666,0.8075443504028789,STABLE
MED-0523,LABORATORY,POWER COMPONENTS,2023-01-01,2025-12-01,36,178,4.944444444444445,4.0,6.572429185379284,41,35,1,1.0285714285714285,1.69064734844828,3.370786516853933,0.027777777777777776,0.9722222222222222,1.329255340863226,ERRATIC
MED-0524,LABORATORY,POWER COMPONENTS,2022-01-01,2025-12-01,48,178,3.7083333333333335,3.0,3.2285846535669815,16,45,3,1.0666666666666667,0.6477100572700877,1.6179775280898876,0.0625,0.9375,0.8706295695012085,STABLE
MED-0525,LABORATORY,USER INTERFACE,2024-01-01,2025-12-01,24,135,5.625,5.5,2.7475285336968316,12,24,0,1.0,0.23858293075684384,0.9777777777777777,0.0,1.0,0.48844951710165896,STABLE
MED-0526,LABORATORY,OPTICAL COMPONENTS,2022-07-01,2025-12-01,42,127,3.0238095238095237,0.0,7.998439162486931,40,7,35,6.0,0.3558807117614235,3.3070866141732282,0.8333333333333334,0.16666666666666666,2.6451531088539455,INTERMITTENT
MED-0527,LABORATORY,SENSORS,2023-01-01,2025-12-01,36,68,1.8888888888888888,0.0,4.241143900801007,22,9,27,4.0,0.5347642733564014,3.8823529411764706,0.75,0.25,2.245311476894651,INTERMITTENT
MED-0528,LABORATORY,CONTROL MODULES,2022-07-01,2025-12-01,42,146,3.4761904761904763,2.0,4.295420676965437,26,36,6,1.1666666666666667,1.1671554566656834,2.1335616438356166,0.14285714285714285,0.8571428571428571,1.2356689618667693,ERRATIC
MED-0529,LABORATORY,COOLING COMPONENTS,2022-01-01,2025-12-01,48,60,1.25,0.0,2.0679931684318618,7,16,32,3.0,0.2417777777777778,2.4,0.6666666666666666,0.3333333333333333,1.6543945347454894,STABLE
MED-0530,LABORATORY,PUMPS,2024-01-01,2025-12-01,24,36,1.5,0.0,2.570738347668606,7,7,17,3.4285714285714284,0.13143004115226337,2.6666666666666665,0.7083333333333334,0.2916666666666667,1.713825565112404,STABLE
MED-0531,LABORATORY,USER INTERFACE,2022-01-01,2025-12-01,48,59,1.2291666666666667,0.0,4.908696509098899,31,5,43,9.6,0.9135305946567077,6.305084745762711,0.8958333333333334,0.10416666666666667,3.9935158040126635,INTERMITTENT
MED-0532,LABORATORY,PUMPS,2023-07-01,2025-12-01,30,184,6.133333333333334,6.0,3.1043166090454437,14,30,0,1.0,0.25617625969623875,0.8967391304347826,0.0,1.0,0.5061385775617571,STABLE
MED-0533,LABORATORY,COOLING COMPONENTS,2023-07-01,2025-12-01,30,57,1.9,0.0,3.670478687188287,12,7,23,4.285714285714286,0.08761670257515135,2.368421052631579,0.7666666666666667,0.23333333333333334,1.9318308879938353,INTERMITTENT
MED-0534,LABORATORY,USER INTERFACE,2022-01-01,2025-12-01,48,275,5.729166666666667,5.0,4.845439107226916,35,48,0,1.0,0.7152919992966414,1.6581818181818182,0.0,1.0,0.8457493714432435,STABLE
MED-0535,LABORATORY,VALVES,2022-01-01,2025-12-01,48,242,5.041666666666667,5.0,3.3830512057893696,17,46,2,1.0434782608695652,0.3893115983273759,0.793388429752066,0.041666666666666664,0.9583333333333334,0.6710184209830155,STABLE
MED-0536,LABORATORY,VALVES,2022-01-01,2025-12-01,48,125,2.6041666666666665,0.0,9.586647592184537,61,6,42,8.0,0.9404160000000003,5.856000000000001,0.875,0.125,3.6812726753988625,INTERMITTENT
MED-0537,LABORATORY,CONTROL MODULES,2022-01-01,2025-12-01,48,183,3.8125,3.0,3.0711855774381056,21,47,1,1.0212765957446808,0.6144042105973798,1.5737704918032787,0.020833333333333332,0.9791666666666666,0.8055568727706507,STABLE
MED-0538,LABORATORY,SENSORS,2023-07-01,2025-12-01,30,167,5.566666666666666,5.0,3.856774901867901,16,28,2,1.0714285714285714,0.3799878619341489,1.25748502994012,0.06666666666666667,0.9333333333333333,0.6928338147068086,STABLE
MED-0539,LABORATORY,PUMPS,2022-01-01,2025-12-01,48,159,3.3125,3.0,1.5865961156017474,6,46,2,1.0434782608695652,0.17746660865208397,0.4528301886792453,0.041666666666666664,0.9583333333333334,0.4789724122571313,STABLE
MED-0540,LABORATORY,MECHANICAL COMPONENTS,2022-01-01,2025-12-01,48,90,1.875,0.0,4.040354945435658,22,15,33,3.2,0.7857142857142857,4.266666666666667,0.6875,0.3125,2.154855970899018,STABLE
MED-0541,LABORATORY,CONTROL MODULES,2022-01-01,2025-12-01,48,186,3.875,4.0,2.0381990381581816,8,46,2,1.0434782608695652,0.22278747703652316,0.9032258064516129,0.041666666666666664,0.9583333333333334,0.5259868485569501,STABLE
MED-0542,LABORATORY,PUMPS,2022-07-01,2025-12-01,42,159,3.7857142857142856,4.0,1.8939662124592618,9,41,1,1.024390243902439,0.2200743641469879,1.3427672955974843,0.023809523809523808,0.9761904761904762,0.5002929617816918,STABLE
MED-0543,LABORATORY,MECHANICAL COMPONENTS,2023-01-01,2025-12-01,36,67,1.8611111111111112,0.0,5.083040584856823,22,5,31,7.2,0.18266874582312315,3.9402985074626864,0.8611111111111112,0.1388888888888889,2.731185985893218,INTERMITTENT
MED-0544,LABORATORY,SENSORS,2023-01-01,2025-12-01,36,139,3.861111111111111,4.0,2.474472847500225,10,33,3,1.0909090909090908,0.29153188240774286,0.7769784172661871,0.08333333333333333,0.9166666666666666,0.6408706655396267,STABLE
MED-0545,LABORATORY,PUMPS,2024-01-01,2025-12-01,24,114,4.75,4.5,3.6385615887026854,15,21,3,1.1428571428571428,0.38538781163434893,2.0,0.125,0.875,0.7660129660426707,STABLE
MED-0546,LABORATORY,MECHANICAL COMPONENTS,2022-01-01,2025-12-01,48,78,1.625,0.0,4.25578454901791,21,9,39,5.333333333333333,0.5025887573964498,5.230769230769231,0.8125,0.1875,2.618944337857175,INTERMITTENT
MED-0547,LABORATORY,SENSORS,2022-01-01,2025-12-01,48,284,5.916666666666667,5.0,4.261821273513928,20,45,3,1.0666666666666667,0.4231861237849634,1.0140845070422535,0.0625,0.9375,0.7203078208755934,STABLE
MED-0548,LABORATORY,PUMPS,2022-07-01,2025-12-01,42,62,1.4761904761904763,0.0,2.3606333920400266,8,14,28,3.0,0.1781797806771792,2.3709677419354835,0.6666666666666666,0.3333333333333333,1.5991387494464695,STABLE
MED-0549,LABORATORY,SENSORS,2022-01-01,2025-12-01,48,205,4.270833333333333,0.0,13.726414329846303,81,8,40,6.0,0.9741956318517888,4.741463414634147,0.8333333333333334,0.16666666666666666,3.2139896967445005,INTERMITTENT
MED-0550,LABORATORY,COOLING COMPONENTS,2024-07-01,2025-12-01,18,27,1.5,0.0,3.4683442396489252,10,3,15,6.0,0.012345679012345678,6.333333333333333,0.8333333333333334,0.16666666666666666,2.3122294930992835,INTERMITTENT
MED-0551,LABORATORY,SENSORS,2022-01-01,2025-12-01,48,120,2.5,0.0,3.20902981295368,9,20,28,2.4,0.0935672514619883,2.2,0.5833333333333334,0.4166666666666667,1.283611925181472,STABLE
MED-0552,LABORATORY,MECHANICAL COMPONENTS,2022-01-01,2025-12-01,48,52,1.0833333333333333,0.0,2.2297154988190218,12,14,34,3.4285714285714284,0.5400546199362767,3.230769230769231,0.7083333333333334,0.2916666666666667,2.0581989219867896,STABLE
MED-0553,LABORATORY,VALVES,2024-01-01,2025-12-01,24,84,3.5,0.0,7.796320202226957,31,5,19,4.8,0.2487244897959183,4.428571428571429,0.7916666666666666,0.20833333333333334,2.2275200577791305,INTERMITTENT
MED-0554,LABORATORY,CONTROL MODULES,2023-01-01,2025-12-01,36,134,3.7222222222222223,4.0,1.9509867263385485,7,36,0,1.0,0.27472870190624704,0.9850746268656715,0.0,1.0,0.5241456876730429,STABLE
MED-0555,LABORATORY,SENSORS,2022-07-01,2025-12-01,42,65,1.5476190476190477,0.0,2.643006242458977,10,12,30,3.5,0.1081871974179666,2.2615384615384615,0.7142857142857143,0.2857142857142857,1.7077886489734928,STABLE
MED-0556,LABORATORY,OPTICAL COMPONENTS,2023-07-01,2025-12-01,30,136,4.533333333333333,0.0,7.304855887711262,21,9,21,3.3333333333333335,0.059607482698961926,3.5294117647058822,0.7,0.3,1.6113652693480724,STABLE
MED-0557,LABORATORY,MECHANICAL COMPONENTS,2023-07-01,2025-12-01,30,93,3.1,0.0,6.007753610816264,20,8,22,3.75,0.2683712402755067,3.8709677419354835,0.7333333333333333,0.26666666666666666,1.937985035747182,STABLE
MED-0558,LABORATORY,MECHANICAL COMPONENTS,2022-01-01,2025-12-01,48,169,3.5208333333333335,3.0,2.4839020720523783,12,47,1,1.0212765957446808,0.4662773651513238,1.349112426035503,0.020833333333333332,0.9791666666666666,0.7054869790444624,STABLE
MED-0559,LABORATORY,USER INTERFACE,2024-07-01,2025-12-01,18,62,3.4444444444444446,3.0,2.0926263324636483,6,17,1,1.0588235294117647,0.2907778355879293,1.596774193548387,0.05555555555555555,0.9444444444444444,0.6075366771668655,STABLE
MED-0560,LABORATORY,MOTORS,2024-07-01,2025-12-01,18,9,0.5,0.0,1.465284553774253,6,3,15,6.0,0.7777777777777778,6.0,0.8333333333333334,0.16666666666666666,2.930569107548506,INTERMITTENT
MED-0561,LABORATORY,POWER COMPONENTS,2022-01-01,2025-12-01,48,272,5.666666666666667,5.0,4.284228043542735,24,45,3,1.0666666666666667,0.4727127732777605,1.6323529411764706,0.0625,0.9375,0.7560402429781298,STABLE
MED-0562,LABORATORY,USER INTERFACE,2022-01-01,2025-12-01,48,314,6.541666666666667,5.0,6.351271721653035,46,48,0,1.0,0.9426371791872786,1.7197452229299361,0.0,1.0,0.9708950402526931,STABLE
MED-0563,LABORATORY,MOTORS,2022-01-01,2025-12-01,48,60,1.25,0.0,2.522241488767397,10,11,37,4.363636363636363,0.15705555555555564,2.6,0.7708333333333334,0.22916666666666666,2.0177931910139177,INTERMITTENT
MED-0564,LABORATORY,PUMPS,2023-07-01,2025-12-01,30,68,2.2666666666666666,0.0,7.225115836481427,39,8,22,3.75,2.1552150271873454,8.602941176470589,0.7333333333333333,0.26666666666666666,3.1875511043300415,ERRATIC
MED-0565,LABORATORY,COOLING COMPONENTS,2022-01-01,2025-12-01,48,123,2.5625,0.0,5.355078122878102,21,10,38,4.8,0.11023714573189095,3.317073170731707,0.7916666666666666,0.20833333333333334,2.089786584537796,INTERMITTENT
MED-0566,LABORATORY,COOLING COMPONENTS,2022-07-01,2025-12-01,42,104,2.4761904761904763,0.0,5.700826192746722,28,9,33,4.666666666666667,0.36341993343195256,4.139423076923077,0.7857142857142857,0.21428571428571427,2.302256731686176,INTERMITTENT
MED-0567,LABORATORY,OPTICAL COMPONENTS,2024-07-01,2025-12-01,18,24,1.3333333333333333,0.0,3.7416573867739413,15,3,15,6.0,0.609375,7.875,0.8333333333333334,0.16666666666666666,2.806243040080456,INTERMITTENT
MED-0568,LABORATORY,SENSORS,2023-07-01,2025-12-01,30,117,3.9,4.0,1.8448436995751345,8,29,1,1.0344827586206897,0.1820387589618359,1.3675213675213675,0.03333333333333333,0.9666666666666667,0.4730368460449063,STABLE
MED-0569,LABORATORY,POWER COMPONENTS,2024-01-01,2025-12-01,24,140,5.833333333333333,5.5,3.2792717466543997,13,24,0,1.0,0.3160248447204969,1.2,0.0,1.0,0.56216087085504,STABLE
MED-0570,LABORATORY,POWER COMPONENTS,2022-01-01,2025-12-01,48,196,4.083333333333333,3.0,3.0305770346784735,17,46,2,1.0434782608695652,0.48577907353417554,1.2857142857142858,0.041666666666666664,0.9583333333333334,0.7421821309416671,STABLE
MED-0571,LABORATORY,OPTICAL COMPONENTS,2022-07-01,2025-12-01,42,108,2.5714285714285716,2.0,1.2521758066945234,5,40,2,1.05,0.17727128838239944,0.7777777777777777,0.047619047619047616,0.9523809523809523,0.4869572581589813,STABLE
MED-0572,LABORATORY,USER INTERFACE,2023-01-01,2025-12-01,36,106,2.9444444444444446,3.0,1.5296020854073584,6,33,3,1.0909090909090908,0.16208503915984337,0.9056603773584905,0.08333333333333333,0.9166666666666666,0.5194875007043859,STABLE
MED-0573,LABORATORY,COOLING COMPONENTS,2022-01-01,2025-12-01,48,83,1.7291666666666667,0.0,2.9732107677565587,11,16,32,3.0,0.3181884163158659,2.891566265060241,0.6666666666666666,0.3333333333333333,1.7194471909917448,STABLE
MED-0574,LABORATORY,MECHANICAL COMPONENTS,2022-01-01,2025-12-01,48,279,5.8125,0.0,18.550283876935513,95,8,40,6.0,0.9472642951657867,4.086021505376344,0.8333333333333334,0.16666666666666666,3.1914466885050343,INTERMITTENT
MED-0575,LABORATORY,COOLING COMPONENTS,2023-07-01,2025-12-01,30,36,1.2,0.0,2.4691196253195047,12,9,21,3.3333333333333335,0.5937499999999999,5.833333333333334,0.7,0.3,2.057599687766254,STABLE
MED-0576,EMERGENCY,POWER COMPONENTS,2024-07-01,2025-12-01,18,52,2.888888888888889,3.0,1.6764419215528672,6,17,1,1.0588235294117647,0.26012389053254437,1.7307692307692308,0.05555555555555555,0.9444444444444444,0.5803068189990694,STABLE
MED-0577,EMERGENCY,SENSORS,2022-01-01,2025-12-01,48,42,0.875,0.0,1.7458156662218185,5,10,38,4.8,0.02267573696145125,2.5714285714285716,0.7916666666666666,0.20833333333333334,1.9952179042535068,INTERMITTENT
MED-0578,EMERGENCY,POWER COMPONENTS,2023-07-01,2025-12-01,30,116,3.8666666666666667,3.5,2.775922752245959,11,27,3,1.1111111111111112,0.3617945669075276,1.4224137931034482,0.1,0.9,0.7179110566153342,STABLE
MED-0579,EMERGENCY,CABLES,2024-01-01,2025-12-01,24,92,3.8333333333333335,4.0,2.1196116680157253,8,23,1,1.0434782608695652,0.25,1.434782608695652,0.041666666666666664,0.9583333333333334,0.5529421742649718,STABLE
MED-0580,EMERGENCY,POWER COMPONENTS,2022-01-01,2025-12-01,48,282,5.875,4.0,4.66597005945652,19,46,2,1.0434782608695652,0.5624510280614098,1.1063829787234043,0.041666666666666664,0.9583333333333334,0.7942076696947269,STABLE
MED-0581,EMERGENCY,SENSORS,2023-07-01,2025-12-01,30,40,1.3333333333333333,0.0,2.4116575117588708,8,10,20,3.0,0.4305555555555555,2.0,0.6666666666666666,0.3333333333333333,1.808743133819153,STABLE
MED-0582,EMERGENCY,POWER COMPONENTS,2022-01-01,2025-12-01,48,140,2.9166666666666665,0.0,12.11440734201335,79,5,43,9.6,1.0797193877551021,6.771428571428571,0.8958333333333334,0.10416666666666667,4.1535110886902915,LUMPY
MED-0583,EMERGENCY,POWER COMPONENTS,2022-01-01,2025-12-01,48,32,0.6666666666666666,0.0,2.587476659023789,14,4,44,12.0,0.41666666666666663,5.25,0.9166666666666666,0.08333333333333333,3.8812149885356835,LUMPY
MED-0584,EMERGENCY,POWER COMPONENTS,2024-07-01,2025-12-01,18,87,4.833333333333333,4.0,2.307277489112375,10,17,1,1.0588235294117647,0.1569394900251024,1.5517241379310345,0.05555555555555555,0.9444444444444444,0.47736775636807766,STABLE
MED-0585,EMERGENCY,POWER COMPONENTS,2022-01-01,2025-12-01,48,285,5.9375,6.0,2.4180724695685005,13,48,0,1.0,0.16585607355454707,0.8421052631578947,0.0,1.0,0.4072543106641685,STABLE
MED-0586,EMERGENCY,DISPLAY COMPONENTS,2022-01-01,2025-12-01,48,227,4.729166666666667,4.0,2.266683614871974,10,46,2,1.0434782608695652,0.1777665651057333,0.6343612334801761,0.041666666666666664,0.9583333333333334,0.47929873794649663,STABLE
MED-0587,EMERGENCY,VALVES,2023-01-01,2025-12-01,36,73,2.0277777777777777,0.0,3.4099527530125364,10,11,25,3.272727272727273,0.16018014636892472,2.7945205479452055,0.6944444444444444,0.3055555555555556,1.6816205357322098,STABLE
MED-0588,EMERGENCY,SENSORS,2022-01-01,2025-12-01,48,87,1.8125,0.0,4.019401088020824,23,14,34,3.4285714285714284,0.7496773275607994,3.1724137931034484,0.7083333333333334,0.2916666666666667,2.217600600287351,STABLE
MED-0589,EMERGENCY,VALVES,2024-07-01,2025-12-01,18,118,6.555555555555555,0.0,19.572556484022762,81,3,15,6.0,0.8547112898592358,7.932203389830509,0.8333333333333334,0.16666666666666666,2.985644209427201,INTERMITTENT
MED-0590,EMERGENCY,SENSORS,2022-01-01,2025-12-01,48,174,3.625,3.0,1.770022238110091,7,47,1,1.0212765957446808,0.21227173769437122,0.8275862068965517,0.020833333333333332,0.9791666666666666,0.4882819967200251,STABLE
MED-0591,EMERGENCY,DISPLAY COMPONENTS,2022-01-01,2025-12-01,48,86,1.7916666666666667,0.0,5.6416322269709465,29,6,42,8.0,0.40627366143861543,4.046511627906977,0.875,0.125,3.1488179871465745,INTERMITTENT
MED-0592,EMERGENCY,DISPLAY COMPONENTS,2023-07-01,2025-12-01,30,54,1.8,0.0,4.992408029301539,19,4,26,7.5,0.16643804298125284,5.277777777777778,0.8666666666666667,0.13333333333333333,2.773560016278633,INTERMITTENT
MED-0593,EMERGENCY,DISPLAY COMPONENTS,2022-01-01,2025-12-01,48,370,7.708333333333333,7.0,4.272416892028537,22,48,0,1.0,0.3072035808091014,0.8108108108108109,0.0,1.0,0.554259488695594,STABLE
MED-0594,EMERGENCY,POWER COMPONENTS,2022-01-01,2025-12-01,48,256,5.333333333333333,5.0,2.205730769371084,11,47,1,1.0212765957446808,0.14627008852751355,0.65625,0.020833333333333332,0.9791666666666666,0.4135745192570783,STABLE
MED-0595,EMERGENCY,POWER COMPONENTS,2024-07-01,2025-12-01,18,98,5.444444444444445,5.0,2.7700546229955623,11,18,0,1.0,0.2588627287649754,1.4693877551020407,0.0,1.0,0.5087855429991849,STABLE
MED-0596,EMERGENCY,CONTROL MODULES,2022-01-01,2025-12-01,48,289,6.020833333333333,5.5,5.096889261289082,23,44,4,1.0909090909090908,0.572915932854096,1.0380622837370244,0.08333333333333333,0.9166666666666666,0.8465421610445535,STABLE
MED-0597,EMERGENCY,SENSORS,2023-07-01,2025-12-01,30,31,1.0333333333333334,0.0,1.8096167118144553,6,9,21,3.3333333333333335,0.21305931321540056,1.9354838709677418,0.7,0.3,1.7512419791752791,STABLE
MED-0598,EMERGENCY,CABLES,2022-01-01,2025-12-01,48,69,1.4375,0.0,3.613840121744723,20,10,38,4.8,0.552871712292002,3.4782608695652173,0.7916666666666666,0.20833333333333334,2.5139757368658944,INTERMITTENT
MED-0599,EMERGENCY,SENSORS,2022-01-01,2025-12-01,48,306,6.375,5.0,5.034455748226521,22,45,3,1.0666666666666667,0.5215869770368039,1.0196078431372548,0.0625,0.9375,0.7897185487414151,STABLE
MED-0600,EMERGENCY,CABLES,2022-07-01,2025-12-01,42,161,3.8333333333333335,3.0,2.24060822172285,10,42,0,1.0,0.3416478399188527,1.0652173913043477,0.0,1.0,0.5845064926233521,STABLE
MED-0601,EMERGENCY,POWER COMPONENTS,2022-07-01,2025-12-01,42,69,1.6428571428571428,0.0,5.290679464738558,28,5,37,8.4,0.4053770216341105,4.260869565217392,0.8809523809523809,0.11904761904761904,3.2204135872321658,INTERMITTENT
MED-0602,EMERGENCY,CONTROL MODULES,2022-01-01,2025-12-01,48,240,5.0,4.0,5.073921644158868,37,47,1,1.0212765957446808,0.9875037741545896,1.7,0.020833333333333332,0.9791666666666666,1.0147843288317735,STABLE
MED-0603,EMERGENCY,POWER COMPONENTS,2022-07-01,2025-12-01,42,186,4.428571428571429,4.0,2.085289441720053,9,42,0,1.0,0.2217202609070836,0.6021505376344085,0.0,1.0,0.4708718094206571,STABLE
MED-0604,EMERGENCY,POWER COMPONENTS,2022-01-01,2025-12-01,48,230,4.791666666666667,4.0,2.592610885897411,13,47,1,1.0212765957446808,0.26549765759842203,1.2521739130434781,0.020833333333333332,0.9791666666666666,0.5410666196655466,STABLE
MED-0605,EMERGENCY,POWER COMPONENTS,2022-07-01,2025-12-01,42,87,2.0714285714285716,0.0,4.341478095735268,16,10,32,4.2,0.2878701134745527,3.1379310344827585,0.7619047619047619,0.23809523809523808,2.0958859772515086,INTERMITTENT
MED-0606,EMERGENCY,CABLES,2022-01-01,2025-12-01,48,72,1.5,0.0,2.946328403934257,15,15,33,3.2,0.5282738095238098,2.5,0.6875,0.3125,1.9642189359561713,STABLE
MED-0607,EMERGENCY,CABLES,2022-01-01,2025-12-01,48,399,8.3125,8.0,3.3780029981216932,19,48,0,1.0,0.16514169762913122,0.6015037593984962,0.0,1.0,0.406376300525918,STABLE
MED-0608,EMERGENCY,POWER COMPONENTS,2022-01-01,2025-12-01,48,82,1.7083333333333333,0.0,4.612463842138544,24,8,40,6.0,0.4072405880853233,4.097560975609756,0.8333333333333334,0.16666666666666666,2.6999788344225624,INTERMITTENT
MED-0609,EMERGENCY,POWER COMPONENTS,2024-07-01,2025-12-01,18,54,3.0,3.0,1.7822655773580136,6,17,1,1.0588235294117647,0.2754629629629631,1.6666666666666667,0.05555555555555555,0.9444444444444444,0.5940885257860046,STABLE
MED-0610,EMERGENCY,POWER COMPONENTS,2023-01-01,2025-12-01,36,201,5.583333333333333,5.0,5.709015426748919,37,36,0,1.0,1.0455271616331987,2.2686567164179103,0.0,1.0,1.0225102256863736,ERRATIC
MED-0611,EMERGENCY,DISPLAY COMPONENTS,2024-07-01,2025-12-01,18,74,4.111111111111111,4.0,3.1038664481746916,10,15,3,1.2,0.30209746425962636,1.7027027027027029,0.16666666666666666,0.8333333333333334,0.754994541447898,STABLE
MED-0612,EMERGENCY,POWER COMPONENTS,2022-01-01,2025-12-01,48,242,5.041666666666667,5.0,2.8356269398219456,18,47,1,1.0212765957446808,0.288600653911143,0.6942148760330578,0.020833333333333332,0.9791666666666666,0.5624384012869974,STABLE
MED-0613,EMERGENCY,POWER COMPONENTS,2022-01-01,2025-12-01,48,264,5.5,4.0,4.356457666987632,18,45,3,1.0666666666666667,0.5250986100676184,1.1363636363636365,0.0625,0.9375,0.7920832121795695,STABLE
MED-0614,EMERGENCY,VALVES,2022-01-01,2025-12-01,48,60,1.25,0.0,4.04496008974867,17,5,43,9.6,0.21527777777777773,4.0,0.8958333333333334,0.10416666666666667,3.2359680717989363,INTERMITTENT
MED-0615,EMERGENCY,CABLES,2024-01-01,2025-12-01,24,95,3.9583333333333335,4.0,2.386176979964006,8,24,0,1.0,0.36339636276044796,1.5157894736842106,0.0,1.0,0.6028236580961699,STABLE
MED-0616,EMERGENCY,POWER COMPONENTS,2022-01-01,2025-12-01,48,225,4.6875,4.0,5.13294013875918,32,43,5,1.1162790697674418,0.970197295708407,1.8666666666666667,0.10416666666666667,0.8958333333333334,1.0950272296019583,STABLE
MED-0617,EMERGENCY,VALVES,2022-01-01,2025-12-01,48,243,5.0625,5.0,4.091539012323077,15,42,6,1.1428571428571428,0.44523998052051844,1.2345679012345678,0.125,0.875,0.8082052370020892,STABLE
MED-0618,EMERGENCY,CONTROL MODULES,2022-07-01,2025-12-01,42,302,7.190476190476191,0.0,30.642898429455983,172,4,38,10.5,1.0449249301931198,5.9801324503311255,0.9047619047619048,0.09523809523809523,4.261595145818381,LUMPY
MED-0619,EMERGENCY,CABLES,2024-01-01,2025-12-01,24,40,1.6666666666666667,0.0,3.422008902316917,11,5,19,4.8,0.0625,5.3999999999999995,0.7916666666666666,0.20833333333333334,2.05320534139015,INTERMITTENT
MED-0620,EMERGENCY,VALVES,2022-07-01,2025-12-01,42,135,3.2142857142857144,0.0,7.107315757881449,37,10,32,4.2,0.41609510745313216,3.837037037037037,0.7619047619047619,0.23809523809523808,2.211164902452006,INTERMITTENT
MED-0621,EMERGENCY,POWER COMPONENTS,2022-01-01,2025-12-01,48,304,6.333333333333333,6.0,5.447362560473484,36,48,0,1.0,0.7397890021807038,1.5394736842105263,0.0,1.0,0.8601098779694974,STABLE
MED-0622,EMERGENCY,DISPLAY COMPONENTS,2024-01-01,2025-12-01,24,108,4.5,4.0,2.226324715563845,9,24,0,1.0,0.2447665056360709,1.0,0.0,1.0,0.4947388256808545,STABLE
MED-0623,EMERGENCY,CABLES,2023-07-01,2025-12-01,30,143,4.766666666666667,5.0,2.25424248815479,9,30,0,1.0,0.22365143898782675,0.8391608391608392,0.0,1.0,0.4729180045079979,STABLE
MED-0624,EMERGENCY,POWER COMPONENTS,2022-01-01,2025-12-01,48,346,7.208333333333333,7.0,2.981919511259686,14,48,0,1.0,0.17112840815461844,0.6936416184971098,0.0,1.0,0.4136766952036559,STABLE
MED-0625,EMERGENCY,POWER COMPONENTS,2024-07-01,2025-12-01,18,57,3.1666666666666665,2.5,2.357715743980127,8,16,2,1.125,0.37788037344824055,1.736842105263158,0.1111111111111111,0.8888888888888888,0.7445418138884612,STABLE
MED-0626,EMERGENCY,CABLES,2022-01-01,2025-12-01,48,300,6.25,6.0,2.7714348384599967,14,48,0,1.0,0.19662978723404256,0.44,0.0,1.0,0.44342957415359946,STABLE
MED-0627,EMERGENCY,POWER COMPONENTS,2022-01-01,2025-12-01,48,252,5.25,4.0,3.575924222149176,17,46,2,1.0434782608695652,0.40242434422328605,1.0952380952380953,0.041666666666666664,0.9583333333333334,0.6811284232665097,STABLE
MED-0628,EMERGENCY,CONTROL MODULES,2022-01-01,2025-12-01,48,349,7.270833333333333,7.0,4.666492524613053,20,44,4,1.0909090909090908,0.2930536905127178,1.0315186246418337,0.08333333333333333,0.9166666666666666,0.6418098601187008,STABLE
MED-0629,EMERGENCY,POWER COMPONENTS,2022-01-01,2025-12-01,48,220,4.583333333333333,4.0,3.3443081740653877,19,45,3,1.0666666666666667,0.4359269346356123,1.4181818181818182,0.0625,0.9375,0.7296672379779028,STABLE
MED-0630,EMERGENCY,SENSORS,2022-01-01,2025-12-01,48,198,4.125,4.0,2.1100065543913527,10,48,0,1.0,0.26164937576929836,0.7878787878787878,0.0,1.0,0.5115167404585097,STABLE
MED-0631,EMERGENCY,CABLES,2022-01-01,2025-12-01,48,39,0.8125,0.0,2.218454992374533,10,7,41,6.857142857142857,0.24545255314486086,5.538461538461538,0.8541666666666666,0.14583333333333334,2.730406144460964,INTERMITTENT
MED-0632,EMERGENCY,POWER COMPONENTS,2022-01-01,2025-12-01,48,186,3.875,4.0,2.140043745824499,8,45,3,1.0666666666666667,0.22242455775234118,1.2258064516129032,0.0625,0.9375,0.552269353761161,STABLE
MED-0633,EMERGENCY,VALVES,2024-01-01,2025-12-01,24,53,2.2083333333333335,0.0,7.015381651068238,32,3,21,8.0,0.5008899964400142,7.245283018867924,0.875,0.125,3.176776596710145,INTERMITTENT
MED-0634,EMERGENCY,DISPLAY COMPONENTS,2022-07-01,2025-12-01,42,204,4.857142857142857,5.0,2.384619707589825,11,41,1,1.024390243902439,0.21102941176470588,0.823529411764706,0.023809523809523808,0.9761904761904762,0.49095111626849347,STABLE
MED-0635,EMERGENCY,POWER COMPONENTS,2022-01-01,2025-12-01,48,64,1.3333333333333333,0.0,3.3601756117566195,15,8,40,6.0,0.23214285714285712,4.3125,0.8333333333333334,0.16666666666666666,2.520131708817465,INTERMITTENT
MED-0636,EMERGENCY,CONTROL MODULES,2022-01-01,2025-12-01,48,49,1.0208333333333333,0.0,3.1453415965305345,18,7,41,6.857142857142857,0.585034013605442,5.387755102040817,0.8541666666666666,0.14583333333333334,3.081150951703381,INTERMITTENT
MED-0637,EMERGENCY,POWER COMPONENTS,2024-07-01,2025-12-01,18,77,4.277777777777778,4.0,2.1089600324094944,9,18,0,1.0,0.24305259293800177,1.4025974025974026,0.0,1.0,0.49300364393988183,STABLE
MED-0638,EMERGENCY,CABLES,2022-01-01,2025-12-01,48,139,2.8958333333333335,0.0,5.312528681608016,17,12,36,4.0,0.08057177541158701,3.0215827338129495,0.75,0.25,1.8345422785408974,INTERMITTENT
MED-0639,EMERGENCY,DISPLAY COMPONENTS,2022-07-01,2025-12-01,42,252,6.0,5.5,3.7934474956744855,22,41,1,1.024390243902439,0.36603914714033764,1.1527777777777777,0.023809523809523808,0.9761904761904762,0.6322412492790809,STABLE
MED-0640,EMERGENCY,SENSORS,2022-07-01,2025-12-01,42,151,3.5952380952380953,0.0,9.987942789255461,53,14,28,3.0,1.9865997780124351,5.28476821192053,0.6666666666666666,0.3333333333333333,2.778103292375691,ERRATIC
MED-0641,STERILIZATION,SENSORS,2022-07-01,2025-12-01,42,53,1.2619047619047619,0.0,2.198220164848713,9,14,28,3.0,0.3454281567489114,2.7735849056603774,0.6666666666666666,0.3333333333333333,1.7419857910121876,STABLE
MED-0642,STERILIZATION,PUMPS,2022-01-01,2025-12-01,48,47,0.9791666666666666,0.0,2.3108401652869777,10,10,38,4.8,0.3827775262813741,3.0638297872340425,0.7916666666666666,0.20833333333333334,2.3600069773143604,INTERMITTENT
MED-0643,STERILIZATION,SENSORS,2022-01-01,2025-12-01,48,74,1.5416666666666667,0.0,2.8876725025995422,12,14,34,3.4285714285714284,0.3162330729898298,3.8918918918918917,0.7083333333333334,0.2916666666666667,1.8730848665510542,STABLE
MED-0644,STERILIZATION,MOTORS,2022-01-01,2025-12-01,48,35,0.7291666666666666,0.0,1.3327237081516572,4,13,35,3.6923076923076925,0.16979591836734692,2.4,0.7291666666666666,0.2708333333333333,1.8277353711794158,STABLE
MED-0645,STERILIZATION,POWER COMPONENTS,2024-07-01,2025-12-01,18,27,1.5,0.0,3.365045231756136,12,4,14,4.5,0.37128486511202563,4.0,0.7777777777777778,0.2222222222222222,2.243363487837424,INTERMITTENT
MED-0646,STERILIZATION,HEATING COMPONENTS,2022-01-01,2025-12-01,48,242,5.041666666666667,5.0,1.8213664888003245,8,47,1,1.0212765957446808,0.10656346234368641,0.5454545454545454,0.020833333333333332,0.9791666666666666,0.3612627746380809,STABLE
MED-0647,STERILIZATION,MOTORS,2022-01-01,2025-12-01,48,219,4.5625,4.0,3.7240235047364814,17,43,5,1.1162790697674418,0.49165740815206,1.2602739726027397,0.10416666666666667,0.8958333333333334,0.8162243298052562,STABLE
MED-0648,STERILIZATION,CONTROL MODULES,2024-01-01,2025-12-01,24,85,3.5416666666666665,3.0,4.452445997686985,23,22,2,1.0909090909090908,1.36719723183391,3.1058823529411765,0.08333333333333333,0.9166666666666666,1.2571612228763251,ERRATIC
MED-0649,STERILIZATION,SENSORS,2022-01-01,2025-12-01,48,75,1.5625,0.0,2.583962403388962,8,15,33,3.2,0.16000000000000003,2.4,0.6875,0.3125,1.6537359381689356,STABLE
MED-0650,STERILIZATION,MOTORS,2022-01-01,2025-12-01,48,36,0.75,0.0,1.5911991998543178,6,12,36,4.0,0.3838383838383838,2.3333333333333335,0.75,0.25,2.1215989331390905,INTERMITTENT
MED-0651,STERILIZATION,MOTORS,2023-01-01,2025-12-01,36,60,1.6666666666666667,0.0,2.2038926600773587,7,17,19,2.1176470588235294,0.29218750000000004,2.5999999999999996,0.5277777777777778,0.4722222222222222,1.3223355960464152,STABLE
MED-0652,STERILIZATION,PUMPS,2024-07-01,2025-12-01,18,31,1.7222222222222223,0.0,2.4448157769056005,9,8,10,2.25,0.3317972350230414,2.6129032258064515,0.5555555555555556,0.4444444444444444,1.4195704511064777,STABLE
MED-0653,STERILIZATION,SENSORS,2022-07-01,2025-12-01,42,128,3.0476190476190474,3.0,2.305374219158366,9,35,7,1.2,0.30761718750000006,1.4218750000000002,0.16666666666666666,0.8333333333333334,0.7564509156613389,STABLE
MED-0654,STERILIZATION,HEATING COMPONENTS,2024-01-01,2025-12-01,24,55,2.2916666666666665,0.0,5.0431112435175125,19,5,19,4.8,0.2190082644628099,4.1454545454545455,0.7916666666666666,0.20833333333333334,2.200630360807642,INTERMITTENT
MED-0655,STERILIZATION,HEATING COMPONENTS,2024-01-01,2025-12-01,24,119,4.958333333333333,5.0,1.7315277663950701,9,24,0,1.0,0.12195159393680742,0.5042016806722689,0.0,1.0,0.3492156839788377,STABLE
MED-0656,STERILIZATION,DISPLAY COMPONENTS,2022-01-01,2025-12-01,48,193,4.020833333333333,4.0,1.7319228440056598,9,48,0,1.0,0.1855346109534285,1.0569948186528497,0.0,1.0,0.4307372876283507,STABLE
MED-0657,STERILIZATION,POWER COMPONENTS,2022-01-01,2025-12-01,48,237,4.9375,5.0,3.29025802519201,14,43,5,1.1162790697674418,0.2921472528907235,1.1645569620253164,0.10416666666666667,0.8958333333333334,0.6663813721907869,STABLE
MED-0658,STERILIZATION,MOTORS,2023-07-01,2025-12-01,30,34,1.1333333333333333,0.0,2.0800088417141875,6,8,22,3.75,0.15422639644092928,2.2058823529411766,0.7333333333333333,0.26666666666666666,1.8353019191595772,STABLE
MED-0659,STERILIZATION,SENSORS,2022-01-01,2025-12-01,48,304,6.333333333333333,5.0,7.329141290542678,53,48,0,1.0,1.3391878352095246,2.25,0.0,1.0,1.157232835348844,ERRATIC
MED-0660,STERILIZATION,SENSORS,2022-01-01,2025-12-01,48,55,1.1458333333333333,0.0,2.697434425944309,13,10,38,4.8,0.3764921946740128,4.800000000000001,0.7916666666666666,0.20833333333333334,2.3541245899150334,INTERMITTENT
MED-0661,STERILIZATION,VALVES,2023-01-01,2025-12-01,36,66,1.8333333333333333,0.0,4.0743097574926725,15,8,28,4.5,0.33057851239669417,3.0909090909090913,0.7777777777777778,0.2222222222222222,2.222350776814185,INTERMITTENT
MED-0662,STERILIZATION,DISPLAY COMPONENTS,2023-01-01,2025-12-01,36,73,2.0277777777777777,0.0,7.469886635632856,43,5,31,7.2,1.2141114655657728,7.068493150684932,0.8611111111111112,0.1388888888888889,3.6837797107230528,LUMPY
MED-0663,STERILIZATION,POWER COMPONENTS,2022-01-01,2025-12-01,48,19,0.3958333333333333,0.0,2.1312226371447007,14,2,46,24.0,0.44875346260387805,8.842105263157896,0.9583333333333334,0.041666666666666664,5.384141399102402,LUMPY
MED-0664,STERILIZATION,MOTORS,2022-07-01,2025-12-01,42,62,1.4761904761904763,0.0,3.225191204300503,15,10,32,4.2,0.3861718117701469,3.387096774193548,0.7619047619047619,0.23809523809523808,2.1848069448487277,INTERMITTENT
MED-0665,STERILIZATION,CONTROL MODULES,2023-01-01,2025-12-01,36,166,4.611111111111111,3.0,4.1629507239647605,18,32,4,1.125,0.6124021933048948,2.0240963855421685,0.1111111111111111,0.8888888888888888,0.9028085907393457,STABLE
MED-0666,STERILIZATION,SEALS,2022-07-01,2025-12-01,42,325,7.738095238095238,0.0,24.072106643054962,144,10,32,4.2,1.6526495726495722,6.892307692307693,0.7619047619047619,0.23809523809523808,3.110856858487103,LUMPY
MED-0667,STERILIZATION,CONTROL MODULES,2022-01-01,2025-12-01,48,145,3.0208333333333335,3.0,1.7319228440056595,7,44,4,1.0909090909090908,0.21662362082791808,0.8275862068965517,0.08333333333333333,0.9166666666666666,0.5733261828432528,STABLE
MED-0668,STERILIZATION,SEALS,2022-01-01,2025-12-01,48,179,3.7291666666666665,0.0,10.174518825641503,63,10,38,4.8,0.8076110816349886,5.29608938547486,0.7916666666666666,0.20833333333333334,2.7283625901161574,INTERMITTENT
MED-0669,STERILIZATION,DISPLAY COMPONENTS,2022-01-01,2025-12-01,48,175,3.6458333333333335,3.0,1.9945626442516093,9,46,2,1.0434782608695652,0.244498866213152,0.6171428571428571,0.041666666666666664,0.9583333333333334,0.5470800395661557,STABLE
MED-0670,STERILIZATION,HEATING COMPONENTS,2024-01-01,2025-12-01,24,75,3.125,0.0,7.146373358138591,20,4,20,6.0,0.0026074074074074072,3.2,0.8333333333333334,0.16666666666666666,2.286839474604349,INTERMITTENT
MED-0671,STERILIZATION,PUMPS,2022-01-01,2025-12-01,48,73,1.5208333333333333,0.0,2.4580703669907447,8,15,33,3.2,0.11982950432941053,3.1232876712328768,0.6875,0.3125,1.616265446788435,STABLE
MED-0672,STERILIZATION,MOTORS,2023-01-01,2025-12-01,36,29,0.8055555555555556,0.0,1.327068615826292,4,12,24,3.0,0.23219111447411092,4.137931034482759,0.6666666666666666,0.3333333333333333,1.6473955230947073,STABLE
MED-0673,STERILIZATION,PUMPS,2023-07-01,2025-12-01,30,158,5.266666666666667,5.0,2.362542951017462,10,30,0,1.0,0.20122769892092887,1.139240506329114,0.0,1.0,0.44858410462356874,STABLE
MED-0674,STERILIZATION,PUMPS,2022-01-01,2025-12-01,48,139,2.8958333333333335,3.0,2.271372097581935,7,40,8,1.2,0.3439329333434193,1.20863309352518,0.16666666666666666,0.8333333333333334,0.7843587099563516,STABLE
MED-0675,STERILIZATION,VALVES,2023-01-01,2025-12-01,36,29,0.8055555555555556,0.0,2.5725967364229416,11,4,32,9.0,0.2837891399128022,4.551724137931034,0.8888888888888888,0.1111111111111111,3.1935683624560656,INTERMITTENT
MED-0676,STERILIZATION,PUMPS,2023-01-01,2025-12-01,36,33,0.9166666666666666,0.0,2.2725064827818895,10,6,30,6.0,0.19504132231404955,3.6363636363636367,0.8333333333333334,0.16666666666666666,2.479097981216607,INTERMITTENT
MED-0677,STERILIZATION,SENSORS,2022-01-01,2025-12-01,48,54,1.125,0.0,2.0381990381581816,7,13,35,3.6923076923076925,0.153063557384545,2.4444444444444446,0.7291666666666666,0.2708333333333333,1.8117324783628281,STABLE
MED-0678,STERILIZATION,HEATING COMPONENTS,2022-01-01,2025-12-01,48,217,4.520833333333333,4.0,2.51793214156052,14,47,1,1.0212765957446808,0.2825953074981971,0.9953917050691244,0.020833333333333332,0.9791666666666666,0.5569619483636173,STABLE
MED-0679,STERILIZATION,MOTORS,2024-01-01,2025-12-01,24,114,4.75,4.5,2.026991774076529,9,24,0,1.0,0.18210285438997956,1.1578947368421053,0.0,1.0,0.4267351103319008,STABLE
MED-0680,STERILIZATION,SEALS,2024-07-01,2025-12-01,18,69,3.8333333333333335,0.0,7.023071223600449,21,5,13,3.6,0.19796261289645029,3.9130434782608696,0.7222222222222222,0.2777777777777778,1.8321055365914214,STABLE
MED-0681,STERILIZATION,CONTROL MODULES,2024-07-01,2025-12-01,18,65,3.611111111111111,3.0,1.9140007034508786,8,18,0,1.0,0.28093282283327536,1.6615384615384614,0.0,1.0,0.530030964032551,STABLE
MED-0682,STERILIZATION,DISPLAY COMPONENTS,2022-01-01,2025-12-01,48,145,3.0208333333333335,0.0,5.843671184093216,25,12,36,4.0,0.18113501243108854,3.2275862068965515,0.75,0.25,1.9344566678377542,INTERMITTENT
MED-0683,STERILIZATION,PUMPS,2022-07-01,2025-12-01,42,143,3.4047619047619047,3.0,2.7767284119328823,11,38,4,1.105263157894737,0.5055028131951208,1.1748251748251748,0.09523809523809523,0.9047619047619048,0.8155426104977697,STABLE
MED-0684,STERILIZATION,VALVES,2022-01-01,2025-12-01,48,283,5.895833333333333,0.0,15.32934827185149,87,11,37,4.363636363636363,0.820704466281262,4.325088339222615,0.7708333333333334,0.22916666666666666,2.6000308022928325,INTERMITTENT
MED-0685,STERILIZATION,SENSORS,2024-07-01,2025-12-01,18,72,4.0,0.0,6.782329983125268,17,5,13,3.6,0.040027006172839504,4.25,0.7222222222222222,0.2777777777777778,1.695582495781317,STABLE
MED-0686,STERILIZATION,SENSORS,2023-07-01,2025-12-01,30,45,1.5,0.0,2.4459678290381612,8,11,19,2.727272727272727,0.34004938271604945,2.3333333333333335,0.6333333333333333,0.36666666666666664,1.6306452193587742,STABLE
MED-0687,STERILIZATION,SENSORS,2022-01-01,2025-12-01,48,116,2.4166666666666665,0.0,10.037871549697524,50,4,44,12.0,0.6547760602457392,5.379310344827586,0.9166666666666666,0.08333333333333333,4.153602020564493,LUMPY
MED-0688,STERILIZATION,SENSORS,2022-01-01,2025-12-01,48,43,0.8958333333333334,0.0,1.812950848793713,9,13,35,3.6923076923076925,0.3866955110870741,3.069767441860465,0.7291666666666666,0.2708333333333333,2.0237590870255397,STABLE
MED-0689,STERILIZATION,SENSORS,2022-07-01,2025-12-01,42,79,1.880952380952381,0.0,4.306559834419257,20,10,32,4.2,0.5072192846587975,3.8987341772151898,0.7619047619047619,0.23809523809523808,2.2895634562735294,INTERMITTENT
MED-0690,STERILIZATION,MOTORS,2022-01-01,2025-12-01,48,53,1.1041666666666667,0.0,3.276217222770819,21,10,38,4.8,1.1158577587911869,4.754716981132075,0.7916666666666666,0.20833333333333334,2.967140126283006,LUMPY
MED-0691,STERILIZATION,HEATING COMPONENTS,2023-01-01,2025-12-01,36,150,4.166666666666667,4.0,2.0632844828435215,10,35,1,1.0285714285714285,0.21000000000000005,1.3599999999999997,0.027777777777777776,0.9722222222222222,0.49518827588244513,STABLE
MED-0692,STERILIZATION,SENSORS,2023-07-01,2025-12-01,30,89,2.966666666666667,0.0,4.664490461386733,14,10,20,3.0,0.144342044354669,2.359550561797753,0.6666666666666666,0.3333333333333333,1.5723001555236178,STABLE
MED-0693,STERILIZATION,PUMPS,2022-01-01,2025-12-01,48,32,0.6666666666666666,0.0,1.4192196437349367,6,11,37,4.363636363636363,0.27070312499999993,4.5,0.7708333333333334,0.22916666666666666,2.128829465602405,INTERMITTENT
MED-0694,STERILIZATION,HEATING COMPONENTS,2024-01-01,2025-12-01,24,107,4.458333333333333,4.0,1.910592138275613,9,24,0,1.0,0.1836499865186631,0.8971962616822431,0.0,1.0,0.4285440310150908,STABLE
MED-0695,STERILIZATION,SENSORS,2023-07-01,2025-12-01,30,80,2.6666666666666665,0.0,5.479323727043979,18,7,23,4.285714285714286,0.2165625,3.1250000000000004,0.7666666666666667,0.23333333333333334,2.0547463976414924,INTERMITTENT
MED-0696,STERILIZATION,VALVES,2023-07-01,2025-12-01,30,14,0.4666666666666667,0.0,1.9428619723691547,10,2,28,15.0,0.3673469387755101,10.714285714285714,0.9333333333333333,0.06666666666666667,4.16327565507676,LUMPY
MED-0697,STERILIZATION,SENSORS,2022-01-01,2025-12-01,48,62,1.2916666666666667,0.0,2.7672732822111583,11,12,36,4.0,0.40753003500141893,3.290322580645161,0.75,0.25,2.1424051217118643,INTERMITTENT
MED-0698,STERILIZATION,SENSORS,2024-01-01,2025-12-01,24,76,3.1666666666666665,3.0,2.160246899469287,7,22,2,1.0909090909090908,0.3409840390449808,1.5789473684210527,0.08333333333333333,0.9166666666666666,0.6821832314113538,STABLE
MED-0699,STERILIZATION,HEATING COMPONENTS,2024-01-01,2025-12-01,24,117,4.875,5.0,2.833226766964388,12,23,1,1.0434782608695652,0.28074299869171654,1.2307692307692308,0.041666666666666664,0.9583333333333334,0.5811747214285924,STABLE
MED-0700,STERILIZATION,POWER COMPONENTS,2023-07-01,2025-12-01,30,107,3.566666666666667,3.0,2.079179767539865,10,29,1,1.0344827586206897,0.2943675679722495,1.1214953271028036,0.03333333333333333,0.9666666666666667,0.582947598375663,STABLE
