PART_ID,DATE,DEMAND,MICROAREA
MED-0001,2023-07-01,9,WEST
MED-0001,2023-08-01,0,WEST
MED-0001,2023-09-01,0,NORTH
MED-0001,2023-10-01,0,WEST
MED-0001,2023-11-01,0,WEST
MED-0001,2023-12-01,0,WEST
MED-0001,2024-01-01,0,SOUTH
MED-0001,2024-02-01,0,WEST
MED-0001,2024-03-01,0,WEST
MED-0001,2024-04-01,44,CENTRAL
MED-0001,2024-05-01,0,WEST
MED-0001,2024-06-01,0,WEST
MED-0001,2024-07-01,0,CENTRAL
MED-0001,2024-08-01,0,WEST
MED-0001,2024-09-01,9,SOUTH
MED-0001,2024-10-01,0,WEST
MED-0001,2024-11-01,12,EAST
MED-0001,2024-12-01,0,NORTH
MED-0001,2025-01-01,0,WEST
MED-0001,2025-02-01,0,WEST
MED-0001,2025-03-01,14,WEST
MED-0001,2025-04-01,18,SOUTH
MED-0001,2025-05-01,0,WEST
MED-0001,2025-06-01,0,WEST
MED-0001,2025-07-01,0,WEST
MED-0001,2025-08-01,8,CENTRAL
MED-0001,2025-09-01,0,WEST
MED-0001,2025-10-01,0,SOUTH
MED-0001,2025-11-01,0,WEST
MED-0001,2025-12-01,0,NORTH
MED-0002,2022-01-01,4,CENTRAL
MED-0002,2022-02-01,2,CENTRAL
MED-0002,2022-03-01,0,CENTRAL
MED-0002,2022-04-01,0,CENTRAL
MED-0002,2022-05-01,0,WEST
MED-0002,2022-06-01,0,CENTRAL
MED-0002,2022-07-01,0,CENTRAL
MED-0002,2022-08-01,0,WEST
MED-0002,2022-09-01,0,CENTRAL
MED-0002,2022-10-01,5,CENTRAL
MED-0002,2022-11-01,0,CENTRAL
MED-0002,2022-12-01,8,CENTRAL
MED-0002,2023-01-01,0,CENTRAL
MED-0002,2023-02-01,0,CENTRAL
MED-0002,2023-03-01,7,CENTRAL
MED-0002,2023-04-01,0,CENTRAL
MED-0002,2023-05-01,0,CENTRAL
MED-0002,2023-06-01,0,CENTRAL
MED-0002,2023-07-01,4,EAST
MED-0002,2023-08-01,0,CENTRAL
MED-0002,2023-09-01,0,WEST
MED-0002,2023-10-01,0,CENTRAL
MED-0002,2023-11-01,8,CENTRAL
MED-0002,2023-12-01,0,NORTH
MED-0002,2024-01-01,0,CENTRAL
MED-0002,2024-02-01,0,CENTRAL
MED-0002,2024-03-01,0,CENTRAL
MED-0002,2024-04-01,0,CENTRAL
MED-0002,2024-05-01,7,CENTRAL
MED-0002,2024-06-01,0,EAST
MED-0002,2024-07-01,3,CENTRAL
MED-0002,2024-08-01,0,WEST
MED-0002,2024-09-01,0,CENTRAL
MED-0002,2024-10-01,0,CENTRAL
MED-0002,2024-11-01,0,CENTRAL
MED-0002,2024-12-01,3,EAST
MED-0002,2025-01-01,0,SOUTH
MED-0002,2025-02-01,2,CENTRAL
MED-0002,2025-03-01,0,CENTRAL
MED-0002,2025-04-01,0,CENTRAL
MED-0002,2025-05-01,0,CENTRAL
MED-0002,2025-06-01,4,SOUTH
MED-0002,2025-07-01,0,CENTRAL
MED-0002,2025-08-01,2,WEST
MED-0002,2025-09-01,0,CENTRAL
MED-0002,2025-10-01,3,SOUTH
MED-0002,2025-11-01,4,CENTRAL
MED-0002,2025-12-01,0,CENTRAL
MED-0003,2023-07-01,0,SOUTH
MED-0003,2023-08-01,0,SOUTH
MED-0003,2023-09-01,0,SOUTH
MED-0003,2023-10-01,10,SOUTH
MED-0003,2023-11-01,22,SOUTH
MED-0003,2023-12-01,0,SOUTH
MED-0003,2024-01-01,0,CENTRAL
MED-0003,2024-02-01,0,SOUTH
MED-0003,2024-03-01,0,SOUTH
MED-0003,2024-04-01,0,CENTRAL
MED-0003,2024-05-01,0,CENTRAL
MED-0003,2024-06-01,0,SOUTH
MED-0003,2024-07-01,0,SOUTH
MED-0003,2024-08-01,0,SOUTH
MED-0003,2024-09-01,0,SOUTH
MED-0003,2024-10-01,0,EAST
MED-0003,2024-11-01,0,SOUTH
MED-0003,2024-12-01,0,SOUTH
MED-0003,2025-01-01,14,SOUTH
MED-0003,2025-02-01,0,EAST
MED-0003,2025-03-01,10,SOUTH
MED-0003,2025-04-01,0,SOUTH
MED-0003,2025-05-01,0,SOUTH
MED-0003,2025-06-01,0,EAST
MED-0003,2025-07-01,0,SOUTH
MED-0003,2025-08-01,0,SOUTH
MED-0003,2025-09-01,0,WEST
MED-0003,2025-10-01,0,CENTRAL
MED-0003,2025-11-01,0,SOUTH
MED-0003,2025-12-01,2,NORTH
MED-0004,2022-07-01,0,WEST
MED-0004,2022-08-01,0,NORTH
MED-0004,2022-09-01,0,CENTRAL
MED-0004,2022-10-01,0,CENTRAL
MED-0004,2022-11-01,0,CENTRAL
MED-0004,2022-12-01,11,CENTRAL
MED-0004,2023-01-01,0,WEST
MED-0004,2023-02-01,0,CENTRAL
MED-0004,2023-03-01,13,CENTRAL
MED-0004,2023-04-01,0,CENTRAL
MED-0004,2023-05-01,8,CENTRAL
MED-0004,2023-06-01,0,CENTRAL
MED-0004,2023-07-01,0,SOUTH
MED-0004,2023-08-01,0,CENTRAL
MED-0004,2023-09-01,15,CENTRAL
MED-0004,2023-10-01,12,CENTRAL
MED-0004,2023-11-01,0,NORTH
MED-0004,2023-12-01,0,WEST
MED-0004,2024-01-01,0,NORTH
MED-0004,2024-02-01,0,CENTRAL
MED-0004,2024-03-01,0,CENTRAL
MED-0004,2024-04-01,0,CENTRAL
MED-0004,2024-05-01,0,CENTRAL
MED-0004,2024-06-01,0,CENTRAL
MED-0004,2024-07-01,36,CENTRAL
MED-0004,2024-08-01,0,CENTRAL
MED-0004,2024-09-01,0,CENTRAL
MED-0004,2024-10-01,0,CENTRAL
MED-0004,2024-11-01,0,CENTRAL
MED-0004,2024-12-01,0,CENTRAL
MED-0004,2025-01-01,0,CENTRAL
MED-0004,2025-02-01,0,CENTRAL
MED-0004,2025-03-01,0,CENTRAL
MED-0004,2025-04-01,77,NORTH
MED-0004,2025-05-01,0,CENTRAL
MED-0004,2025-06-01,0,SOUTH
MED-0004,2025-07-01,0,CENTRAL
MED-0004,2025-08-01,0,CENTRAL
MED-0004,2025-09-01,0,CENTRAL
MED-0004,2025-10-01,0,CENTRAL
MED-0004,2025-11-01,0,WEST
MED-0004,2025-12-01,0,NORTH
MED-0005,2023-07-01,0,NORTH
MED-0005,2023-08-01,0,SOUTH
MED-0005,2023-09-01,0,WEST
MED-0005,2023-10-01,0,CENTRAL
MED-0005,2023-11-01,0,EAST
MED-0005,2023-12-01,0,SOUTH
MED-0005,2024-01-01,10,WEST
MED-0005,2024-02-01,0,WEST
MED-0005,2024-03-01,0,WEST
MED-0005,2024-04-01,0,WEST
MED-0005,2024-05-01,0,WEST
MED-0005,2024-06-01,0,WEST
MED-0005,2024-07-01,20,WEST
MED-0005,2024-08-01,0,WEST
MED-0005,2024-09-01,10,WEST
MED-0005,2024-10-01,0,WEST
MED-0005,2024-11-01,15,WEST
MED-0005,2024-12-01,11,WEST
MED-0005,2025-01-01,0,WEST
MED-0005,2025-02-01,0,NORTH
MED-0005,2025-03-01,0,WEST
MED-0005,2025-04-01,0,WEST
MED-0005,2025-05-01,0,WEST
MED-0005,2025-06-01,0,WEST
MED-0005,2025-07-01,8,CENTRAL
MED-0005,2025-08-01,0,EAST
MED-0005,2025-09-01,0,WEST
MED-0005,2025-10-01,0,NORTH
MED-0005,2025-11-01,0,WEST
MED-0005,2025-12-01,0,WEST
MED-0006,2022-07-01,0,NORTH
MED-0006,2022-08-01,0,SOUTH
MED-0006,2022-09-01,0,NORTH
MED-0006,2022-10-01,0,CENTRAL
MED-0006,2022-11-01,5,WEST
MED-0006,2022-12-01,0,WEST
MED-0006,2023-01-01,9,CENTRAL
MED-0006,2023-02-01,0,NORTH
MED-0006,2023-03-01,0,NORTH
MED-0006,2023-04-01,0,NORTH
MED-0006,2023-05-01,0,NORTH
MED-0006,2023-06-01,0,WEST
MED-0006,2023-07-01,18,WEST
MED-0006,2023-08-01,0,NORTH
MED-0006,2023-09-01,0,NORTH
MED-0006,2023-10-01,0,NORTH
MED-0006,2023-11-01,0,NORTH
MED-0006,2023-12-01,0,NORTH
MED-0006,2024-01-01,0,NORTH
MED-0006,2024-02-01,34,CENTRAL
MED-0006,2024-03-01,0,WEST
MED-0006,2024-04-01,0,NORTH
MED-0006,2024-05-01,0,NORTH
MED-0006,2024-06-01,0,NORTH
MED-0006,2024-07-01,0,NORTH
MED-0006,2024-08-01,0,NORTH
MED-0006,2024-09-01,0,SOUTH
MED-0006,2024-10-01,0,NORTH
MED-0006,2024-11-01,0,NORTH
MED-0006,2024-12-01,0,NORTH
MED-0006,2025-01-01,12,WEST
MED-0006,2025-02-01,0,EAST
MED-0006,2025-03-01,0,NORTH
MED-0006,2025-04-01,0,NORTH
MED-0006,2025-05-01,7,NORTH
MED-0006,2025-06-01,7,EAST
MED-0006,2025-07-01,0,NORTH
MED-0006,2025-08-01,0,NORTH
MED-0006,2025-09-01,0,NORTH
MED-0006,2025-10-01,0,NORTH
MED-0006,2025-11-01,0,NORTH
MED-0006,2025-12-01,0,WEST
MED-0007,2022-07-01,0,EAST
MED-0007,2022-08-01,0,EAST
MED-0007,2022-09-01,2,EAST
MED-0007,2022-10-01,0,EAST
MED-0007,2022-11-01,0,NORTH
MED-0007,2022-12-01,0,EAST
MED-0007,2023-01-01,0,EAST
MED-0007,2023-02-01,3,WEST
MED-0007,2023-03-01,0,EAST
MED-0007,2023-04-01,5,EAST
MED-0007,2023-05-01,0,EAST
MED-0007,2023-06-01,0,CENTRAL
MED-0007,2023-07-01,3,SOUTH
MED-0007,2023-08-01,4,EAST
MED-0007,2023-09-01,0,EAST
MED-0007,2023-10-01,0,EAST
MED-0007,2023-11-01,0,NORTH
MED-0007,2023-12-01,0,NORTH
MED-0007,2024-01-01,0,EAST
MED-0007,2024-02-01,0,EAST
MED-0007,2024-03-01,1,EAST
MED-0007,2024-04-01,0,WEST
MED-0007,2024-05-01,0,EAST
MED-0007,2024-06-01,0,EAST
MED-0007,2024-07-01,0,WEST
MED-0007,2024-08-01,0,EAST
MED-0007,2024-09-01,0,NORTH
MED-0007,2024-10-01,0,EAST
MED-0007,2024-11-01,0,EAST
MED-0007,2024-12-01,0,EAST
MED-0007,2025-01-01,0,EAST
MED-0007,2025-02-01,2,EAST
MED-0007,2025-03-01,0,WEST
MED-0007,2025-04-01,1,EAST
MED-0007,2025-05-01,0,EAST
MED-0007,2025-06-01,0,EAST
MED-0007,2025-07-01,7,EAST
MED-0007,2025-08-01,0,EAST
MED-0007,2025-09-01,0,EAST
MED-0007,2025-10-01,0,SOUTH
MED-0007,2025-11-01,0,EAST
MED-0007,2025-12-01,0,CENTRAL
MED-0008,2022-01-01,3,WEST
MED-0008,2022-02-01,18,EAST
MED-0008,2022-03-01,0,CENTRAL
MED-0008,2022-04-01,3,CENTRAL
MED-0008,2022-05-01,5,CENTRAL
MED-0008,2022-06-01,8,NORTH
MED-0008,2022-07-01,4,WEST
MED-0008,2022-08-01,2,CENTRAL
MED-0008,2022-09-01,2,WEST
MED-0008,2022-10-01,0,CENTRAL
MED-0008,2022-11-01,3,EAST
MED-0008,2022-12-01,1,EAST
MED-0008,2023-01-01,3,WEST
MED-0008,2023-02-01,1,CENTRAL
MED-0008,2023-03-01,2,CENTRAL
MED-0008,2023-04-01,3,WEST
MED-0008,2023-05-01,6,CENTRAL
MED-0008,2023-06-01,1,CENTRAL
MED-0008,2023-07-01,2,CENTRAL
MED-0008,2023-08-01,2,CENTRAL
MED-0008,2023-09-01,2,CENTRAL
MED-0008,2023-10-01,1,SOUTH
MED-0008,2023-11-01,2,CENTRAL
MED-0008,2023-12-01,1,CENTRAL
MED-0008,2024-01-01,2,SOUTH
MED-0008,2024-02-01,1,CENTRAL
MED-0008,2024-03-01,6,EAST
MED-0008,2024-04-01,2,CENTRAL
MED-0008,2024-05-01,5,CENTRAL
MED-0008,2024-06-01,2,WEST
MED-0008,2024-07-01,2,NORTH
MED-0008,2024-08-01,2,CENTRAL
MED-0008,2024-09-01,3,CENTRAL
MED-0008,2024-10-01,3,CENTRAL
MED-0008,2024-11-01,2,WEST
MED-0008,2024-12-01,0,CENTRAL
MED-0008,2025-01-01,3,EAST
MED-0008,2025-02-01,3,SOUTH
MED-0008,2025-03-01,2,CENTRAL
MED-0008,2025-04-01,2,SOUTH
MED-0008,2025-05-01,0,CENTRAL
MED-0008,2025-06-01,2,CENTRAL
MED-0008,2025-07-01,3,CENTRAL
MED-0008,2025-08-01,3,SOUTH
MED-0008,2025-09-01,1,CENTRAL
MED-0008,2025-10-01,0,CENTRAL
MED-0008,2025-11-01,1,EAST
MED-0008,2025-12-01,1,CENTRAL
MED-0009,2023-01-01,3,EAST
MED-0009,2023-02-01,1,EAST
MED-0009,2023-03-01,5,CENTRAL
MED-0009,2023-04-01,3,WEST
MED-0009,2023-05-01,0,EAST
MED-0009,2023-06-01,5,EAST
MED-0009,2023-07-01,3,EAST
MED-0009,2023-08-01,1,EAST
MED-0009,2023-09-01,4,CENTRAL
MED-0009,2023-10-01,3,EAST
MED-0009,2023-11-01,2,SOUTH
MED-0009,2023-12-01,3,EAST
MED-0009,2024-01-01,1,NORTH
MED-0009,2024-02-01,8,EAST
MED-0009,2024-03-01,3,EAST
MED-0009,2024-04-01,3,NORTH
MED-0009,2024-05-01,0,EAST
MED-0009,2024-06-01,4,EAST
MED-0009,2024-07-01,2,EAST
MED-0009,2024-08-01,0,WEST
MED-0009,2024-09-01,2,CENTRAL
MED-0009,2024-10-01,5,SOUTH
MED-0009,2024-11-01,6,SOUTH
MED-0009,2024-12-01,1,CENTRAL
MED-0009,2025-01-01,2,EAST
MED-0009,2025-02-01,0,WEST
MED-0009,2025-03-01,2,CENTRAL
MED-0009,2025-04-01,2,SOUTH
MED-0009,2025-05-01,2,EAST
MED-0009,2025-06-01,3,EAST
MED-0009,2025-07-01,2,EAST
MED-0009,2025-08-01,4,NORTH
MED-0009,2025-09-01,3,EAST
MED-0009,2025-10-01,5,EAST
MED-0009,2025-11-01,2,EAST
MED-0009,2025-12-01,2,EAST
MED-0010,2022-07-01,0,WEST
MED-0010,2022-08-01,0,EAST
MED-0010,2022-09-01,0,EAST
MED-0010,2022-10-01,0,EAST
MED-0010,2022-11-01,0,EAST
MED-0010,2022-12-01,0,NORTH
MED-0010,2023-01-01,0,WEST
MED-0010,2023-02-01,0,EAST
MED-0010,2023-03-01,0,EAST
MED-0010,2023-04-01,0,EAST
MED-0010,2023-05-01,0,EAST
MED-0010,2023-06-01,0,EAST
MED-0010,2023-07-01,0,WEST
MED-0010,2023-08-01,0,EAST
MED-0010,2023-09-01,0,EAST
MED-0010,2023-10-01,0,EAST
MED-0010,2023-11-01,5,EAST
MED-0010,2023-12-01,0,EAST
MED-0010,2024-01-01,0,EAST
MED-0010,2024-02-01,0,EAST
MED-0010,2024-03-01,0,EAST
MED-0010,2024-04-01,0,EAST
MED-0010,2024-05-01,0,EAST
MED-0010,2024-06-01,15,SOUTH
MED-0010,2024-07-01,0,EAST
MED-0010,2024-08-01,0,EAST
MED-0010,2024-09-01,0,SOUTH
MED-0010,2024-10-01,0,EAST
MED-0010,2024-11-01,0,SOUTH
MED-0010,2024-12-01,0,EAST
MED-0010,2025-01-01,0,EAST
MED-0010,2025-02-01,49,WEST
MED-0010,2025-03-01,0,SOUTH
MED-0010,2025-04-01,0,EAST
MED-0010,2025-05-01,0,EAST
MED-0010,2025-06-01,0,EAST
MED-0010,2025-07-01,0,NORTH
MED-0010,2025-08-01,0,EAST
MED-0010,2025-09-01,0,EAST
MED-0010,2025-10-01,0,EAST
MED-0010,2025-11-01,0,EAST
MED-0010,2025-12-01,0,CENTRAL
MED-0011,2022-01-01,0,NORTH
MED-0011,2022-02-01,0,NORTH
MED-0011,2022-03-01,0,NORTH
MED-0011,2022-04-01,0,WEST
MED-0011,2022-05-01,0,NORTH
MED-0011,2022-06-01,0,CENTRAL
MED-0011,2022-07-01,0,NORTH
MED-0011,2022-08-01,0,NORTH
MED-0011,2022-09-01,18,NORTH
MED-0011,2022-10-01,56,CENTRAL
MED-0011,2022-11-01,0,NORTH
MED-0011,2022-12-01,0,CENTRAL
MED-0011,2023-01-01,0,NORTH
MED-0011,2023-02-01,0,SOUTH
MED-0011,2023-03-01,0,NORTH
MED-0011,2023-04-01,8,NORTH
MED-0011,2023-05-01,0,NORTH
MED-0011,2023-06-01,0,NORTH
MED-0011,2023-07-01,0,CENTRAL
MED-0011,2023-08-01,0,NORTH
MED-0011,2023-09-01,0,NORTH
MED-0011,2023-10-01,0,NORTH
MED-0011,2023-11-01,11,NORTH
MED-0011,2023-12-01,0,NORTH
MED-0011,2024-01-01,0,NORTH
MED-0011,2024-02-01,0,SOUTH
MED-0011,2024-03-01,0,NORTH
MED-0011,2024-04-01,8,NORTH
MED-0011,2024-05-01,0,NORTH
MED-0011,2024-06-01,0,NORTH
MED-0011,2024-07-01,0,NORTH
MED-0011,2024-08-01,0,NORTH
MED-0011,2024-09-01,13,NORTH
MED-0011,2024-10-01,0,EAST
MED-0011,2024-11-01,0,NORTH
MED-0011,2024-12-01,0,NORTH
MED-0011,2025-01-01,0,NORTH
MED-0011,2025-02-01,0,EAST
MED-0011,2025-03-01,0,NORTH
MED-0011,2025-04-01,0,NORTH
MED-0011,2025-05-01,0,NORTH
MED-0011,2025-06-01,0,CENTRAL
MED-0011,2025-07-01,0,NORTH
MED-0011,2025-08-01,0,CENTRAL
MED-0011,2025-09-01,0,CENTRAL
MED-0011,2025-10-01,0,NORTH
MED-0011,2025-11-01,0,NORTH
MED-0011,2025-12-01,0,CENTRAL
MED-0012,2024-01-01,0,WEST
MED-0012,2024-02-01,0,NORTH
MED-0012,2024-03-01,0,WEST
MED-0012,2024-04-01,0,WEST
MED-0012,2024-05-01,7,NORTH
MED-0012,2024-06-01,0,WEST
MED-0012,2024-07-01,4,WEST
MED-0012,2024-08-01,0,SOUTH
MED-0012,2024-09-01,0,NORTH
MED-0012,2024-10-01,0,EAST
MED-0012,2024-11-01,0,WEST
MED-0012,2024-12-01,0,NORTH
MED-0012,2025-01-01,0,NORTH
MED-0012,2025-02-01,0,NORTH
MED-0012,2025-03-01,0,NORTH
MED-0012,2025-04-01,0,EAST
MED-0012,2025-05-01,0,NORTH
MED-0012,2025-06-01,0,NORTH
MED-0012,2025-07-01,0,EAST
MED-0012,2025-08-01,24,NORTH
MED-0012,2025-09-01,0,NORTH
MED-0012,2025-10-01,0,NORTH
MED-0012,2025-11-01,0,WEST
MED-0012,2025-12-01,0,NORTH
MED-0013,2024-01-01,0,SOUTH
MED-0013,2024-02-01,0,SOUTH
MED-0013,2024-03-01,0,SOUTH
MED-0013,2024-04-01,0,SOUTH
MED-0013,2024-05-01,0,SOUTH
MED-0013,2024-06-01,6,CENTRAL
MED-0013,2024-07-01,0,SOUTH
MED-0013,2024-08-01,11,CENTRAL
MED-0013,2024-09-01,0,EAST
MED-0013,2024-10-01,0,WEST
MED-0013,2024-11-01,0,SOUTH
MED-0013,2024-12-01,0,WEST
MED-0013,2025-01-01,0,SOUTH
MED-0013,2025-02-01,0,EAST
MED-0013,2025-03-01,0,SOUTH
MED-0013,2025-04-01,0,SOUTH
MED-0013,2025-05-01,0,SOUTH
MED-0013,2025-06-01,0,SOUTH
MED-0013,2025-07-01,0,SOUTH
MED-0013,2025-08-01,0,SOUTH
MED-0013,2025-09-01,39,SOUTH
MED-0013,2025-10-01,4,SOUTH
MED-0013,2025-11-01,0,SOUTH
MED-0013,2025-12-01,0,SOUTH
MED-0014,2022-01-01,1,SOUTH
MED-0014,2022-02-01,4,EAST
MED-0014,2022-03-01,1,WEST
MED-0014,2022-04-01,5,WEST
MED-0014,2022-05-01,3,WEST
MED-0014,2022-06-01,2,WEST
MED-0014,2022-07-01,3,WEST
MED-0014,2022-08-01,4,WEST
MED-0014,2022-09-01,3,WEST
MED-0014,2022-10-01,4,WEST
MED-0014,2022-11-01,5,EAST
MED-0014,2022-12-01,2,CENTRAL
MED-0014,2023-01-01,1,WEST
MED-0014,2023-02-01,2,WEST
MED-0014,2023-03-01,3,WEST
MED-0014,2023-04-01,4,WEST
MED-0014,2023-05-01,2,EAST
MED-0014,2023-06-01,3,WEST
MED-0014,2023-07-01,4,WEST
MED-0014,2023-08-01,4,CENTRAL
MED-0014,2023-09-01,4,WEST
MED-0014,2023-10-01,2,WEST
MED-0014,2023-11-01,4,EAST
MED-0014,2023-12-01,5,NORTH
MED-0014,2024-01-01,4,SOUTH
MED-0014,2024-02-01,5,WEST
MED-0014,2024-03-01,2,SOUTH
MED-0014,2024-04-01,11,CENTRAL
MED-0014,2024-05-01,5,WEST
MED-0014,2024-06-01,3,WEST
MED-0014,2024-07-01,5,WEST
MED-0014,2024-08-01,1,WEST
MED-0014,2024-09-01,4,WEST
MED-0014,2024-10-01,2,SOUTH
MED-0014,2024-11-01,1,WEST
MED-0014,2024-12-01,5,WEST
MED-0014,2025-01-01,2,NORTH
MED-0014,2025-02-01,2,WEST
MED-0014,2025-03-01,3,WEST
MED-0014,2025-04-01,4,WEST
MED-0014,2025-05-01,0,WEST
MED-0014,2025-06-01,5,WEST
MED-0014,2025-07-01,4,WEST
MED-0014,2025-08-01,1,WEST
MED-0014,2025-09-01,2,WEST
MED-0014,2025-10-01,5,SOUTH
MED-0014,2025-11-01,3,EAST
MED-0014,2025-12-01,2,WEST
MED-0015,2022-01-01,0,NORTH
MED-0015,2022-02-01,0,NORTH
MED-0015,2022-03-01,0,NORTH
MED-0015,2022-04-01,0,NORTH
MED-0015,2022-05-01,0,NORTH
MED-0015,2022-06-01,0,CENTRAL
MED-0015,2022-07-01,15,SOUTH
MED-0015,2022-08-01,0,NORTH
MED-0015,2022-09-01,5,NORTH
MED-0015,2022-10-01,0,SOUTH
MED-0015,2022-11-01,0,WEST
MED-0015,2022-12-01,0,NORTH
MED-0015,2023-01-01,0,EAST
MED-0015,2023-02-01,0,NORTH
MED-0015,2023-03-01,0,EAST
MED-0015,2023-04-01,9,NORTH
MED-0015,2023-05-01,0,NORTH
MED-0015,2023-06-01,0,NORTH
MED-0015,2023-07-01,0,NORTH
MED-0015,2023-08-01,13,NORTH
MED-0015,2023-09-01,0,NORTH
MED-0015,2023-10-01,0,NORTH
MED-0015,2023-11-01,0,NORTH
MED-0015,2023-12-01,0,NORTH
MED-0015,2024-01-01,0,NORTH
MED-0015,2024-02-01,0,NORTH
MED-0015,2024-03-01,10,NORTH
MED-0015,2024-04-01,0,SOUTH
MED-0015,2024-05-01,0,NORTH
MED-0015,2024-06-01,0,NORTH
MED-0015,2024-07-01,0,NORTH
MED-0015,2024-08-01,0,NORTH
MED-0015,2024-09-01,0,NORTH
MED-0015,2024-10-01,0,NORTH
MED-0015,2024-11-01,0,WEST
MED-0015,2024-12-01,0,NORTH
MED-0015,2025-01-01,0,SOUTH
MED-0015,2025-02-01,0,NORTH
MED-0015,2025-03-01,0,NORTH
MED-0015,2025-04-01,0,NORTH
MED-0015,2025-05-01,0,NORTH
MED-0015,2025-06-01,0,NORTH
MED-0015,2025-07-01,0,NORTH
MED-0015,2025-08-01,42,NORTH
MED-0015,2025-09-01,0,NORTH
MED-0015,2025-10-01,19,EAST
MED-0015,2025-11-01,0,NORTH
MED-0015,2025-12-01,0,NORTH
MED-0016,2022-07-01,0,CENTRAL
MED-0016,2022-08-01,0,CENTRAL
MED-0016,2022-09-01,0,CENTRAL
MED-0016,2022-10-01,0,CENTRAL
MED-0016,2022-11-01,0,CENTRAL
MED-0016,2022-12-01,0,CENTRAL
MED-0016,2023-01-01,0,CENTRAL
MED-0016,2023-02-01,0,CENTRAL
MED-0016,2023-03-01,0,CENTRAL
MED-0016,2023-04-01,5,NORTH
MED-0016,2023-05-01,0,WEST
MED-0016,2023-06-01,0,SOUTH
MED-0016,2023-07-01,0,CENTRAL
MED-0016,2023-08-01,0,CENTRAL
MED-0016,2023-09-01,0,CENTRAL
MED-0016,2023-10-01,0,CENTRAL
MED-0016,2023-11-01,0,CENTRAL
MED-0016,2023-12-01,0,CENTRAL
MED-0016,2024-01-01,8,EAST
MED-0016,2024-02-01,0,CENTRAL
MED-0016,2024-03-01,0,CENTRAL
MED-0016,2024-04-01,0,CENTRAL
MED-0016,2024-05-01,10,NORTH
MED-0016,2024-06-01,0,CENTRAL
MED-0016,2024-07-01,0,CENTRAL
MED-0016,2024-08-01,0,CENTRAL
MED-0016,2024-09-01,0,CENTRAL
MED-0016,2024-10-01,0,CENTRAL
MED-0016,2024-11-01,0,SOUTH
MED-0016,2024-12-01,12,CENTRAL
MED-0016,2025-01-01,0,CENTRAL
MED-0016,2025-02-01,0,CENTRAL
MED-0016,2025-03-01,0,CENTRAL
MED-0016,2025-04-01,0,SOUTH
MED-0016,2025-05-01,33,WEST
MED-0016,2025-06-01,0,CENTRAL
MED-0016,2025-07-01,8,CENTRAL
MED-0016,2025-08-01,0,CENTRAL
MED-0016,2025-09-01,0,WEST
MED-0016,2025-10-01,0,CENTRAL
MED-0016,2025-11-01,0,CENTRAL
MED-0016,2025-12-01,0,CENTRAL
MED-0017,2024-01-01,3,WEST
MED-0017,2024-02-01,4,WEST
MED-0017,2024-03-01,3,WEST
MED-0017,2024-04-01,2,WEST
MED-0017,2024-05-01,2,EAST
MED-0017,2024-06-01,16,WEST
MED-0017,2024-07-01,5,WEST
MED-0017,2024-08-01,5,WEST
MED-0017,2024-09-01,3,NORTH
MED-0017,2024-10-01,1,CENTRAL
MED-0017,2024-11-01,1,WEST
MED-0017,2024-12-01,6,SOUTH
MED-0017,2025-01-01,3,WEST
MED-0017,2025-02-01,5,EAST
MED-0017,2025-03-01,3,WEST
MED-0017,2025-04-01,3,WEST
MED-0017,2025-05-01,2,WEST
MED-0017,2025-06-01,4,WEST
MED-0017,2025-07-01,5,WEST
MED-0017,2025-08-01,4,WEST
MED-0017,2025-09-01,4,WEST
MED-0017,2025-10-01,3,WEST
MED-0017,2025-11-01,4,WEST
MED-0017,2025-12-01,5,WEST
MED-0018,2022-01-01,2,EAST
MED-0018,2022-02-01,5,EAST
MED-0018,2022-03-01,3,EAST
MED-0018,2022-04-01,7,EAST
MED-0018,2022-05-01,8,EAST
MED-0018,2022-06-01,9,EAST
MED-0018,2022-07-01,2,EAST
MED-0018,2022-08-01,3,EAST
MED-0018,2022-09-01,3,WEST
MED-0018,2022-10-01,4,NORTH
MED-0018,2022-11-01,5,SOUTH
MED-0018,2022-12-01,3,EAST
MED-0018,2023-01-01,3,EAST
MED-0018,2023-02-01,16,EAST
MED-0018,2023-03-01,7,WEST
MED-0018,2023-04-01,4,EAST
MED-0018,2023-05-01,6,CENTRAL
MED-0018,2023-06-01,5,EAST
MED-0018,2023-07-01,9,EAST
MED-0018,2023-08-01,4,EAST
MED-0018,2023-09-01,3,EAST
MED-0018,2023-10-01,3,EAST
MED-0018,2023-11-01,2,EAST
MED-0018,2023-12-01,5,CENTRAL
MED-0018,2024-01-01,1,EAST
MED-0018,2024-02-01,1,EAST
MED-0018,2024-03-01,5,SOUTH
MED-0018,2024-04-01,2,EAST
MED-0018,2024-05-01,11,NORTH
MED-0018,2024-06-01,4,EAST
MED-0018,2024-07-01,4,SOUTH
MED-0018,2024-08-01,3,EAST
MED-0018,2024-09-01,5,EAST
MED-0018,2024-10-01,1,EAST
MED-0018,2024-11-01,2,EAST
MED-0018,2024-12-01,4,EAST
MED-0018,2025-01-01,2,EAST
MED-0018,2025-02-01,0,WEST
MED-0018,2025-03-01,5,EAST
MED-0018,2025-04-01,5,SOUTH
MED-0018,2025-05-01,6,EAST
MED-0018,2025-06-01,3,EAST
MED-0018,2025-07-01,3,EAST
MED-0018,2025-08-01,0,EAST
MED-0018,2025-09-01,4,WEST
MED-0018,2025-10-01,3,NORTH
MED-0018,2025-11-01,0,WEST
MED-0018,2025-12-01,7,EAST
MED-0019,2022-01-01,0,WEST
MED-0019,2022-02-01,0,EAST
MED-0019,2022-03-01,14,SOUTH
MED-0019,2022-04-01,4,EAST
MED-0019,2022-05-01,0,EAST
MED-0019,2022-06-01,4,EAST
MED-0019,2022-07-01,0,EAST
MED-0019,2022-08-01,0,EAST
MED-0019,2022-09-01,0,EAST
MED-0019,2022-10-01,0,WEST
MED-0019,2022-11-01,3,EAST
MED-0019,2022-12-01,0,EAST
MED-0019,2023-01-01,6,EAST
MED-0019,2023-02-01,0,EAST
MED-0019,2023-03-01,2,EAST
MED-0019,2023-04-01,0,CENTRAL
MED-0019,2023-05-01,6,EAST
MED-0019,2023-06-01,0,EAST
MED-0019,2023-07-01,0,WEST
MED-0019,2023-08-01,0,EAST
MED-0019,2023-09-01,0,EAST
MED-0019,2023-10-01,0,EAST
MED-0019,2023-11-01,3,EAST
MED-0019,2023-12-01,0,CENTRAL
MED-0019,2024-01-01,1,EAST
MED-0019,2024-02-01,0,EAST
MED-0019,2024-03-01,0,NORTH
MED-0019,2024-04-01,3,WEST
MED-0019,2024-05-01,4,NORTH
MED-0019,2024-06-01,0,WEST
MED-0019,2024-07-01,0,EAST
MED-0019,2024-08-01,0,SOUTH
MED-0019,2024-09-01,0,EAST
MED-0019,2024-10-01,0,EAST
MED-0019,2024-11-01,0,EAST
MED-0019,2024-12-01,0,EAST
MED-0019,2025-01-01,0,CENTRAL
MED-0019,2025-02-01,7,EAST
MED-0019,2025-03-01,0,SOUTH
MED-0019,2025-04-01,6,EAST
MED-0019,2025-05-01,0,EAST
MED-0019,2025-06-01,6,NORTH
MED-0019,2025-07-01,0,EAST
MED-0019,2025-08-01,6,EAST
MED-0019,2025-09-01,4,EAST
MED-0019,2025-10-01,0,SOUTH
MED-0019,2025-11-01,0,EAST
MED-0019,2025-12-01,0,EAST
MED-0020,2023-07-01,5,CENTRAL
MED-0020,2023-08-01,3,WEST
MED-0020,2023-09-01,2,CENTRAL
MED-0020,2023-10-01,0,NORTH
MED-0020,2023-11-01,4,WEST
MED-0020,2023-12-01,3,WEST
MED-0020,2024-01-01,5,CENTRAL
MED-0020,2024-02-01,6,WEST
MED-0020,2024-03-01,6,WEST
MED-0020,2024-04-01,17,WEST
MED-0020,2024-05-01,9,WEST
MED-0020,2024-06-01,1,WEST
MED-0020,2024-07-01,1,CENTRAL
MED-0020,2024-08-01,7,SOUTH
MED-0020,2024-09-01,4,WEST
MED-0020,2024-10-01,4,SOUTH
MED-0020,2024-11-01,8,WEST
MED-0020,2024-12-01,4,WEST
MED-0020,2025-01-01,4,WEST
MED-0020,2025-02-01,7,WEST
MED-0020,2025-03-01,4,WEST
MED-0020,2025-04-01,8,WEST
MED-0020,2025-05-01,33,WEST
MED-0020,2025-06-01,5,WEST
MED-0020,2025-07-01,5,SOUTH
MED-0020,2025-08-01,7,WEST
MED-0020,2025-09-01,6,WEST
MED-0020,2025-10-01,2,EAST
MED-0020,2025-11-01,3,WEST
MED-0020,2025-12-01,6,WEST
MED-0021,2023-07-01,0,SOUTH
MED-0021,2023-08-01,9,SOUTH
MED-0021,2023-09-01,0,SOUTH
MED-0021,2023-10-01,0,SOUTH
MED-0021,2023-11-01,0,CENTRAL
MED-0021,2023-12-01,0,SOUTH
MED-0021,2024-01-01,0,SOUTH
MED-0021,2024-02-01,0,SOUTH
MED-0021,2024-03-01,0,SOUTH
MED-0021,2024-04-01,0,SOUTH
MED-0021,2024-05-01,35,SOUTH
MED-0021,2024-06-01,0,SOUTH
MED-0021,2024-07-01,0,SOUTH
MED-0021,2024-08-01,0,EAST
MED-0021,2024-09-01,0,SOUTH
MED-0021,2024-10-01,0,EAST
MED-0021,2024-11-01,0,SOUTH
MED-0021,2024-12-01,0,SOUTH
MED-0021,2025-01-01,0,WEST
MED-0021,2025-02-01,0,SOUTH
MED-0021,2025-03-01,0,SOUTH
MED-0021,2025-04-01,0,WEST
MED-0021,2025-05-01,76,SOUTH
MED-0021,2025-06-01,0,WEST
MED-0021,2025-07-01,0,SOUTH
MED-0021,2025-08-01,0,SOUTH
MED-0021,2025-09-01,0,SOUTH
MED-0021,2025-10-01,0,SOUTH
MED-0021,2025-11-01,0,SOUTH
MED-0021,2025-12-01,0,SOUTH
MED-0022,2022-01-01,7,SOUTH
MED-0022,2022-02-01,3,NORTH
MED-0022,2022-03-01,2,NORTH
MED-0022,2022-04-01,2,SOUTH
MED-0022,2022-05-01,10,EAST
MED-0022,2022-06-01,5,SOUTH
MED-0022,2022-07-01,10,SOUTH
MED-0022,2022-08-01,5,SOUTH
MED-0022,2022-09-01,6,SOUTH
MED-0022,2022-10-01,3,WEST
MED-0022,2022-11-01,5,NORTH
MED-0022,2022-12-01,9,NORTH
MED-0022,2023-01-01,13,SOUTH
MED-0022,2023-02-01,0,SOUTH
MED-0022,2023-03-01,4,SOUTH
MED-0022,2023-04-01,10,SOUTH
MED-0022,2023-05-01,4,SOUTH
MED-0022,2023-06-01,2,SOUTH
MED-0022,2023-07-01,6,CENTRAL
MED-0022,2023-08-01,6,SOUTH
MED-0022,2023-09-01,10,SOUTH
MED-0022,2023-10-01,12,SOUTH
MED-0022,2023-11-01,2,WEST
MED-0022,2023-12-01,4,SOUTH
MED-0022,2024-01-01,10,SOUTH
MED-0022,2024-02-01,3,SOUTH
MED-0022,2024-03-01,5,NORTH
MED-0022,2024-04-01,6,SOUTH
MED-0022,2024-05-01,5,SOUTH
MED-0022,2024-06-01,6,SOUTH
MED-0022,2024-07-01,6,SOUTH
MED-0022,2024-08-01,7,SOUTH
MED-0022,2024-09-01,3,SOUTH
MED-0022,2024-10-01,10,SOUTH
MED-0022,2024-11-01,11,SOUTH
MED-0022,2024-12-01,3,SOUTH
MED-0022,2025-01-01,3,CENTRAL
MED-0022,2025-02-01,5,SOUTH
MED-0022,2025-03-01,4,SOUTH
MED-0022,2025-04-01,0,SOUTH
MED-0022,2025-05-01,10,SOUTH
MED-0022,2025-06-01,5,SOUTH
MED-0022,2025-07-01,5,SOUTH
MED-0022,2025-08-01,5,NORTH
MED-0022,2025-09-01,19,SOUTH
MED-0022,2025-10-01,2,SOUTH
MED-0022,2025-11-01,9,SOUTH
MED-0022,2025-12-01,1,CENTRAL
MED-0023,2022-01-01,13,NORTH
MED-0023,2022-02-01,4,NORTH
MED-0023,2022-03-01,0,EAST
MED-0023,2022-04-01,13,NORTH
MED-0023,2022-05-01,1,NORTH
MED-0023,2022-06-01,1,NORTH
MED-0023,2022-07-01,2,NORTH
MED-0023,2022-08-01,3,NORTH
MED-0023,2022-09-01,5,EAST
MED-0023,2022-10-01,0,EAST
MED-0023,2022-11-01,3,SOUTH
MED-0023,2022-12-01,6,NORTH
MED-0023,2023-01-01,6,NORTH
MED-0023,2023-02-01,4,WEST
MED-0023,2023-03-01,0,NORTH
MED-0023,2023-04-01,1,NORTH
MED-0023,2023-05-01,0,CENTRAL
MED-0023,2023-06-01,2,WEST
MED-0023,2023-07-01,4,CENTRAL
MED-0023,2023-08-01,4,NORTH
MED-0023,2023-09-01,7,NORTH
MED-0023,2023-10-01,1,NORTH
MED-0023,2023-11-01,3,NORTH
MED-0023,2023-12-01,1,CENTRAL
MED-0023,2024-01-01,4,NORTH
MED-0023,2024-02-01,2,EAST
MED-0023,2024-03-01,10,NORTH
MED-0023,2024-04-01,2,NORTH
MED-0023,2024-05-01,8,NORTH
MED-0023,2024-06-01,3,SOUTH
MED-0023,2024-07-01,2,NORTH
MED-0023,2024-08-01,7,NORTH
MED-0023,2024-09-01,14,NORTH
MED-0023,2024-10-01,0,NORTH
MED-0023,2024-11-01,1,NORTH
MED-0023,2024-12-01,1,NORTH
MED-0023,2025-01-01,3,NORTH
MED-0023,2025-02-01,3,SOUTH
MED-0023,2025-03-01,2,NORTH
MED-0023,2025-04-01,3,NORTH
MED-0023,2025-05-01,5,NORTH
MED-0023,2025-06-01,3,NORTH
MED-0023,2025-07-01,2,NORTH
MED-0023,2025-08-01,6,CENTRAL
MED-0023,2025-09-01,4,NORTH
MED-0023,2025-10-01,10,NORTH
MED-0023,2025-11-01,2,NORTH
MED-0023,2025-12-01,6,NORTH
MED-0024,2024-01-01,0,NORTH
MED-0024,2024-02-01,0,WEST
MED-0024,2024-03-01,0,NORTH
MED-0024,2024-04-01,14,CENTRAL
MED-0024,2024-05-01,0,EAST
MED-0024,2024-06-01,0,NORTH
MED-0024,2024-07-01,0,NORTH
MED-0024,2024-08-01,7,NORTH
MED-0024,2024-09-01,0,CENTRAL
MED-0024,2024-10-01,0,CENTRAL
MED-0024,2024-11-01,4,NORTH
MED-0024,2024-12-01,0,NORTH
MED-0024,2025-01-01,0,NORTH
MED-0024,2025-02-01,0,SOUTH
MED-0024,2025-03-01,0,NORTH
MED-0024,2025-04-01,0,NORTH
MED-0024,2025-05-01,0,EAST
MED-0024,2025-06-01,0,NORTH
MED-0024,2025-07-01,0,NORTH
MED-0024,2025-08-01,0,NORTH
MED-0024,2025-09-01,21,NORTH
MED-0024,2025-10-01,8,NORTH
MED-0024,2025-11-01,0,NORTH
MED-0024,2025-12-01,0,NORTH
MED-0025,2022-01-01,16,EAST
MED-0025,2022-02-01,0,SOUTH
MED-0025,2022-03-01,0,WEST
MED-0025,2022-04-01,0,WEST
MED-0025,2022-05-01,0,WEST
MED-0025,2022-06-01,10,WEST
MED-0025,2022-07-01,0,EAST
MED-0025,2022-08-01,0,SOUTH
MED-0025,2022-09-01,12,CENTRAL
MED-0025,2022-10-01,0,WEST
MED-0025,2022-11-01,0,WEST
MED-0025,2022-12-01,0,WEST
MED-0025,2023-01-01,0,WEST
MED-0025,2023-02-01,0,EAST
MED-0025,2023-03-01,0,WEST
MED-0025,2023-04-01,0,WEST
MED-0025,2023-05-01,6,WEST
MED-0025,2023-06-01,0,WEST
MED-0025,2023-07-01,0,WEST
MED-0025,2023-08-01,0,NORTH
MED-0025,2023-09-01,0,WEST
MED-0025,2023-10-01,0,WEST
MED-0025,2023-11-01,11,SOUTH
MED-0025,2023-12-01,0,EAST
MED-0025,2024-01-01,0,WEST
MED-0025,2024-02-01,0,WEST
MED-0025,2024-03-01,0,WEST
MED-0025,2024-04-01,0,NORTH
MED-0025,2024-05-01,0,WEST
MED-0025,2024-06-01,0,WEST
MED-0025,2024-07-01,0,WEST
MED-0025,2024-08-01,20,CENTRAL
MED-0025,2024-09-01,0,EAST
MED-0025,2024-10-01,0,WEST
MED-0025,2024-11-01,0,WEST
MED-0025,2024-12-01,0,SOUTH
MED-0025,2025-01-01,0,WEST
MED-0025,2025-02-01,0,WEST
MED-0025,2025-03-01,0,WEST
MED-0025,2025-04-01,0,NORTH
MED-0025,2025-05-01,0,WEST
MED-0025,2025-06-01,0,WEST
MED-0025,2025-07-01,0,WEST
MED-0025,2025-08-01,0,CENTRAL
MED-0025,2025-09-01,0,WEST
MED-0025,2025-10-01,0,WEST
MED-0025,2025-11-01,11,WEST
MED-0025,2025-12-01,10,WEST
MED-0026,2022-01-01,0,WEST
MED-0026,2022-02-01,0,CENTRAL
MED-0026,2022-03-01,0,SOUTH
MED-0026,2022-04-01,0,EAST
MED-0026,2022-05-01,0,CENTRAL
MED-0026,2022-06-01,0,SOUTH
MED-0026,2022-07-01,0,SOUTH
MED-0026,2022-08-01,0,SOUTH
MED-0026,2022-09-01,12,EAST
MED-0026,2022-10-01,14,SOUTH
MED-0026,2022-11-01,0,SOUTH
MED-0026,2022-12-01,0,SOUTH
MED-0026,2023-01-01,7,SOUTH
MED-0026,2023-02-01,0,SOUTH
MED-0026,2023-03-01,0,SOUTH
MED-0026,2023-04-01,0,SOUTH
MED-0026,2023-05-01,0,EAST
MED-0026,2023-06-01,0,SOUTH
MED-0026,2023-07-01,0,EAST
MED-0026,2023-08-01,0,WEST
MED-0026,2023-09-01,0,SOUTH
MED-0026,2023-10-01,0,WEST
MED-0026,2023-11-01,0,NORTH
MED-0026,2023-12-01,0,SOUTH
MED-0026,2024-01-01,9,SOUTH
MED-0026,2024-02-01,0,SOUTH
MED-0026,2024-03-01,0,SOUTH
MED-0026,2024-04-01,0,SOUTH
MED-0026,2024-05-01,14,SOUTH
MED-0026,2024-06-01,5,SOUTH
MED-0026,2024-07-01,0,SOUTH
MED-0026,2024-08-01,0,EAST
MED-0026,2024-09-01,0,WEST
MED-0026,2024-10-01,0,SOUTH
MED-0026,2024-11-01,0,SOUTH
MED-0026,2024-12-01,0,SOUTH
MED-0026,2025-01-01,0,SOUTH
MED-0026,2025-02-01,0,EAST
MED-0026,2025-03-01,18,SOUTH
MED-0026,2025-04-01,0,CENTRAL
MED-0026,2025-05-01,7,NORTH
MED-0026,2025-06-01,0,SOUTH
MED-0026,2025-07-01,0,EAST
MED-0026,2025-08-01,0,CENTRAL
MED-0026,2025-09-01,0,WEST
MED-0026,2025-10-01,0,SOUTH
MED-0026,2025-11-01,0,SOUTH
MED-0026,2025-12-01,0,SOUTH
MED-0027,2023-07-01,4,EAST
MED-0027,2023-08-01,6,CENTRAL
MED-0027,2023-09-01,4,CENTRAL
MED-0027,2023-10-01,2,CENTRAL
MED-0027,2023-11-01,2,EAST
MED-0027,2023-12-01,2,CENTRAL
MED-0027,2024-01-01,3,CENTRAL
MED-0027,2024-02-01,4,NORTH
MED-0027,2024-03-01,4,CENTRAL
MED-0027,2024-04-01,2,CENTRAL
MED-0027,2024-05-01,0,EAST
MED-0027,2024-06-01,3,EAST
MED-0027,2024-07-01,1,NORTH
MED-0027,2024-08-01,4,NORTH
MED-0027,2024-09-01,1,SOUTH
MED-0027,2024-10-01,1,EAST
MED-0027,2024-11-01,1,NORTH
MED-0027,2024-12-01,2,CENTRAL
MED-0027,2025-01-01,0,SOUTH
MED-0027,2025-02-01,5,NORTH
MED-0027,2025-03-01,2,CENTRAL
MED-0027,2025-04-01,2,CENTRAL
MED-0027,2025-05-01,3,CENTRAL
MED-0027,2025-06-01,0,CENTRAL
MED-0027,2025-07-01,1,EAST
MED-0027,2025-08-01,5,CENTRAL
MED-0027,2025-09-01,10,WEST
MED-0027,2025-10-01,0,NORTH
MED-0027,2025-11-01,1,CENTRAL
MED-0027,2025-12-01,0,CENTRAL
MED-0028,2022-01-01,12,CENTRAL
MED-0028,2022-02-01,0,EAST
MED-0028,2022-03-01,0,CENTRAL
MED-0028,2022-04-01,0,CENTRAL
MED-0028,2022-05-01,5,CENTRAL
MED-0028,2022-06-01,0,WEST
MED-0028,2022-07-01,0,SOUTH
MED-0028,2022-08-01,0,CENTRAL
MED-0028,2022-09-01,0,CENTRAL
MED-0028,2022-10-01,0,CENTRAL
MED-0028,2022-11-01,20,CENTRAL
MED-0028,2022-12-01,0,EAST
MED-0028,2023-01-01,0,SOUTH
MED-0028,2023-02-01,0,EAST
MED-0028,2023-03-01,7,CENTRAL
MED-0028,2023-04-01,0,NORTH
MED-0028,2023-05-01,0,CENTRAL
MED-0028,2023-06-01,0,WEST
MED-0028,2023-07-01,0,CENTRAL
MED-0028,2023-08-01,0,CENTRAL
MED-0028,2023-09-01,0,CENTRAL
MED-0028,2023-10-01,5,CENTRAL
MED-0028,2023-11-01,0,CENTRAL
MED-0028,2023-12-01,0,CENTRAL
MED-0028,2024-01-01,0,CENTRAL
MED-0028,2024-02-01,10,EAST
MED-0028,2024-03-01,0,CENTRAL
MED-0028,2024-04-01,0,SOUTH
MED-0028,2024-05-01,0,CENTRAL
MED-0028,2024-06-01,0,EAST
MED-0028,2024-07-01,0,CENTRAL
MED-0028,2024-08-01,0,NORTH
MED-0028,2024-09-01,10,CENTRAL
MED-0028,2024-10-01,0,CENTRAL
MED-0028,2024-11-01,0,CENTRAL
MED-0028,2024-12-01,0,EAST
MED-0028,2025-01-01,0,CENTRAL
MED-0028,2025-02-01,0,CENTRAL
MED-0028,2025-03-01,0,CENTRAL
MED-0028,2025-04-01,7,CENTRAL
MED-0028,2025-05-01,0,CENTRAL
MED-0028,2025-06-01,0,SOUTH
MED-0028,2025-07-01,0,CENTRAL
MED-0028,2025-08-01,17,CENTRAL
MED-0028,2025-09-01,0,NORTH
MED-0028,2025-10-01,0,NORTH
MED-0028,2025-11-01,8,SOUTH
MED-0028,2025-12-01,0,CENTRAL
MED-0029,2023-07-01,2,NORTH
MED-0029,2023-08-01,1,NORTH
MED-0029,2023-09-01,5,CENTRAL
MED-0029,2023-10-01,3,NORTH
MED-0029,2023-11-01,2,NORTH
MED-0029,2023-12-01,5,CENTRAL
MED-0029,2024-01-01,3,NORTH
MED-0029,2024-02-01,2,NORTH
MED-0029,2024-03-01,5,NORTH
MED-0029,2024-04-01,0,NORTH
MED-0029,2024-05-01,4,CENTRAL
MED-0029,2024-06-01,5,NORTH
MED-0029,2024-07-01,3,WEST
MED-0029,2024-08-01,1,CENTRAL
MED-0029,2024-09-01,2,NORTH
MED-0029,2024-10-01,4,NORTH
MED-0029,2024-11-01,3,CENTRAL
MED-0029,2024-12-01,3,NORTH
MED-0029,2025-01-01,3,WEST
MED-0029,2025-02-01,1,EAST
MED-0029,2025-03-01,3,WEST
MED-0029,2025-04-01,5,NORTH
MED-0029,2025-05-01,2,NORTH
MED-0029,2025-06-01,5,EAST
MED-0029,2025-07-01,1,NORTH
MED-0029,2025-08-01,4,NORTH
MED-0029,2025-09-01,4,CENTRAL
MED-0029,2025-10-01,4,EAST
MED-0029,2025-11-01,2,NORTH
MED-0029,2025-12-01,1,EAST
MED-0030,2023-07-01,6,NORTH
MED-0030,2023-08-01,4,CENTRAL
MED-0030,2023-09-01,5,WEST
MED-0030,2023-10-01,6,CENTRAL
MED-0030,2023-11-01,3,CENTRAL
MED-0030,2023-12-01,4,SOUTH
MED-0030,2024-01-01,5,CENTRAL
MED-0030,2024-02-01,2,NORTH
MED-0030,2024-03-01,3,CENTRAL
MED-0030,2024-04-01,2,NORTH
MED-0030,2024-05-01,4,SOUTH
MED-0030,2024-06-01,7,CENTRAL
MED-0030,2024-07-01,3,SOUTH
MED-0030,2024-08-01,2,CENTRAL
MED-0030,2024-09-01,14,CENTRAL
MED-0030,2024-10-01,10,CENTRAL
MED-0030,2024-11-01,4,CENTRAL
MED-0030,2024-12-01,1,CENTRAL
MED-0030,2025-01-01,5,SOUTH
MED-0030,2025-02-01,0,CENTRAL
MED-0030,2025-03-01,3,CENTRAL
MED-0030,2025-04-01,7,WEST
MED-0030,2025-05-01,3,WEST
MED-0030,2025-06-01,4,CENTRAL
MED-0030,2025-07-01,6,CENTRAL
MED-0030,2025-08-01,0,NORTH
MED-0030,2025-09-01,3,CENTRAL
MED-0030,2025-10-01,4,WEST
MED-0030,2025-11-01,0,CENTRAL
MED-0030,2025-12-01,4,EAST
MED-0031,2024-01-01,0,CENTRAL
MED-0031,2024-02-01,0,CENTRAL
MED-0031,2024-03-01,0,WEST
MED-0031,2024-04-01,0,CENTRAL
MED-0031,2024-05-01,0,CENTRAL
MED-0031,2024-06-01,0,CENTRAL
MED-0031,2024-07-01,0,CENTRAL
MED-0031,2024-08-01,0,WEST
MED-0031,2024-09-01,0,NORTH
MED-0031,2024-10-01,4,CENTRAL
MED-0031,2024-11-01,0,EAST
MED-0031,2024-12-01,0,CENTRAL
MED-0031,2025-01-01,0,CENTRAL
MED-0031,2025-02-01,0,CENTRAL
MED-0031,2025-03-01,0,CENTRAL
MED-0031,2025-04-01,0,NORTH
MED-0031,2025-05-01,7,CENTRAL
MED-0031,2025-06-01,0,NORTH
MED-0031,2025-07-01,0,CENTRAL
MED-0031,2025-08-01,0,CENTRAL
MED-0031,2025-09-01,0,CENTRAL
MED-0031,2025-10-01,0,SOUTH
MED-0031,2025-11-01,0,CENTRAL
MED-0031,2025-12-01,0,CENTRAL
MED-0032,2024-07-01,4,WEST
MED-0032,2024-08-01,6,SOUTH
MED-0032,2024-09-01,2,SOUTH
MED-0032,2024-10-01,1,SOUTH
MED-0032,2024-11-01,0,SOUTH
MED-0032,2024-12-01,2,CENTRAL
MED-0032,2025-01-01,5,SOUTH
MED-0032,2025-02-01,5,SOUTH
MED-0032,2025-03-01,4,SOUTH
MED-0032,2025-04-01,8,CENTRAL
MED-0032,2025-05-01,3,SOUTH
MED-0032,2025-06-01,5,SOUTH
MED-0032,2025-07-01,7,SOUTH
MED-0032,2025-08-01,0,WEST
MED-0032,2025-09-01,10,SOUTH
MED-0032,2025-10-01,7,SOUTH
MED-0032,2025-11-01,21,SOUTH
MED-0032,2025-12-01,0,SOUTH
MED-0033,2023-07-01,0,WEST
MED-0033,2023-08-01,0,WEST
MED-0033,2023-09-01,0,WEST
MED-0033,2023-10-01,0,CENTRAL
MED-0033,2023-11-01,0,WEST
MED-0033,2023-12-01,0,WEST
MED-0033,2024-01-01,0,WEST
MED-0033,2024-02-01,0,NORTH
MED-0033,2024-03-01,4,NORTH
MED-0033,2024-04-01,0,WEST
MED-0033,2024-05-01,0,NORTH
MED-0033,2024-06-01,0,WEST
MED-0033,2024-07-01,0,SOUTH
MED-0033,2024-08-01,0,SOUTH
MED-0033,2024-09-01,5,WEST
MED-0033,2024-10-01,0,WEST
MED-0033,2024-11-01,0,WEST
MED-0033,2024-12-01,7,WEST
MED-0033,2025-01-01,0,WEST
MED-0033,2025-02-01,10,WEST
MED-0033,2025-03-01,0,SOUTH
MED-0033,2025-04-01,0,NORTH
MED-0033,2025-05-01,9,NORTH
MED-0033,2025-06-01,0,EAST
MED-0033,2025-07-01,0,WEST
MED-0033,2025-08-01,0,NORTH
MED-0033,2025-09-01,0,WEST
MED-0033,2025-10-01,0,WEST
MED-0033,2025-11-01,0,WEST
MED-0033,2025-12-01,0,WEST
MED-0034,2024-01-01,2,NORTH
MED-0034,2024-02-01,2,NORTH
MED-0034,2024-03-01,3,SOUTH
MED-0034,2024-04-01,1,NORTH
MED-0034,2024-05-01,1,NORTH
MED-0034,2024-06-01,1,NORTH
MED-0034,2024-07-01,3,NORTH
MED-0034,2024-08-01,6,NORTH
MED-0034,2024-09-01,9,NORTH
MED-0034,2024-10-01,5,NORTH
MED-0034,2024-11-01,1,NORTH
MED-0034,2024-12-01,0,WEST
MED-0034,2025-01-01,3,NORTH
MED-0034,2025-02-01,3,NORTH
MED-0034,2025-03-01,2,CENTRAL
MED-0034,2025-04-01,10,WEST
MED-0034,2025-05-01,1,NORTH
MED-0034,2025-06-01,7,NORTH
MED-0034,2025-07-01,7,EAST
MED-0034,2025-08-01,2,NORTH
MED-0034,2025-09-01,0,NORTH
MED-0034,2025-10-01,2,NORTH
MED-0034,2025-11-01,2,SOUTH
MED-0034,2025-12-01,4,NORTH
MED-0035,2022-01-01,4,CENTRAL
MED-0035,2022-02-01,3,WEST
MED-0035,2022-03-01,2,WEST
MED-0035,2022-04-01,4,WEST
MED-0035,2022-05-01,2,WEST
MED-0035,2022-06-01,2,WEST
MED-0035,2022-07-01,5,NORTH
MED-0035,2022-08-01,3,WEST
MED-0035,2022-09-01,4,WEST
MED-0035,2022-10-01,2,SOUTH
MED-0035,2022-11-01,4,WEST
MED-0035,2022-12-01,5,EAST
MED-0035,2023-01-01,3,WEST
MED-0035,2023-02-01,5,WEST
MED-0035,2023-03-01,3,NORTH
MED-0035,2023-04-01,3,NORTH
MED-0035,2023-05-01,2,WEST
MED-0035,2023-06-01,3,WEST
MED-0035,2023-07-01,6,WEST
MED-0035,2023-08-01,5,WEST
MED-0035,2023-09-01,5,WEST
MED-0035,2023-10-01,2,NORTH
MED-0035,2023-11-01,4,WEST
MED-0035,2023-12-01,5,WEST
MED-0035,2024-01-01,5,WEST
MED-0035,2024-02-01,3,WEST
MED-0035,2024-03-01,4,WEST
MED-0035,2024-04-01,2,WEST
MED-0035,2024-05-01,6,SOUTH
MED-0035,2024-06-01,2,WEST
MED-0035,2024-07-01,2,CENTRAL
MED-0035,2024-08-01,3,WEST
MED-0035,2024-09-01,2,WEST
MED-0035,2024-10-01,1,WEST
MED-0035,2024-11-01,2,WEST
MED-0035,2024-12-01,5,WEST
MED-0035,2025-01-01,2,NORTH
MED-0035,2025-02-01,2,WEST
MED-0035,2025-03-01,8,WEST
MED-0035,2025-04-01,5,WEST
MED-0035,2025-05-01,5,WEST
MED-0035,2025-06-01,4,WEST
MED-0035,2025-07-01,5,CENTRAL
MED-0035,2025-08-01,1,WEST
MED-0035,2025-09-01,2,WEST
MED-0035,2025-10-01,2,WEST
MED-0035,2025-11-01,4,WEST
MED-0035,2025-12-01,5,CENTRAL
MED-0036,2024-01-01,0,WEST
MED-0036,2024-02-01,0,WEST
MED-0036,2024-03-01,0,WEST
MED-0036,2024-04-01,0,WEST
MED-0036,2024-05-01,10,SOUTH
MED-0036,2024-06-01,12,WEST
MED-0036,2024-07-01,0,WEST
MED-0036,2024-08-01,0,WEST
MED-0036,2024-09-01,0,CENTRAL
MED-0036,2024-10-01,0,SOUTH
MED-0036,2024-11-01,0,NORTH
MED-0036,2024-12-01,0,WEST
MED-0036,2025-01-01,18,WEST
MED-0036,2025-02-01,0,SOUTH
MED-0036,2025-03-01,0,WEST
MED-0036,2025-04-01,13,WEST
MED-0036,2025-05-01,0,WEST
MED-0036,2025-06-01,0,EAST
MED-0036,2025-07-01,0,WEST
MED-0036,2025-08-01,0,CENTRAL
MED-0036,2025-09-01,0,WEST
MED-0036,2025-10-01,14,WEST
MED-0036,2025-11-01,0,WEST
MED-0036,2025-12-01,0,WEST
MED-0037,2023-07-01,0,SOUTH
MED-0037,2023-08-01,0,SOUTH
MED-0037,2023-09-01,0,SOUTH
MED-0037,2023-10-01,0,SOUTH
MED-0037,2023-11-01,0,SOUTH
MED-0037,2023-12-01,17,CENTRAL
MED-0037,2024-01-01,0,SOUTH
MED-0037,2024-02-01,0,WEST
MED-0037,2024-03-01,0,CENTRAL
MED-0037,2024-04-01,0,SOUTH
MED-0037,2024-05-01,0,SOUTH
MED-0037,2024-06-01,0,SOUTH
MED-0037,2024-07-01,0,WEST
MED-0037,2024-08-01,0,SOUTH
MED-0037,2024-09-01,21,CENTRAL
MED-0037,2024-10-01,0,CENTRAL
MED-0037,2024-11-01,0,SOUTH
MED-0037,2024-12-01,0,CENTRAL
MED-0037,2025-01-01,0,SOUTH
MED-0037,2025-02-01,0,SOUTH
MED-0037,2025-03-01,0,NORTH
MED-0037,2025-04-01,0,SOUTH
MED-0037,2025-05-01,0,SOUTH
MED-0037,2025-06-01,9,EAST
MED-0037,2025-07-01,0,SOUTH
MED-0037,2025-08-01,0,CENTRAL
MED-0037,2025-09-01,0,SOUTH
MED-0037,2025-10-01,111,SOUTH
MED-0037,2025-11-01,0,SOUTH
MED-0037,2025-12-01,0,SOUTH
MED-0038,2023-01-01,0,SOUTH
MED-0038,2023-02-01,0,EAST
MED-0038,2023-03-01,0,WEST
MED-0038,2023-04-01,0,SOUTH
MED-0038,2023-05-01,0,EAST
MED-0038,2023-06-01,0,WEST
MED-0038,2023-07-01,0,EAST
MED-0038,2023-08-01,0,CENTRAL
MED-0038,2023-09-01,0,EAST
MED-0038,2023-10-01,0,EAST
MED-0038,2023-11-01,0,WEST
MED-0038,2023-12-01,0,EAST
MED-0038,2024-01-01,0,EAST
MED-0038,2024-02-01,0,SOUTH
MED-0038,2024-03-01,0,SOUTH
MED-0038,2024-04-01,0,EAST
MED-0038,2024-05-01,0,EAST
MED-0038,2024-06-01,7,EAST
MED-0038,2024-07-01,0,EAST
MED-0038,2024-08-01,0,EAST
MED-0038,2024-09-01,0,NORTH
MED-0038,2024-10-01,0,WEST
MED-0038,2024-11-01,0,EAST
MED-0038,2024-12-01,0,EAST
MED-0038,2025-01-01,0,EAST
MED-0038,2025-02-01,0,EAST
MED-0038,2025-03-01,3,EAST
MED-0038,2025-04-01,0,CENTRAL
MED-0038,2025-05-01,9,EAST
MED-0038,2025-06-01,0,WEST
MED-0038,2025-07-01,0,EAST
MED-0038,2025-08-01,0,EAST
MED-0038,2025-09-01,9,EAST
MED-0038,2025-10-01,0,NORTH
MED-0038,2025-11-01,0,CENTRAL
MED-0038,2025-12-01,0,EAST
MED-0039,2023-01-01,4,SOUTH
MED-0039,2023-02-01,6,EAST
MED-0039,2023-03-01,7,NORTH
MED-0039,2023-04-01,6,NORTH
MED-0039,2023-05-01,6,NORTH
MED-0039,2023-06-01,9,SOUTH
MED-0039,2023-07-01,3,NORTH
MED-0039,2023-08-01,2,NORTH
MED-0039,2023-09-01,1,CENTRAL
MED-0039,2023-10-01,2,WEST
MED-0039,2023-11-01,3,NORTH
MED-0039,2023-12-01,0,NORTH
MED-0039,2024-01-01,3,NORTH
MED-0039,2024-02-01,4,NORTH
MED-0039,2024-03-01,5,SOUTH
MED-0039,2024-04-01,10,NORTH
MED-0039,2024-05-01,5,NORTH
MED-0039,2024-06-01,6,NORTH
MED-0039,2024-07-01,6,NORTH
MED-0039,2024-08-01,5,NORTH
MED-0039,2024-09-01,5,NORTH
MED-0039,2024-10-01,2,CENTRAL
MED-0039,2024-11-01,4,NORTH
MED-0039,2024-12-01,3,NORTH
MED-0039,2025-01-01,4,NORTH
MED-0039,2025-02-01,9,NORTH
MED-0039,2025-03-01,6,NORTH
MED-0039,2025-04-01,3,EAST
MED-0039,2025-05-01,4,EAST
MED-0039,2025-06-01,7,NORTH
MED-0039,2025-07-01,7,NORTH
MED-0039,2025-08-01,1,NORTH
MED-0039,2025-09-01,4,WEST
MED-0039,2025-10-01,3,NORTH
MED-0039,2025-11-01,5,NORTH
MED-0039,2025-12-01,4,CENTRAL
MED-0040,2022-01-01,0,WEST
MED-0040,2022-02-01,0,NORTH
MED-0040,2022-03-01,0,NORTH
MED-0040,2022-04-01,0,WEST
MED-0040,2022-05-01,0,NORTH
MED-0040,2022-06-01,0,EAST
MED-0040,2022-07-01,0,NORTH
MED-0040,2022-08-01,0,NORTH
MED-0040,2022-09-01,0,NORTH
MED-0040,2022-10-01,0,SOUTH
MED-0040,2022-11-01,0,CENTRAL
MED-0040,2022-12-01,0,SOUTH
MED-0040,2023-01-01,0,SOUTH
MED-0040,2023-02-01,0,EAST
MED-0040,2023-03-01,0,SOUTH
MED-0040,2023-04-01,0,NORTH
MED-0040,2023-05-01,0,NORTH
MED-0040,2023-06-01,2,WEST
MED-0040,2023-07-01,0,WEST
MED-0040,2023-08-01,0,NORTH
MED-0040,2023-09-01,0,NORTH
MED-0040,2023-10-01,0,NORTH
MED-0040,2023-11-01,0,NORTH
MED-0040,2023-12-01,0,WEST
MED-0040,2024-01-01,0,CENTRAL
MED-0040,2024-02-01,0,NORTH
MED-0040,2024-03-01,0,NORTH
MED-0040,2024-04-01,6,NORTH
MED-0040,2024-05-01,0,WEST
MED-0040,2024-06-01,0,NORTH
MED-0040,2024-07-01,0,NORTH
MED-0040,2024-08-01,0,NORTH
MED-0040,2024-09-01,0,WEST
MED-0040,2024-10-01,0,SOUTH
MED-0040,2024-11-01,0,NORTH
MED-0040,2024-12-01,0,NORTH
MED-0040,2025-01-01,0,NORTH
MED-0040,2025-02-01,0,NORTH
MED-0040,2025-03-01,0,WEST
MED-0040,2025-04-01,0,NORTH
MED-0040,2025-05-01,0,SOUTH
MED-0040,2025-06-01,0,EAST
MED-0040,2025-07-01,0,EAST
MED-0040,2025-08-01,0,NORTH
MED-0040,2025-09-01,0,SOUTH
MED-0040,2025-10-01,0,CENTRAL
MED-0040,2025-11-01,0,NORTH
MED-0040,2025-12-01,0,NORTH
MED-0041,2023-07-01,0,WEST
MED-0041,2023-08-01,0,WEST
MED-0041,2023-09-01,0,CENTRAL
MED-0041,2023-10-01,0,WEST
MED-0041,2023-11-01,0,WEST
MED-0041,2023-12-01,0,CENTRAL
MED-0041,2024-01-01,5,CENTRAL
MED-0041,2024-02-01,6,NORTH
MED-0041,2024-03-01,0,WEST
MED-0041,2024-04-01,0,NORTH
MED-0041,2024-05-01,0,WEST
MED-0041,2024-06-01,2,CENTRAL
MED-0041,2024-07-01,0,WEST
MED-0041,2024-08-01,0,WEST
MED-0041,2024-09-01,0,WEST
MED-0041,2024-10-01,1,WEST
MED-0041,2024-11-01,0,WEST
MED-0041,2024-12-01,0,WEST
MED-0041,2025-01-01,0,WEST
MED-0041,2025-02-01,0,SOUTH
MED-0041,2025-03-01,7,SOUTH
MED-0041,2025-04-01,4,WEST
MED-0041,2025-05-01,0,WEST
MED-0041,2025-06-01,0,WEST
MED-0041,2025-07-01,0,WEST
MED-0041,2025-08-01,0,WEST
MED-0041,2025-09-01,0,WEST
MED-0041,2025-10-01,0,CENTRAL
MED-0041,2025-11-01,1,WEST
MED-0041,2025-12-01,0,CENTRAL
MED-0042,2024-01-01,0,EAST
MED-0042,2024-02-01,0,EAST
MED-0042,2024-03-01,17,NORTH
MED-0042,2024-04-01,0,EAST
MED-0042,2024-05-01,0,EAST
MED-0042,2024-06-01,0,SOUTH
MED-0042,2024-07-01,0,WEST
MED-0042,2024-08-01,0,CENTRAL
MED-0042,2024-09-01,0,EAST
MED-0042,2024-10-01,0,EAST
MED-0042,2024-11-01,0,CENTRAL
MED-0042,2024-12-01,0,EAST
MED-0042,2025-01-01,56,EAST
MED-0042,2025-02-01,0,EAST
MED-0042,2025-03-01,0,EAST
MED-0042,2025-04-01,0,EAST
MED-0042,2025-05-01,0,EAST
MED-0042,2025-06-01,0,EAST
MED-0042,2025-07-01,0,EAST
MED-0042,2025-08-01,0,EAST
MED-0042,2025-09-01,0,CENTRAL
MED-0042,2025-10-01,0,EAST
MED-0042,2025-11-01,0,EAST
MED-0042,2025-12-01,0,EAST
MED-0043,2023-07-01,0,NORTH
MED-0043,2023-08-01,0,SOUTH
MED-0043,2023-09-01,0,EAST
MED-0043,2023-10-01,15,EAST
MED-0043,2023-11-01,0,SOUTH
MED-0043,2023-12-01,0,EAST
MED-0043,2024-01-01,0,EAST
MED-0043,2024-02-01,0,EAST
MED-0043,2024-03-01,0,EAST
MED-0043,2024-04-01,11,EAST
MED-0043,2024-05-01,0,EAST
MED-0043,2024-06-01,0,NORTH
MED-0043,2024-07-01,0,NORTH
MED-0043,2024-08-01,0,EAST
MED-0043,2024-09-01,0,EAST
MED-0043,2024-10-01,0,EAST
MED-0043,2024-11-01,0,EAST
MED-0043,2024-12-01,4,EAST
MED-0043,2025-01-01,14,WEST
MED-0043,2025-02-01,0,EAST
MED-0043,2025-03-01,0,EAST
MED-0043,2025-04-01,0,EAST
MED-0043,2025-05-01,0,EAST
MED-0043,2025-06-01,2,EAST
MED-0043,2025-07-01,0,WEST
MED-0043,2025-08-01,0,EAST
MED-0043,2025-09-01,0,WEST
MED-0043,2025-10-01,7,EAST
MED-0043,2025-11-01,0,SOUTH
MED-0043,2025-12-01,0,SOUTH
MED-0044,2023-01-01,3,EAST
MED-0044,2023-02-01,3,EAST
MED-0044,2023-03-01,2,EAST
MED-0044,2023-04-01,1,SOUTH
MED-0044,2023-05-01,4,WEST
MED-0044,2023-06-01,2,SOUTH
MED-0044,2023-07-01,0,EAST
MED-0044,2023-08-01,5,EAST
MED-0044,2023-09-01,5,EAST
MED-0044,2023-10-01,3,EAST
MED-0044,2023-11-01,7,CENTRAL
MED-0044,2023-12-01,3,EAST
MED-0044,2024-01-01,7,SOUTH
MED-0044,2024-02-01,3,EAST
MED-0044,2024-03-01,3,EAST
MED-0044,2024-04-01,1,CENTRAL
MED-0044,2024-05-01,1,SOUTH
MED-0044,2024-06-01,4,CENTRAL
MED-0044,2024-07-01,6,EAST
MED-0044,2024-08-01,4,SOUTH
MED-0044,2024-09-01,1,CENTRAL
MED-0044,2024-10-01,6,EAST
MED-0044,2024-11-01,4,WEST
MED-0044,2024-12-01,3,EAST
MED-0044,2025-01-01,1,WEST
MED-0044,2025-02-01,3,EAST
MED-0044,2025-03-01,5,EAST
MED-0044,2025-04-01,1,EAST
MED-0044,2025-05-01,3,EAST
MED-0044,2025-06-01,2,EAST
MED-0044,2025-07-01,3,EAST
MED-0044,2025-08-01,2,EAST
MED-0044,2025-09-01,1,EAST
MED-0044,2025-10-01,1,SOUTH
MED-0044,2025-11-01,3,EAST
MED-0044,2025-12-01,4,EAST
MED-0045,2023-01-01,0,WEST
MED-0045,2023-02-01,3,WEST
MED-0045,2023-03-01,0,CENTRAL
MED-0045,2023-04-01,0,WEST
MED-0045,2023-05-01,7,WEST
MED-0045,2023-06-01,2,WEST
MED-0045,2023-07-01,0,NORTH
MED-0045,2023-08-01,2,WEST
MED-0045,2023-09-01,0,WEST
MED-0045,2023-10-01,0,WEST
MED-0045,2023-11-01,0,WEST
MED-0045,2023-12-01,0,NORTH
MED-0045,2024-01-01,0,WEST
MED-0045,2024-02-01,3,WEST
MED-0045,2024-03-01,0,WEST
MED-0045,2024-04-01,0,WEST
MED-0045,2024-05-01,0,WEST
MED-0045,2024-06-01,0,WEST
MED-0045,2024-07-01,0,WEST
MED-0045,2024-08-01,0,WEST
MED-0045,2024-09-01,16,WEST
MED-0045,2024-10-01,0,NORTH
MED-0045,2024-11-01,0,WEST
MED-0045,2024-12-01,0,WEST
MED-0045,2025-01-01,0,NORTH
MED-0045,2025-02-01,0,WEST
MED-0045,2025-03-01,0,WEST
MED-0045,2025-04-01,0,CENTRAL
MED-0045,2025-05-01,1,WEST
MED-0045,2025-06-01,0,NORTH
MED-0045,2025-07-01,1,WEST
MED-0045,2025-08-01,3,WEST
MED-0045,2025-09-01,0,WEST
MED-0045,2025-10-01,0,SOUTH
MED-0045,2025-11-01,0,CENTRAL
MED-0045,2025-12-01,0,NORTH
MED-0046,2023-01-01,0,NORTH
MED-0046,2023-02-01,0,NORTH
MED-0046,2023-03-01,0,NORTH
MED-0046,2023-04-01,0,NORTH
MED-0046,2023-05-01,0,NORTH
MED-0046,2023-06-01,3,NORTH
MED-0046,2023-07-01,0,NORTH
MED-0046,2023-08-01,0,WEST
MED-0046,2023-09-01,0,NORTH
MED-0046,2023-10-01,0,NORTH
MED-0046,2023-11-01,0,NORTH
MED-0046,2023-12-01,0,WEST
MED-0046,2024-01-01,4,NORTH
MED-0046,2024-02-01,3,NORTH
MED-0046,2024-03-01,9,NORTH
MED-0046,2024-04-01,4,NORTH
MED-0046,2024-05-01,0,NORTH
MED-0046,2024-06-01,0,SOUTH
MED-0046,2024-07-01,0,WEST
MED-0046,2024-08-01,0,NORTH
MED-0046,2024-09-01,0,EAST
MED-0046,2024-10-01,0,NORTH
MED-0046,2024-11-01,0,SOUTH
MED-0046,2024-12-01,6,NORTH
MED-0046,2025-01-01,8,NORTH
MED-0046,2025-02-01,9,NORTH
MED-0046,2025-03-01,0,SOUTH
MED-0046,2025-04-01,4,NORTH
MED-0046,2025-05-01,0,EAST
MED-0046,2025-06-01,0,WEST
MED-0046,2025-07-01,0,NORTH
MED-0046,2025-08-01,0,NORTH
MED-0046,2025-09-01,0,NORTH
MED-0046,2025-10-01,0,CENTRAL
MED-0046,2025-11-01,0,CENTRAL
MED-0046,2025-12-01,0,EAST
MED-0047,2022-01-01,2,SOUTH
MED-0047,2022-02-01,1,CENTRAL
MED-0047,2022-03-01,0,CENTRAL
MED-0047,2022-04-01,1,CENTRAL
MED-0047,2022-05-01,2,CENTRAL
MED-0047,2022-06-01,2,SOUTH
MED-0047,2022-07-01,0,CENTRAL
MED-0047,2022-08-01,4,CENTRAL
MED-0047,2022-09-01,1,CENTRAL
MED-0047,2022-10-01,3,CENTRAL
MED-0047,2022-11-01,1,CENTRAL
MED-0047,2022-12-01,3,CENTRAL
MED-0047,2023-01-01,3,CENTRAL
MED-0047,2023-02-01,3,EAST
MED-0047,2023-03-01,6,EAST
MED-0047,2023-04-01,10,WEST
MED-0047,2023-05-01,3,CENTRAL
MED-0047,2023-06-01,0,CENTRAL
MED-0047,2023-07-01,1,CENTRAL
MED-0047,2023-08-01,0,CENTRAL
MED-0047,2023-09-01,1,CENTRAL
MED-0047,2023-10-01,2,CENTRAL
MED-0047,2023-11-01,4,CENTRAL
MED-0047,2023-12-01,1,CENTRAL
MED-0047,2024-01-01,2,SOUTH
MED-0047,2024-02-01,0,CENTRAL
MED-0047,2024-03-01,0,CENTRAL
MED-0047,2024-04-01,3,CENTRAL
MED-0047,2024-05-01,8,CENTRAL
MED-0047,2024-06-01,4,CENTRAL
MED-0047,2024-07-01,0,NORTH
MED-0047,2024-08-01,4,NORTH
MED-0047,2024-09-01,2,WEST
MED-0047,2024-10-01,5,SOUTH
MED-0047,2024-11-01,6,SOUTH
MED-0047,2024-12-01,4,NORTH
MED-0047,2025-01-01,2,CENTRAL
MED-0047,2025-02-01,1,CENTRAL
MED-0047,2025-03-01,1,CENTRAL
MED-0047,2025-04-01,1,EAST
MED-0047,2025-05-01,2,SOUTH
MED-0047,2025-06-01,2,NORTH
MED-0047,2025-07-01,0,CENTRAL
MED-0047,2025-08-01,1,CENTRAL
MED-0047,2025-09-01,3,EAST
MED-0047,2025-10-01,8,CENTRAL
MED-0047,2025-11-01,1,CENTRAL
MED-0047,2025-12-01,3,CENTRAL
MED-0048,2022-01-01,0,EAST
MED-0048,2022-02-01,0,EAST
MED-0048,2022-03-01,0,EAST
MED-0048,2022-04-01,19,EAST
MED-0048,2022-05-01,11,WEST
MED-0048,2022-06-01,0,SOUTH
MED-0048,2022-07-01,0,SOUTH
MED-0048,2022-08-01,0,EAST
MED-0048,2022-09-01,0,CENTRAL
MED-0048,2022-10-01,0,NORTH
MED-0048,2022-11-01,0,EAST
MED-0048,2022-12-01,49,EAST
MED-0048,2023-01-01,0,EAST
MED-0048,2023-02-01,0,SOUTH
MED-0048,2023-03-01,8,EAST
MED-0048,2023-04-01,0,NORTH
MED-0048,2023-05-01,0,EAST
MED-0048,2023-06-01,0,EAST
MED-0048,2023-07-01,0,NORTH
MED-0048,2023-08-01,0,SOUTH
MED-0048,2023-09-01,0,EAST
MED-0048,2023-10-01,0,NORTH
MED-0048,2023-11-01,0,EAST
MED-0048,2023-12-01,97,EAST
MED-0048,2024-01-01,7,NORTH
MED-0048,2024-02-01,0,EAST
MED-0048,2024-03-01,11,EAST
MED-0048,2024-04-01,0,EAST
MED-0048,2024-05-01,0,EAST
MED-0048,2024-06-01,0,EAST
MED-0048,2024-07-01,0,CENTRAL
MED-0048,2024-08-01,0,EAST
MED-0048,2024-09-01,10,EAST
MED-0048,2024-10-01,0,WEST
MED-0048,2024-11-01,0,EAST
MED-0048,2024-12-01,0,EAST
MED-0048,2025-01-01,0,EAST
MED-0048,2025-02-01,0,SOUTH
MED-0048,2025-03-01,0,EAST
MED-0048,2025-04-01,0,EAST
MED-0048,2025-05-01,0,EAST
MED-0048,2025-06-01,0,EAST
MED-0048,2025-07-01,0,SOUTH
MED-0048,2025-08-01,0,EAST
MED-0048,2025-09-01,0,EAST
MED-0048,2025-10-01,12,NORTH
MED-0048,2025-11-01,0,EAST
MED-0048,2025-12-01,0,WEST
MED-0049,2024-01-01,0,NORTH
MED-0049,2024-02-01,11,NORTH
MED-0049,2024-03-01,3,EAST
MED-0049,2024-04-01,2,NORTH
MED-0049,2024-05-01,11,NORTH
MED-0049,2024-06-01,4,NORTH
MED-0049,2024-07-01,4,NORTH
MED-0049,2024-08-01,0,NORTH
MED-0049,2024-09-01,3,NORTH
MED-0049,2024-10-01,3,NORTH
MED-0049,2024-11-01,3,NORTH
MED-0049,2024-12-01,2,CENTRAL
MED-0049,2025-01-01,3,CENTRAL
MED-0049,2025-02-01,4,NORTH
MED-0049,2025-03-01,4,NORTH
MED-0049,2025-04-01,3,NORTH
MED-0049,2025-05-01,2,EAST
MED-0049,2025-06-01,4,NORTH
MED-0049,2025-07-01,4,CENTRAL
MED-0049,2025-08-01,8,NORTH
MED-0049,2025-09-01,4,NORTH
MED-0049,2025-10-01,3,WEST
MED-0049,2025-11-01,4,NORTH
MED-0049,2025-12-01,0,NORTH
MED-0050,2024-01-01,0,NORTH
MED-0050,2024-02-01,0,NORTH
MED-0050,2024-03-01,0,WEST
MED-0050,2024-04-01,0,NORTH
MED-0050,2024-05-01,0,WEST
MED-0050,2024-06-01,0,NORTH
MED-0050,2024-07-01,0,NORTH
MED-0050,2024-08-01,0,SOUTH
MED-0050,2024-09-01,0,SOUTH
MED-0050,2024-10-01,0,NORTH
MED-0050,2024-11-01,0,NORTH
MED-0050,2024-12-01,6,WEST
MED-0050,2025-01-01,0,NORTH
MED-0050,2025-02-01,0,SOUTH
MED-0050,2025-03-01,0,NORTH
MED-0050,2025-04-01,0,NORTH
MED-0050,2025-05-01,0,SOUTH
MED-0050,2025-06-01,0,SOUTH
MED-0050,2025-07-01,0,NORTH
MED-0050,2025-08-01,16,NORTH
MED-0050,2025-09-01,0,SOUTH
MED-0050,2025-10-01,0,NORTH
MED-0050,2025-11-01,0,NORTH
MED-0050,2025-12-01,0,NORTH
MED-0051,2022-01-01,3,CENTRAL
MED-0051,2022-02-01,3,NORTH
MED-0051,2022-03-01,7,CENTRAL
MED-0051,2022-04-01,3,CENTRAL
MED-0051,2022-05-01,2,EAST
MED-0051,2022-06-01,2,CENTRAL
MED-0051,2022-07-01,3,CENTRAL
MED-0051,2022-08-01,3,EAST
MED-0051,2022-09-01,5,CENTRAL
MED-0051,2022-10-01,0,CENTRAL
MED-0051,2022-11-01,2,CENTRAL
MED-0051,2022-12-01,3,EAST
MED-0051,2023-01-01,2,CENTRAL
MED-0051,2023-02-01,5,CENTRAL
MED-0051,2023-03-01,5,CENTRAL
MED-0051,2023-04-01,3,SOUTH
MED-0051,2023-05-01,4,CENTRAL
MED-0051,2023-06-01,2,CENTRAL
MED-0051,2023-07-01,4,EAST
MED-0051,2023-08-01,4,CENTRAL
MED-0051,2023-09-01,1,EAST
MED-0051,2023-10-01,1,NORTH
MED-0051,2023-11-01,3,NORTH
MED-0051,2023-12-01,3,EAST
MED-0051,2024-01-01,5,CENTRAL
MED-0051,2024-02-01,6,CENTRAL
MED-0051,2024-03-01,2,CENTRAL
MED-0051,2024-04-01,2,CENTRAL
MED-0051,2024-05-01,2,EAST
MED-0051,2024-06-01,6,CENTRAL
MED-0051,2024-07-01,2,CENTRAL
MED-0051,2024-08-01,3,NORTH
MED-0051,2024-09-01,1,SOUTH
MED-0051,2024-10-01,3,WEST
MED-0051,2024-11-01,3,CENTRAL
MED-0051,2024-12-01,2,CENTRAL
MED-0051,2025-01-01,3,SOUTH
MED-0051,2025-02-01,2,CENTRAL
MED-0051,2025-03-01,2,NORTH
MED-0051,2025-04-01,6,CENTRAL
MED-0051,2025-05-01,3,CENTRAL
MED-0051,2025-06-01,2,CENTRAL
MED-0051,2025-07-01,2,SOUTH
MED-0051,2025-08-01,5,CENTRAL
MED-0051,2025-09-01,1,CENTRAL
MED-0051,2025-10-01,4,CENTRAL
MED-0051,2025-11-01,4,CENTRAL
MED-0051,2025-12-01,3,CENTRAL
MED-0052,2022-01-01,11,WEST
MED-0052,2022-02-01,13,EAST
MED-0052,2022-03-01,0,WEST
MED-0052,2022-04-01,0,WEST
MED-0052,2022-05-01,0,CENTRAL
MED-0052,2022-06-01,0,WEST
MED-0052,2022-07-01,0,WEST
MED-0052,2022-08-01,0,WEST
MED-0052,2022-09-01,0,SOUTH
MED-0052,2022-10-01,0,EAST
MED-0052,2022-11-01,0,WEST
MED-0052,2022-12-01,0,WEST
MED-0052,2023-01-01,0,NORTH
MED-0052,2023-02-01,28,WEST
MED-0052,2023-03-01,0,WEST
MED-0052,2023-04-01,0,WEST
MED-0052,2023-05-01,0,WEST
MED-0052,2023-06-01,8,WEST
MED-0052,2023-07-01,12,EAST
MED-0052,2023-08-01,12,CENTRAL
MED-0052,2023-09-01,0,CENTRAL
MED-0052,2023-10-01,0,CENTRAL
MED-0052,2023-11-01,0,EAST
MED-0052,2023-12-01,6,WEST
MED-0052,2024-01-01,0,WEST
MED-0052,2024-02-01,0,WEST
MED-0052,2024-03-01,0,WEST
MED-0052,2024-04-01,0,WEST
MED-0052,2024-05-01,0,EAST
MED-0052,2024-06-01,0,NORTH
MED-0052,2024-07-01,16,SOUTH
MED-0052,2024-08-01,0,WEST
MED-0052,2024-09-01,0,NORTH
MED-0052,2024-10-01,0,WEST
MED-0052,2024-11-01,15,WEST
MED-0052,2024-12-01,0,WEST
MED-0052,2025-01-01,9,WEST
MED-0052,2025-02-01,0,WEST
MED-0052,2025-03-01,0,WEST
MED-0052,2025-04-01,0,WEST
MED-0052,2025-05-01,0,WEST
MED-0052,2025-06-01,0,WEST
MED-0052,2025-07-01,0,WEST
MED-0052,2025-08-01,0,WEST
MED-0052,2025-09-01,0,EAST
MED-0052,2025-10-01,0,WEST
MED-0052,2025-11-01,0,SOUTH
MED-0052,2025-12-01,0,WEST
MED-0053,2023-01-01,1,NORTH
MED-0053,2023-02-01,0,EAST
MED-0053,2023-03-01,5,SOUTH
MED-0053,2023-04-01,5,SOUTH
MED-0053,2023-05-01,5,WEST
MED-0053,2023-06-01,4,EAST
MED-0053,2023-07-01,7,EAST
MED-0053,2023-08-01,2,EAST
MED-0053,2023-09-01,3,EAST
MED-0053,2023-10-01,6,EAST
MED-0053,2023-11-01,6,EAST
MED-0053,2023-12-01,2,EAST
MED-0053,2024-01-01,6,EAST
MED-0053,2024-02-01,7,EAST
MED-0053,2024-03-01,8,EAST
MED-0053,2024-04-01,6,EAST
MED-0053,2024-05-01,3,CENTRAL
MED-0053,2024-06-01,6,EAST
MED-0053,2024-07-01,5,EAST
MED-0053,2024-08-01,1,EAST
MED-0053,2024-09-01,3,CENTRAL
MED-0053,2024-10-01,3,EAST
MED-0053,2024-11-01,5,EAST
MED-0053,2024-12-01,0,EAST
MED-0053,2025-01-01,3,EAST
MED-0053,2025-02-01,3,SOUTH
MED-0053,2025-03-01,1,NORTH
MED-0053,2025-04-01,2,EAST
MED-0053,2025-05-01,9,EAST
MED-0053,2025-06-01,3,EAST
MED-0053,2025-07-01,8,EAST
MED-0053,2025-08-01,4,EAST
MED-0053,2025-09-01,28,EAST
MED-0053,2025-10-01,5,SOUTH
MED-0053,2025-11-01,6,EAST
MED-0053,2025-12-01,3,EAST
MED-0054,2024-07-01,0,CENTRAL
MED-0054,2024-08-01,0,WEST
MED-0054,2024-09-01,0,NORTH
MED-0054,2024-10-01,0,WEST
MED-0054,2024-11-01,0,WEST
MED-0054,2024-12-01,0,WEST
MED-0054,2025-01-01,0,NORTH
MED-0054,2025-02-01,0,EAST
MED-0054,2025-03-01,0,WEST
MED-0054,2025-04-01,4,EAST
MED-0054,2025-05-01,0,NORTH
MED-0054,2025-06-01,8,WEST
MED-0054,2025-07-01,0,WEST
MED-0054,2025-08-01,0,WEST
MED-0054,2025-09-01,0,SOUTH
MED-0054,2025-10-01,10,WEST
MED-0054,2025-11-01,0,NORTH
MED-0054,2025-12-01,12,WEST
MED-0055,2022-01-01,0,EAST
MED-0055,2022-02-01,0,SOUTH
MED-0055,2022-03-01,0,CENTRAL
MED-0055,2022-04-01,0,CENTRAL
MED-0055,2022-05-01,26,EAST
MED-0055,2022-06-01,18,EAST
MED-0055,2022-07-01,0,WEST
MED-0055,2022-08-01,0,NORTH
MED-0055,2022-09-01,0,EAST
MED-0055,2022-10-01,0,EAST
MED-0055,2022-11-01,0,EAST
MED-0055,2022-12-01,0,EAST
MED-0055,2023-01-01,0,EAST
MED-0055,2023-02-01,0,EAST
MED-0055,2023-03-01,0,CENTRAL
MED-0055,2023-04-01,11,EAST
MED-0055,2023-05-01,0,EAST
MED-0055,2023-06-01,31,EAST
MED-0055,2023-07-01,0,EAST
MED-0055,2023-08-01,0,EAST
MED-0055,2023-09-01,0,EAST
MED-0055,2023-10-01,0,EAST
MED-0055,2023-11-01,16,EAST
MED-0055,2023-12-01,0,EAST
MED-0055,2024-01-01,0,EAST
MED-0055,2024-02-01,0,CENTRAL
MED-0055,2024-03-01,0,SOUTH
MED-0055,2024-04-01,0,CENTRAL
MED-0055,2024-05-01,0,NORTH
MED-0055,2024-06-01,0,NORTH
MED-0055,2024-07-01,0,EAST
MED-0055,2024-08-01,0,EAST
MED-0055,2024-09-01,0,NORTH
MED-0055,2024-10-01,49,EAST
MED-0055,2024-11-01,0,EAST
MED-0055,2024-12-01,0,EAST
MED-0055,2025-01-01,0,SOUTH
MED-0055,2025-02-01,0,EAST
MED-0055,2025-03-01,0,EAST
MED-0055,2025-04-01,0,EAST
MED-0055,2025-05-01,3,EAST
MED-0055,2025-06-01,0,WEST
MED-0055,2025-07-01,0,EAST
MED-0055,2025-08-01,0,WEST
MED-0055,2025-09-01,4,EAST
MED-0055,2025-10-01,0,CENTRAL
MED-0055,2025-11-01,0,EAST
MED-0055,2025-12-01,0,NORTH
MED-0056,2022-01-01,0,NORTH
MED-0056,2022-02-01,0,CENTRAL
MED-0056,2022-03-01,5,NORTH
MED-0056,2022-04-01,0,WEST
MED-0056,2022-05-01,0,SOUTH
MED-0056,2022-06-01,6,CENTRAL
MED-0056,2022-07-01,0,WEST
MED-0056,2022-08-01,3,NORTH
MED-0056,2022-09-01,0,NORTH
MED-0056,2022-10-01,0,NORTH
MED-0056,2022-11-01,3,NORTH
MED-0056,2022-12-01,2,EAST
MED-0056,2023-01-01,0,NORTH
MED-0056,2023-02-01,0,NORTH
MED-0056,2023-03-01,6,NORTH
MED-0056,2023-04-01,0,NORTH
MED-0056,2023-05-01,6,NORTH
MED-0056,2023-06-01,0,NORTH
MED-0056,2023-07-01,0,EAST
MED-0056,2023-08-01,8,NORTH
MED-0056,2023-09-01,3,NORTH
MED-0056,2023-10-01,0,CENTRAL
MED-0056,2023-11-01,0,NORTH
MED-0056,2023-12-01,0,NORTH
MED-0056,2024-01-01,0,WEST
MED-0056,2024-02-01,4,NORTH
MED-0056,2024-03-01,0,NORTH
MED-0056,2024-04-01,0,NORTH
MED-0056,2024-05-01,0,NORTH
MED-0056,2024-06-01,0,NORTH
MED-0056,2024-07-01,0,NORTH
MED-0056,2024-08-01,0,NORTH
MED-0056,2024-09-01,0,NORTH
MED-0056,2024-10-01,0,NORTH
MED-0056,2024-11-01,0,CENTRAL
MED-0056,2024-12-01,0,NORTH
MED-0056,2025-01-01,0,NORTH
MED-0056,2025-02-01,6,NORTH
MED-0056,2025-03-01,4,NORTH
MED-0056,2025-04-01,3,CENTRAL
MED-0056,2025-05-01,0,NORTH
MED-0056,2025-06-01,0,NORTH
MED-0056,2025-07-01,4,CENTRAL
MED-0056,2025-08-01,0,WEST
MED-0056,2025-09-01,5,CENTRAL
MED-0056,2025-10-01,0,NORTH
MED-0056,2025-11-01,0,NORTH
MED-0056,2025-12-01,3,NORTH
MED-0057,2022-01-01,0,NORTH
MED-0057,2022-02-01,0,NORTH
MED-0057,2022-03-01,0,SOUTH
MED-0057,2022-04-01,0,WEST
MED-0057,2022-05-01,8,NORTH
MED-0057,2022-06-01,0,EAST
MED-0057,2022-07-01,0,SOUTH
MED-0057,2022-08-01,0,NORTH
MED-0057,2022-09-01,0,NORTH
MED-0057,2022-10-01,0,CENTRAL
MED-0057,2022-11-01,0,NORTH
MED-0057,2022-12-01,0,WEST
MED-0057,2023-01-01,0,WEST
MED-0057,2023-02-01,0,NORTH
MED-0057,2023-03-01,0,SOUTH
MED-0057,2023-04-01,0,SOUTH
MED-0057,2023-05-01,14,NORTH
MED-0057,2023-06-01,0,NORTH
MED-0057,2023-07-01,0,NORTH
MED-0057,2023-08-01,0,NORTH
MED-0057,2023-09-01,0,NORTH
MED-0057,2023-10-01,0,NORTH
MED-0057,2023-11-01,0,WEST
MED-0057,2023-12-01,0,NORTH
MED-0057,2024-01-01,0,NORTH
MED-0057,2024-02-01,0,NORTH
MED-0057,2024-03-01,0,NORTH
MED-0057,2024-04-01,0,NORTH
MED-0057,2024-05-01,11,EAST
MED-0057,2024-06-01,0,CENTRAL
MED-0057,2024-07-01,0,NORTH
MED-0057,2024-08-01,0,NORTH
MED-0057,2024-09-01,0,NORTH
MED-0057,2024-10-01,0,NORTH
MED-0057,2024-11-01,0,NORTH
MED-0057,2024-12-01,0,NORTH
MED-0057,2025-01-01,0,EAST
MED-0057,2025-02-01,0,NORTH
MED-0057,2025-03-01,0,NORTH
MED-0057,2025-04-01,0,NORTH
MED-0057,2025-05-01,0,NORTH
MED-0057,2025-06-01,0,NORTH
MED-0057,2025-07-01,0,NORTH
MED-0057,2025-08-01,0,NORTH
MED-0057,2025-09-01,0,NORTH
MED-0057,2025-10-01,0,NORTH
MED-0057,2025-11-01,0,CENTRAL
MED-0057,2025-12-01,7,NORTH
MED-0058,2023-07-01,0,NORTH
MED-0058,2023-08-01,0,WEST
MED-0058,2023-09-01,0,WEST
MED-0058,2023-10-01,0,WEST
MED-0058,2023-11-01,0,WEST
MED-0058,2023-12-01,0,WEST
MED-0058,2024-01-01,0,WEST
MED-0058,2024-02-01,0,SOUTH
MED-0058,2024-03-01,0,WEST
MED-0058,2024-04-01,0,WEST
MED-0058,2024-05-01,15,NORTH
MED-0058,2024-06-01,11,EAST
MED-0058,2024-07-01,0,SOUTH
MED-0058,2024-08-01,0,WEST
MED-0058,2024-09-01,0,WEST
MED-0058,2024-10-01,0,WEST
MED-0058,2024-11-01,0,WEST
MED-0058,2024-12-01,0,WEST
MED-0058,2025-01-01,0,WEST
MED-0058,2025-02-01,0,WEST
MED-0058,2025-03-01,7,WEST
MED-0058,2025-04-01,0,WEST
MED-0058,2025-05-01,0,SOUTH
MED-0058,2025-06-01,0,WEST
MED-0058,2025-07-01,0,WEST
MED-0058,2025-08-01,11,WEST
MED-0058,2025-09-01,0,WEST
MED-0058,2025-10-01,14,WEST
MED-0058,2025-11-01,20,WEST
MED-0058,2025-12-01,0,EAST
MED-0059,2022-07-01,4,SOUTH
MED-0059,2022-08-01,4,NORTH
MED-0059,2022-09-01,6,WEST
MED-0059,2022-10-01,7,SOUTH
MED-0059,2022-11-01,6,WEST
MED-0059,2022-12-01,10,WEST
MED-0059,2023-01-01,16,CENTRAL
MED-0059,2023-02-01,7,WEST
MED-0059,2023-03-01,12,WEST
MED-0059,2023-04-01,12,CENTRAL
MED-0059,2023-05-01,3,NORTH
MED-0059,2023-06-01,7,WEST
MED-0059,2023-07-01,4,WEST
MED-0059,2023-08-01,9,WEST
MED-0059,2023-09-01,4,WEST
MED-0059,2023-10-01,5,WEST
MED-0059,2023-11-01,3,WEST
MED-0059,2023-12-01,4,EAST
MED-0059,2024-01-01,6,EAST
MED-0059,2024-02-01,9,WEST
MED-0059,2024-03-01,6,WEST
MED-0059,2024-04-01,4,WEST
MED-0059,2024-05-01,6,EAST
MED-0059,2024-06-01,5,WEST
MED-0059,2024-07-01,1,EAST
MED-0059,2024-08-01,5,WEST
MED-0059,2024-09-01,8,NORTH
MED-0059,2024-10-01,7,EAST
MED-0059,2024-11-01,5,NORTH
MED-0059,2024-12-01,5,WEST
MED-0059,2025-01-01,4,WEST
MED-0059,2025-02-01,2,WEST
MED-0059,2025-03-01,1,WEST
MED-0059,2025-04-01,1,CENTRAL
MED-0059,2025-05-01,5,WEST
MED-0059,2025-06-01,3,WEST
MED-0059,2025-07-01,7,WEST
MED-0059,2025-08-01,6,WEST
MED-0059,2025-09-01,5,WEST
MED-0059,2025-10-01,5,WEST
MED-0059,2025-11-01,4,WEST
MED-0059,2025-12-01,7,WEST
MED-0060,2024-07-01,6,EAST
MED-0060,2024-08-01,6,EAST
MED-0060,2024-09-01,1,EAST
MED-0060,2024-10-01,0,EAST
MED-0060,2024-11-01,5,EAST
MED-0060,2024-12-01,4,SOUTH
MED-0060,2025-01-01,3,EAST
MED-0060,2025-02-01,2,EAST
MED-0060,2025-03-01,2,EAST
MED-0060,2025-04-01,3,EAST
MED-0060,2025-05-01,3,EAST
MED-0060,2025-06-01,5,EAST
MED-0060,2025-07-01,5,SOUTH
MED-0060,2025-08-01,7,EAST
MED-0060,2025-09-01,3,NORTH
MED-0060,2025-10-01,1,EAST
MED-0060,2025-11-01,2,EAST
MED-0060,2025-12-01,7,EAST
MED-0061,2022-01-01,6,EAST
MED-0061,2022-02-01,11,EAST
MED-0061,2022-03-01,5,EAST
MED-0061,2022-04-01,12,EAST
MED-0061,2022-05-01,3,NORTH
MED-0061,2022-06-01,0,EAST
MED-0061,2022-07-01,7,WEST
MED-0061,2022-08-01,4,EAST
MED-0061,2022-09-01,3,EAST
MED-0061,2022-10-01,8,EAST
MED-0061,2022-11-01,0,EAST
MED-0061,2022-12-01,11,WEST
MED-0061,2023-01-01,12,EAST
MED-0061,2023-02-01,16,EAST
MED-0061,2023-03-01,10,EAST
MED-0061,2023-04-01,3,EAST
MED-0061,2023-05-01,3,NORTH
MED-0061,2023-06-01,18,EAST
MED-0061,2023-07-01,2,EAST
MED-0061,2023-08-01,3,EAST
MED-0061,2023-09-01,6,EAST
MED-0061,2023-10-01,2,EAST
MED-0061,2023-11-01,4,EAST
MED-0061,2023-12-01,5,EAST
MED-0061,2024-01-01,3,CENTRAL
MED-0061,2024-02-01,0,WEST
MED-0061,2024-03-01,2,EAST
MED-0061,2024-04-01,9,NORTH
MED-0061,2024-05-01,2,EAST
MED-0061,2024-06-01,7,EAST
MED-0061,2024-07-01,5,EAST
MED-0061,2024-08-01,7,EAST
MED-0061,2024-09-01,6,NORTH
MED-0061,2024-10-01,10,EAST
MED-0061,2024-11-01,2,EAST
MED-0061,2024-12-01,9,EAST
MED-0061,2025-01-01,2,EAST
MED-0061,2025-02-01,4,SOUTH
MED-0061,2025-03-01,6,EAST
MED-0061,2025-04-01,6,EAST
MED-0061,2025-05-01,7,WEST
MED-0061,2025-06-01,2,EAST
MED-0061,2025-07-01,30,EAST
MED-0061,2025-08-01,1,EAST
MED-0061,2025-09-01,9,CENTRAL
MED-0061,2025-10-01,8,EAST
MED-0061,2025-11-01,5,EAST
MED-0061,2025-12-01,4,EAST
MED-0062,2022-07-01,6,EAST
MED-0062,2022-08-01,1,EAST
MED-0062,2022-09-01,7,EAST
MED-0062,2022-10-01,2,CENTRAL
MED-0062,2022-11-01,4,EAST
MED-0062,2022-12-01,0,CENTRAL
MED-0062,2023-01-01,7,EAST
MED-0062,2023-02-01,8,EAST
MED-0062,2023-03-01,3,EAST
MED-0062,2023-04-01,4,EAST
MED-0062,2023-05-01,0,SOUTH
MED-0062,2023-06-01,5,EAST
MED-0062,2023-07-01,5,EAST
MED-0062,2023-08-01,2,EAST
MED-0062,2023-09-01,0,EAST
MED-0062,2023-10-01,7,EAST
MED-0062,2023-11-01,7,EAST
MED-0062,2023-12-01,1,EAST
MED-0062,2024-01-01,1,EAST
MED-0062,2024-02-01,2,EAST
MED-0062,2024-03-01,4,EAST
MED-0062,2024-04-01,5,WEST
MED-0062,2024-05-01,7,CENTRAL
MED-0062,2024-06-01,6,CENTRAL
MED-0062,2024-07-01,5,EAST
MED-0062,2024-08-01,5,CENTRAL
MED-0062,2024-09-01,7,CENTRAL
MED-0062,2024-10-01,4,NORTH
MED-0062,2024-11-01,10,EAST
MED-0062,2024-12-01,1,EAST
MED-0062,2025-01-01,3,NORTH
MED-0062,2025-02-01,0,EAST
MED-0062,2025-03-01,0,EAST
MED-0062,2025-04-01,2,EAST
MED-0062,2025-05-01,3,EAST
MED-0062,2025-06-01,1,EAST
MED-0062,2025-07-01,1,EAST
MED-0062,2025-08-01,13,EAST
MED-0062,2025-09-01,0,SOUTH
MED-0062,2025-10-01,3,WEST
MED-0062,2025-11-01,7,EAST
MED-0062,2025-12-01,4,EAST
MED-0063,2022-01-01,1,NORTH
MED-0063,2022-02-01,7,SOUTH
MED-0063,2022-03-01,3,SOUTH
MED-0063,2022-04-01,2,SOUTH
MED-0063,2022-05-01,5,SOUTH
MED-0063,2022-06-01,4,WEST
MED-0063,2022-07-01,3,SOUTH
MED-0063,2022-08-01,3,WEST
MED-0063,2022-09-01,9,SOUTH
MED-0063,2022-10-01,11,SOUTH
MED-0063,2022-11-01,7,SOUTH
MED-0063,2022-12-01,2,SOUTH
MED-0063,2023-01-01,5,EAST
MED-0063,2023-02-01,1,SOUTH
MED-0063,2023-03-01,8,SOUTH
MED-0063,2023-04-01,13,SOUTH
MED-0063,2023-05-01,9,WEST
MED-0063,2023-06-01,5,SOUTH
MED-0063,2023-07-01,6,CENTRAL
MED-0063,2023-08-01,2,NORTH
MED-0063,2023-09-01,2,NORTH
MED-0063,2023-10-01,2,WEST
MED-0063,2023-11-01,4,SOUTH
MED-0063,2023-12-01,2,SOUTH
MED-0063,2024-01-01,1,SOUTH
MED-0063,2024-02-01,6,SOUTH
MED-0063,2024-03-01,2,SOUTH
MED-0063,2024-04-01,2,SOUTH
MED-0063,2024-05-01,1,WEST
MED-0063,2024-06-01,6,SOUTH
MED-0063,2024-07-01,4,WEST
MED-0063,2024-08-01,0,CENTRAL
MED-0063,2024-09-01,5,NORTH
MED-0063,2024-10-01,2,EAST
MED-0063,2024-11-01,1,SOUTH
MED-0063,2024-12-01,3,CENTRAL
MED-0063,2025-01-01,0,SOUTH
MED-0063,2025-02-01,2,SOUTH
MED-0063,2025-03-01,4,SOUTH
MED-0063,2025-04-01,10,SOUTH
MED-0063,2025-05-01,2,EAST
MED-0063,2025-06-01,2,SOUTH
MED-0063,2025-07-01,6,SOUTH
MED-0063,2025-08-01,1,SOUTH
MED-0063,2025-09-01,7,SOUTH
MED-0063,2025-10-01,4,SOUTH
MED-0063,2025-11-01,2,SOUTH
MED-0063,2025-12-01,6,SOUTH
MED-0064,2023-07-01,0,WEST
MED-0064,2023-08-01,0,WEST
MED-0064,2023-09-01,0,SOUTH
MED-0064,2023-10-01,0,WEST
MED-0064,2023-11-01,0,WEST
MED-0064,2023-12-01,0,EAST
MED-0064,2024-01-01,0,WEST
MED-0064,2024-02-01,0,WEST
MED-0064,2024-03-01,0,NORTH
MED-0064,2024-04-01,0,WEST
MED-0064,2024-05-01,0,WEST
MED-0064,2024-06-01,7,WEST
MED-0064,2024-07-01,0,NORTH
MED-0064,2024-08-01,0,EAST
MED-0064,2024-09-01,14,NORTH
MED-0064,2024-10-01,0,WEST
MED-0064,2024-11-01,0,WEST
MED-0064,2024-12-01,0,WEST
MED-0064,2025-01-01,0,EAST
MED-0064,2025-02-01,0,WEST
MED-0064,2025-03-01,0,WEST
MED-0064,2025-04-01,0,EAST
MED-0064,2025-05-01,0,WEST
MED-0064,2025-06-01,0,EAST
MED-0064,2025-07-01,0,WEST
MED-0064,2025-08-01,0,WEST
MED-0064,2025-09-01,0,WEST
MED-0064,2025-10-01,0,CENTRAL
MED-0064,2025-11-01,0,WEST
MED-0064,2025-12-01,0,WEST
MED-0065,2022-01-01,0,CENTRAL
MED-0065,2022-02-01,0,CENTRAL
MED-0065,2022-03-01,0,CENTRAL
MED-0065,2022-04-01,0,WEST
MED-0065,2022-05-01,0,WEST
MED-0065,2022-06-01,0,CENTRAL
MED-0065,2022-07-01,3,CENTRAL
MED-0065,2022-08-01,0,SOUTH
MED-0065,2022-09-01,0,NORTH
MED-0065,2022-10-01,0,CENTRAL
MED-0065,2022-11-01,0,CENTRAL
MED-0065,2022-12-01,3,CENTRAL
MED-0065,2023-01-01,0,CENTRAL
MED-0065,2023-02-01,0,CENTRAL
MED-0065,2023-03-01,0,SOUTH
MED-0065,2023-04-01,7,EAST
MED-0065,2023-05-01,0,CENTRAL
MED-0065,2023-06-01,0,CENTRAL
MED-0065,2023-07-01,0,CENTRAL
MED-0065,2023-08-01,1,CENTRAL
MED-0065,2023-09-01,8,EAST
MED-0065,2023-10-01,5,EAST
MED-0065,2023-11-01,0,NORTH
MED-0065,2023-12-01,4,CENTRAL
MED-0065,2024-01-01,0,CENTRAL
MED-0065,2024-02-01,0,CENTRAL
MED-0065,2024-03-01,0,CENTRAL
MED-0065,2024-04-01,0,CENTRAL
MED-0065,2024-05-01,0,CENTRAL
MED-0065,2024-06-01,0,CENTRAL
MED-0065,2024-07-01,0,CENTRAL
MED-0065,2024-08-01,0,CENTRAL
MED-0065,2024-09-01,0,CENTRAL
MED-0065,2024-10-01,5,CENTRAL
MED-0065,2024-11-01,4,WEST
MED-0065,2024-12-01,0,WEST
MED-0065,2025-01-01,0,CENTRAL
MED-0065,2025-02-01,0,CENTRAL
MED-0065,2025-03-01,5,CENTRAL
MED-0065,2025-04-01,0,CENTRAL
MED-0065,2025-05-01,0,CENTRAL
MED-0065,2025-06-01,0,CENTRAL
MED-0065,2025-07-01,0,CENTRAL
MED-0065,2025-08-01,4,CENTRAL
MED-0065,2025-09-01,0,SOUTH
MED-0065,2025-10-01,0,EAST
MED-0065,2025-11-01,0,CENTRAL
MED-0065,2025-12-01,0,CENTRAL
MED-0066,2022-01-01,0,NORTH
MED-0066,2022-02-01,7,CENTRAL
MED-0066,2022-03-01,0,NORTH
MED-0066,2022-04-01,0,EAST
MED-0066,2022-05-01,0,NORTH
MED-0066,2022-06-01,0,NORTH
MED-0066,2022-07-01,0,WEST
MED-0066,2022-08-01,0,NORTH
MED-0066,2022-09-01,4,NORTH
MED-0066,2022-10-01,0,NORTH
MED-0066,2022-11-01,0,NORTH
MED-0066,2022-12-01,13,NORTH
MED-0066,2023-01-01,0,NORTH
MED-0066,2023-02-01,10,NORTH
MED-0066,2023-03-01,0,NORTH
MED-0066,2023-04-01,0,NORTH
MED-0066,2023-05-01,3,NORTH
MED-0066,2023-06-01,0,NORTH
MED-0066,2023-07-01,0,NORTH
MED-0066,2023-08-01,0,NORTH
MED-0066,2023-09-01,0,WEST
MED-0066,2023-10-01,0,CENTRAL
MED-0066,2023-11-01,11,NORTH
MED-0066,2023-12-01,0,EAST
MED-0066,2024-01-01,0,NORTH
MED-0066,2024-02-01,10,NORTH
MED-0066,2024-03-01,0,NORTH
MED-0066,2024-04-01,0,NORTH
MED-0066,2024-05-01,0,NORTH
MED-0066,2024-06-01,0,NORTH
MED-0066,2024-07-01,0,WEST
MED-0066,2024-08-01,0,NORTH
MED-0066,2024-09-01,0,NORTH
MED-0066,2024-10-01,0,NORTH
MED-0066,2024-11-01,0,NORTH
MED-0066,2024-12-01,0,NORTH
MED-0066,2025-01-01,13,WEST
MED-0066,2025-02-01,0,WEST
MED-0066,2025-03-01,0,NORTH
MED-0066,2025-04-01,0,EAST
MED-0066,2025-05-01,17,WEST
MED-0066,2025-06-01,0,NORTH
MED-0066,2025-07-01,0,NORTH
MED-0066,2025-08-01,0,WEST
MED-0066,2025-09-01,0,CENTRAL
MED-0066,2025-10-01,0,NORTH
MED-0066,2025-11-01,15,NORTH
MED-0066,2025-12-01,0,WEST
MED-0067,2024-07-01,1,CENTRAL
MED-0067,2024-08-01,1,SOUTH
MED-0067,2024-09-01,0,SOUTH
MED-0067,2024-10-01,5,CENTRAL
MED-0067,2024-11-01,2,SOUTH
MED-0067,2024-12-01,2,SOUTH
MED-0067,2025-01-01,3,SOUTH
MED-0067,2025-02-01,7,SOUTH
MED-0067,2025-03-01,8,SOUTH
MED-0067,2025-04-01,1,SOUTH
MED-0067,2025-05-01,4,NORTH
MED-0067,2025-06-01,5,SOUTH
MED-0067,2025-07-01,3,SOUTH
MED-0067,2025-08-01,7,SOUTH
MED-0067,2025-09-01,1,NORTH
MED-0067,2025-10-01,1,SOUTH
MED-0067,2025-11-01,2,SOUTH
MED-0067,2025-12-01,2,EAST
MED-0068,2022-07-01,6,EAST
MED-0068,2022-08-01,5,WEST
MED-0068,2022-09-01,4,NORTH
MED-0068,2022-10-01,4,WEST
MED-0068,2022-11-01,8,NORTH
MED-0068,2022-12-01,2,CENTRAL
MED-0068,2023-01-01,5,WEST
MED-0068,2023-02-01,3,WEST
MED-0068,2023-03-01,3,NORTH
MED-0068,2023-04-01,5,CENTRAL
MED-0068,2023-05-01,4,WEST
MED-0068,2023-06-01,4,EAST
MED-0068,2023-07-01,4,WEST
MED-0068,2023-08-01,6,CENTRAL
MED-0068,2023-09-01,5,SOUTH
MED-0068,2023-10-01,6,SOUTH
MED-0068,2023-11-01,0,NORTH
MED-0068,2023-12-01,4,WEST
MED-0068,2024-01-01,1,EAST
MED-0068,2024-02-01,6,WEST
MED-0068,2024-03-01,2,NORTH
MED-0068,2024-04-01,8,WEST
MED-0068,2024-05-01,1,WEST
MED-0068,2024-06-01,2,WEST
MED-0068,2024-07-01,2,WEST
MED-0068,2024-08-01,9,WEST
MED-0068,2024-09-01,2,WEST
MED-0068,2024-10-01,4,WEST
MED-0068,2024-11-01,3,CENTRAL
MED-0068,2024-12-01,6,WEST
MED-0068,2025-01-01,6,WEST
MED-0068,2025-02-01,1,WEST
MED-0068,2025-03-01,4,WEST
MED-0068,2025-04-01,18,WEST
MED-0068,2025-05-01,8,WEST
MED-0068,2025-06-01,6,EAST
MED-0068,2025-07-01,9,WEST
MED-0068,2025-08-01,6,WEST
MED-0068,2025-09-01,2,WEST
MED-0068,2025-10-01,7,EAST
MED-0068,2025-11-01,2,WEST
MED-0068,2025-12-01,5,SOUTH
MED-0069,2022-01-01,2,EAST
MED-0069,2022-02-01,3,WEST
MED-0069,2022-03-01,8,WEST
MED-0069,2022-04-01,0,WEST
MED-0069,2022-05-01,5,WEST
MED-0069,2022-06-01,0,WEST
MED-0069,2022-07-01,0,WEST
MED-0069,2022-08-01,7,WEST
MED-0069,2022-09-01,0,WEST
MED-0069,2022-10-01,0,WEST
MED-0069,2022-11-01,0,EAST
MED-0069,2022-12-01,0,CENTRAL
MED-0069,2023-01-01,0,WEST
MED-0069,2023-02-01,0,WEST
MED-0069,2023-03-01,0,CENTRAL
MED-0069,2023-04-01,0,WEST
MED-0069,2023-05-01,2,CENTRAL
MED-0069,2023-06-01,0,WEST
MED-0069,2023-07-01,3,WEST
MED-0069,2023-08-01,4,WEST
MED-0069,2023-09-01,1,SOUTH
MED-0069,2023-10-01,1,WEST
MED-0069,2023-11-01,0,WEST
MED-0069,2023-12-01,3,NORTH
MED-0069,2024-01-01,0,WEST
MED-0069,2024-02-01,0,WEST
MED-0069,2024-03-01,0,WEST
MED-0069,2024-04-01,0,WEST
MED-0069,2024-05-01,0,WEST
MED-0069,2024-06-01,0,WEST
MED-0069,2024-07-01,0,WEST
MED-0069,2024-08-01,0,WEST
MED-0069,2024-09-01,0,WEST
MED-0069,2024-10-01,2,EAST
MED-0069,2024-11-01,1,WEST
MED-0069,2024-12-01,0,WEST
MED-0069,2025-01-01,0,CENTRAL
MED-0069,2025-02-01,3,WEST
MED-0069,2025-03-01,0,EAST
MED-0069,2025-04-01,0,WEST
MED-0069,2025-05-01,6,WEST
MED-0069,2025-06-01,0,WEST
MED-0069,2025-07-01,0,SOUTH
MED-0069,2025-08-01,0,WEST
MED-0069,2025-09-01,0,SOUTH
MED-0069,2025-10-01,4,WEST
MED-0069,2025-11-01,0,NORTH
MED-0069,2025-12-01,0,WEST
MED-0070,2022-01-01,14,WEST
MED-0070,2022-02-01,0,WEST
MED-0070,2022-03-01,0,WEST
MED-0070,2022-04-01,0,WEST
MED-0070,2022-05-01,0,EAST
MED-0070,2022-06-01,0,WEST
MED-0070,2022-07-01,0,NORTH
MED-0070,2022-08-01,0,WEST
MED-0070,2022-09-01,0,CENTRAL
MED-0070,2022-10-01,0,WEST
MED-0070,2022-11-01,0,NORTH
MED-0070,2022-12-01,0,SOUTH
MED-0070,2023-01-01,0,WEST
MED-0070,2023-02-01,0,CENTRAL
MED-0070,2023-03-01,0,WEST
MED-0070,2023-04-01,0,EAST
MED-0070,2023-05-01,0,WEST
MED-0070,2023-06-01,0,WEST
MED-0070,2023-07-01,0,WEST
MED-0070,2023-08-01,0,WEST
MED-0070,2023-09-01,0,WEST
MED-0070,2023-10-01,0,EAST
MED-0070,2023-11-01,0,SOUTH
MED-0070,2023-12-01,0,WEST
MED-0070,2024-01-01,0,WEST
MED-0070,2024-02-01,0,WEST
MED-0070,2024-03-01,0,NORTH
MED-0070,2024-04-01,0,WEST
MED-0070,2024-05-01,7,WEST
MED-0070,2024-06-01,0,WEST
MED-0070,2024-07-01,0,CENTRAL
MED-0070,2024-08-01,6,WEST
MED-0070,2024-09-01,0,WEST
MED-0070,2024-10-01,0,NORTH
MED-0070,2024-11-01,0,SOUTH
MED-0070,2024-12-01,0,WEST
MED-0070,2025-01-01,0,EAST
MED-0070,2025-02-01,0,CENTRAL
MED-0070,2025-03-01,0,WEST
MED-0070,2025-04-01,14,WEST
MED-0070,2025-05-01,12,WEST
MED-0070,2025-06-01,0,WEST
MED-0070,2025-07-01,0,WEST
MED-0070,2025-08-01,0,WEST
MED-0070,2025-09-01,0,CENTRAL
MED-0070,2025-10-01,10,WEST
MED-0070,2025-11-01,14,WEST
MED-0070,2025-12-01,0,WEST
MED-0071,2023-07-01,0,WEST
MED-0071,2023-08-01,0,NORTH
MED-0071,2023-09-01,0,WEST
MED-0071,2023-10-01,6,WEST
MED-0071,2023-11-01,0,CENTRAL
MED-0071,2023-12-01,0,WEST
MED-0071,2024-01-01,0,WEST
MED-0071,2024-02-01,0,WEST
MED-0071,2024-03-01,0,WEST
MED-0071,2024-04-01,0,WEST
MED-0071,2024-05-01,0,WEST
MED-0071,2024-06-01,0,WEST
MED-0071,2024-07-01,0,NORTH
MED-0071,2024-08-01,0,WEST
MED-0071,2024-09-01,0,WEST
MED-0071,2024-10-01,0,SOUTH
MED-0071,2024-11-01,0,WEST
MED-0071,2024-12-01,8,WEST
MED-0071,2025-01-01,0,WEST
MED-0071,2025-02-01,0,NORTH
MED-0071,2025-03-01,4,WEST
MED-0071,2025-04-01,5,WEST
MED-0071,2025-05-01,0,WEST
MED-0071,2025-06-01,0,WEST
MED-0071,2025-07-01,0,SOUTH
MED-0071,2025-08-01,0,WEST
MED-0071,2025-09-01,0,WEST
MED-0071,2025-10-01,0,NORTH
MED-0071,2025-11-01,0,WEST
MED-0071,2025-12-01,0,WEST
MED-0072,2023-07-01,0,SOUTH
MED-0072,2023-08-01,5,EAST
MED-0072,2023-09-01,0,SOUTH
MED-0072,2023-10-01,0,EAST
MED-0072,2023-11-01,0,SOUTH
MED-0072,2023-12-01,0,SOUTH
MED-0072,2024-01-01,0,NORTH
MED-0072,2024-02-01,4,NORTH
MED-0072,2024-03-01,3,SOUTH
MED-0072,2024-04-01,5,SOUTH
MED-0072,2024-05-01,0,EAST
MED-0072,2024-06-01,0,SOUTH
MED-0072,2024-07-01,0,NORTH
MED-0072,2024-08-01,0,SOUTH
MED-0072,2024-09-01,0,EAST
MED-0072,2024-10-01,0,SOUTH
MED-0072,2024-11-01,7,NORTH
MED-0072,2024-12-01,0,SOUTH
MED-0072,2025-01-01,0,SOUTH
MED-0072,2025-02-01,0,SOUTH
MED-0072,2025-03-01,0,SOUTH
MED-0072,2025-04-01,0,SOUTH
MED-0072,2025-05-01,0,CENTRAL
MED-0072,2025-06-01,0,SOUTH
MED-0072,2025-07-01,0,SOUTH
MED-0072,2025-08-01,2,SOUTH
MED-0072,2025-09-01,0,NORTH
MED-0072,2025-10-01,0,WEST
MED-0072,2025-11-01,0,SOUTH
MED-0072,2025-12-01,0,NORTH
MED-0073,2022-01-01,0,EAST
MED-0073,2022-02-01,0,EAST
MED-0073,2022-03-01,12,EAST
MED-0073,2022-04-01,0,WEST
MED-0073,2022-05-01,0,EAST
MED-0073,2022-06-01,0,EAST
MED-0073,2022-07-01,0,SOUTH
MED-0073,2022-08-01,0,EAST
MED-0073,2022-09-01,0,EAST
MED-0073,2022-10-01,0,EAST
MED-0073,2022-11-01,0,EAST
MED-0073,2022-12-01,0,EAST
MED-0073,2023-01-01,2,EAST
MED-0073,2023-02-01,0,EAST
MED-0073,2023-03-01,0,WEST
MED-0073,2023-04-01,0,NORTH
MED-0073,2023-05-01,0,EAST
MED-0073,2023-06-01,0,WEST
MED-0073,2023-07-01,0,SOUTH
MED-0073,2023-08-01,0,CENTRAL
MED-0073,2023-09-01,8,EAST
MED-0073,2023-10-01,0,EAST
MED-0073,2023-11-01,0,EAST
MED-0073,2023-12-01,0,NORTH
MED-0073,2024-01-01,5,EAST
MED-0073,2024-02-01,0,EAST
MED-0073,2024-03-01,8,SOUTH
MED-0073,2024-04-01,9,WEST
MED-0073,2024-05-01,0,NORTH
MED-0073,2024-06-01,0,EAST
MED-0073,2024-07-01,0,EAST
MED-0073,2024-08-01,0,EAST
MED-0073,2024-09-01,10,EAST
MED-0073,2024-10-01,0,EAST
MED-0073,2024-11-01,0,WEST
MED-0073,2024-12-01,0,EAST
MED-0073,2025-01-01,0,WEST
MED-0073,2025-02-01,0,EAST
MED-0073,2025-03-01,0,EAST
MED-0073,2025-04-01,0,NORTH
MED-0073,2025-05-01,0,EAST
MED-0073,2025-06-01,0,WEST
MED-0073,2025-07-01,0,CENTRAL
MED-0073,2025-08-01,0,CENTRAL
MED-0073,2025-09-01,0,SOUTH
MED-0073,2025-10-01,0,EAST
MED-0073,2025-11-01,0,EAST
MED-0073,2025-12-01,0,EAST
MED-0074,2022-01-01,3,EAST
MED-0074,2022-02-01,0,EAST
MED-0074,2022-03-01,0,EAST
MED-0074,2022-04-01,6,CENTRAL
MED-0074,2022-05-01,11,EAST
MED-0074,2022-06-01,6,EAST
MED-0074,2022-07-01,0,EAST
MED-0074,2022-08-01,10,EAST
MED-0074,2022-09-01,0,EAST
MED-0074,2022-10-01,0,EAST
MED-0074,2022-11-01,0,EAST
MED-0074,2022-12-01,0,EAST
MED-0074,2023-01-01,0,EAST
MED-0074,2023-02-01,0,EAST
MED-0074,2023-03-01,0,EAST
MED-0074,2023-04-01,16,EAST
MED-0074,2023-05-01,4,EAST
MED-0074,2023-06-01,0,EAST
MED-0074,2023-07-01,0,EAST
MED-0074,2023-08-01,8,EAST
MED-0074,2023-09-01,0,EAST
MED-0074,2023-10-01,0,EAST
MED-0074,2023-11-01,0,EAST
MED-0074,2023-12-01,0,EAST
MED-0074,2024-01-01,0,EAST
MED-0074,2024-02-01,0,EAST
MED-0074,2024-03-01,0,EAST
MED-0074,2024-04-01,0,EAST
MED-0074,2024-05-01,0,EAST
MED-0074,2024-06-01,10,SOUTH
MED-0074,2024-07-01,0,EAST
MED-0074,2024-08-01,0,EAST
MED-0074,2024-09-01,0,EAST
MED-0074,2024-10-01,0,EAST
MED-0074,2024-11-01,0,EAST
MED-0074,2024-12-01,0,EAST
MED-0074,2025-01-01,0,SOUTH
MED-0074,2025-02-01,0,EAST
MED-0074,2025-03-01,0,EAST
MED-0074,2025-04-01,0,EAST
MED-0074,2025-05-01,0,EAST
MED-0074,2025-06-01,0,EAST
MED-0074,2025-07-01,40,EAST
MED-0074,2025-08-01,0,EAST
MED-0074,2025-09-01,0,EAST
MED-0074,2025-10-01,0,EAST
MED-0074,2025-11-01,0,EAST
MED-0074,2025-12-01,0,CENTRAL
MED-0075,2022-01-01,0,SOUTH
MED-0075,2022-02-01,0,WEST
MED-0075,2022-03-01,0,NORTH
MED-0075,2022-04-01,0,WEST
MED-0075,2022-05-01,12,WEST
MED-0075,2022-06-01,0,WEST
MED-0075,2022-07-01,0,WEST
MED-0075,2022-08-01,0,WEST
MED-0075,2022-09-01,17,WEST
MED-0075,2022-10-01,0,WEST
MED-0075,2022-11-01,0,SOUTH
MED-0075,2022-12-01,6,WEST
MED-0075,2023-01-01,0,NORTH
MED-0075,2023-02-01,0,WEST
MED-0075,2023-03-01,0,WEST
MED-0075,2023-04-01,0,WEST
MED-0075,2023-05-01,0,WEST
MED-0075,2023-06-01,0,WEST
MED-0075,2023-07-01,12,WEST
MED-0075,2023-08-01,0,WEST
MED-0075,2023-09-01,0,NORTH
MED-0075,2023-10-01,0,CENTRAL
MED-0075,2023-11-01,0,WEST
MED-0075,2023-12-01,0,EAST
MED-0075,2024-01-01,0,WEST
MED-0075,2024-02-01,8,WEST
MED-0075,2024-03-01,0,WEST
MED-0075,2024-04-01,0,WEST
MED-0075,2024-05-01,16,CENTRAL
MED-0075,2024-06-01,0,WEST
MED-0075,2024-07-01,0,WEST
MED-0075,2024-08-01,11,WEST
MED-0075,2024-09-01,0,SOUTH
MED-0075,2024-10-01,0,WEST
MED-0075,2024-11-01,0,WEST
MED-0075,2024-12-01,0,WEST
MED-0075,2025-01-01,18,CENTRAL
MED-0075,2025-02-01,7,WEST
MED-0075,2025-03-01,0,CENTRAL
MED-0075,2025-04-01,8,WEST
MED-0075,2025-05-01,0,WEST
MED-0075,2025-06-01,0,WEST
MED-0075,2025-07-01,0,WEST
MED-0075,2025-08-01,0,EAST
MED-0075,2025-09-01,8,WEST
MED-0075,2025-10-01,0,NORTH
MED-0075,2025-11-01,0,WEST
MED-0075,2025-12-01,0,WEST
MED-0076,2024-01-01,3,EAST
MED-0076,2024-02-01,2,EAST
MED-0076,2024-03-01,2,EAST
MED-0076,2024-04-01,0,EAST
MED-0076,2024-05-01,3,EAST
MED-0076,2024-06-01,1,EAST
MED-0076,2024-07-01,4,EAST
MED-0076,2024-08-01,1,EAST
MED-0076,2024-09-01,6,EAST
MED-0076,2024-10-01,2,EAST
MED-0076,2024-11-01,2,WEST
MED-0076,2024-12-01,5,EAST
MED-0076,2025-01-01,2,EAST
MED-0076,2025-02-01,5,EAST
MED-0076,2025-03-01,6,SOUTH
MED-0076,2025-04-01,2,CENTRAL
MED-0076,2025-05-01,6,EAST
MED-0076,2025-06-01,1,EAST
MED-0076,2025-07-01,6,WEST
MED-0076,2025-08-01,3,EAST
MED-0076,2025-09-01,4,EAST
MED-0076,2025-10-01,6,EAST
MED-0076,2025-11-01,5,SOUTH
MED-0076,2025-12-01,5,NORTH
MED-0077,2022-01-01,5,EAST
MED-0077,2022-02-01,1,EAST
MED-0077,2022-03-01,1,NORTH
MED-0077,2022-04-01,4,EAST
MED-0077,2022-05-01,1,EAST
MED-0077,2022-06-01,1,EAST
MED-0077,2022-07-01,0,EAST
MED-0077,2022-08-01,0,EAST
MED-0077,2022-09-01,1,EAST
MED-0077,2022-10-01,1,EAST
MED-0077,2022-11-01,3,EAST
MED-0077,2022-12-01,2,EAST
MED-0077,2023-01-01,0,EAST
MED-0077,2023-02-01,1,CENTRAL
MED-0077,2023-03-01,4,EAST
MED-0077,2023-04-01,1,CENTRAL
MED-0077,2023-05-01,0,SOUTH
MED-0077,2023-06-01,6,EAST
MED-0077,2023-07-01,0,CENTRAL
MED-0077,2023-08-01,4,EAST
MED-0077,2023-09-01,1,EAST
MED-0077,2023-10-01,1,EAST
MED-0077,2023-11-01,2,EAST
MED-0077,2023-12-01,1,EAST
MED-0077,2024-01-01,3,CENTRAL
MED-0077,2024-02-01,0,EAST
MED-0077,2024-03-01,2,EAST
MED-0077,2024-04-01,4,EAST
MED-0077,2024-05-01,3,NORTH
MED-0077,2024-06-01,2,EAST
MED-0077,2024-07-01,2,EAST
MED-0077,2024-08-01,1,WEST
MED-0077,2024-09-01,4,CENTRAL
MED-0077,2024-10-01,3,SOUTH
MED-0077,2024-11-01,2,SOUTH
MED-0077,2024-12-01,1,EAST
MED-0077,2025-01-01,3,EAST
MED-0077,2025-02-01,2,EAST
MED-0077,2025-03-01,4,NORTH
MED-0077,2025-04-01,2,EAST
MED-0077,2025-05-01,4,WEST
MED-0077,2025-06-01,2,EAST
MED-0077,2025-07-01,1,NORTH
MED-0077,2025-08-01,6,EAST
MED-0077,2025-09-01,1,SOUTH
MED-0077,2025-10-01,2,EAST
MED-0077,2025-11-01,0,EAST
MED-0077,2025-12-01,2,WEST
MED-0078,2022-01-01,0,CENTRAL
MED-0078,2022-02-01,0,NORTH
MED-0078,2022-03-01,2,WEST
MED-0078,2022-04-01,0,WEST
MED-0078,2022-05-01,0,WEST
MED-0078,2022-06-01,0,WEST
MED-0078,2022-07-01,0,WEST
MED-0078,2022-08-01,0,EAST
MED-0078,2022-09-01,5,EAST
MED-0078,2022-10-01,0,WEST
MED-0078,2022-11-01,0,WEST
MED-0078,2022-12-01,0,WEST
MED-0078,2023-01-01,4,CENTRAL
MED-0078,2023-02-01,0,CENTRAL
MED-0078,2023-03-01,0,EAST
MED-0078,2023-04-01,4,WEST
MED-0078,2023-05-01,0,WEST
MED-0078,2023-06-01,0,WEST
MED-0078,2023-07-01,4,WEST
MED-0078,2023-08-01,0,WEST
MED-0078,2023-09-01,0,SOUTH
MED-0078,2023-10-01,5,WEST
MED-0078,2023-11-01,0,WEST
MED-0078,2023-12-01,0,NORTH
MED-0078,2024-01-01,0,WEST
MED-0078,2024-02-01,0,WEST
MED-0078,2024-03-01,0,NORTH
MED-0078,2024-04-01,0,WEST
MED-0078,2024-05-01,3,WEST
MED-0078,2024-06-01,5,WEST
MED-0078,2024-07-01,0,EAST
MED-0078,2024-08-01,5,WEST
MED-0078,2024-09-01,0,WEST
MED-0078,2024-10-01,2,WEST
MED-0078,2024-11-01,0,WEST
MED-0078,2024-12-01,5,WEST
MED-0078,2025-01-01,0,CENTRAL
MED-0078,2025-02-01,0,WEST
MED-0078,2025-03-01,0,WEST
MED-0078,2025-04-01,0,WEST
MED-0078,2025-05-01,4,WEST
MED-0078,2025-06-01,0,WEST
MED-0078,2025-07-01,0,SOUTH
MED-0078,2025-08-01,0,WEST
MED-0078,2025-09-01,6,SOUTH
MED-0078,2025-10-01,0,WEST
MED-0078,2025-11-01,6,WEST
MED-0078,2025-12-01,0,EAST
MED-0079,2023-07-01,0,WEST
MED-0079,2023-08-01,6,EAST
MED-0079,2023-09-01,0,WEST
MED-0079,2023-10-01,0,WEST
MED-0079,2023-11-01,0,WEST
MED-0079,2023-12-01,0,WEST
MED-0079,2024-01-01,0,WEST
MED-0079,2024-02-01,0,SOUTH
MED-0079,2024-03-01,0,SOUTH
MED-0079,2024-04-01,0,WEST
MED-0079,2024-05-01,3,WEST
MED-0079,2024-06-01,5,WEST
MED-0079,2024-07-01,0,WEST
MED-0079,2024-08-01,0,WEST
MED-0079,2024-09-01,0,WEST
MED-0079,2024-10-01,0,WEST
MED-0079,2024-11-01,0,WEST
MED-0079,2024-12-01,0,WEST
MED-0079,2025-01-01,0,WEST
MED-0079,2025-02-01,3,WEST
MED-0079,2025-03-01,0,WEST
MED-0079,2025-04-01,0,WEST
MED-0079,2025-05-01,8,WEST
MED-0079,2025-06-01,0,WEST
MED-0079,2025-07-01,8,WEST
MED-0079,2025-08-01,0,SOUTH
MED-0079,2025-09-01,0,WEST
MED-0079,2025-10-01,1,WEST
MED-0079,2025-11-01,0,WEST
MED-0079,2025-12-01,0,WEST
MED-0080,2022-01-01,0,WEST
MED-0080,2022-02-01,0,WEST
MED-0080,2022-03-01,0,WEST
MED-0080,2022-04-01,0,WEST
MED-0080,2022-05-01,0,SOUTH
MED-0080,2022-06-01,2,NORTH
MED-0080,2022-07-01,0,WEST
MED-0080,2022-08-01,0,WEST
MED-0080,2022-09-01,0,WEST
MED-0080,2022-10-01,0,NORTH
MED-0080,2022-11-01,0,WEST
MED-0080,2022-12-01,0,EAST
MED-0080,2023-01-01,0,EAST
MED-0080,2023-02-01,0,WEST
MED-0080,2023-03-01,0,WEST
MED-0080,2023-04-01,0,CENTRAL
MED-0080,2023-05-01,0,WEST
MED-0080,2023-06-01,9,SOUTH
MED-0080,2023-07-01,17,WEST
MED-0080,2023-08-01,0,WEST
MED-0080,2023-09-01,0,WEST
MED-0080,2023-10-01,0,CENTRAL
MED-0080,2023-11-01,0,WEST
MED-0080,2023-12-01,0,WEST
MED-0080,2024-01-01,0,WEST
MED-0080,2024-02-01,0,WEST
MED-0080,2024-03-01,0,WEST
MED-0080,2024-04-01,0,EAST
MED-0080,2024-05-01,3,WEST
MED-0080,2024-06-01,0,NORTH
MED-0080,2024-07-01,0,WEST
MED-0080,2024-08-01,4,WEST
MED-0080,2024-09-01,0,WEST
MED-0080,2024-10-01,3,WEST
MED-0080,2024-11-01,0,WEST
MED-0080,2024-12-01,1,WEST
MED-0080,2025-01-01,4,WEST
MED-0080,2025-02-01,0,WEST
MED-0080,2025-03-01,2,WEST
MED-0080,2025-04-01,4,SOUTH
MED-0080,2025-05-01,0,WEST
MED-0080,2025-06-01,4,WEST
MED-0080,2025-07-01,0,WEST
MED-0080,2025-08-01,0,WEST
MED-0080,2025-09-01,0,WEST
MED-0080,2025-10-01,0,WEST
MED-0080,2025-11-01,0,WEST
MED-0080,2025-12-01,0,NORTH
MED-0081,2023-01-01,6,NORTH
MED-0081,2023-02-01,4,NORTH
MED-0081,2023-03-01,5,CENTRAL
MED-0081,2023-04-01,6,NORTH
MED-0081,2023-05-01,5,NORTH
MED-0081,2023-06-01,3,WEST
MED-0081,2023-07-01,4,NORTH
MED-0081,2023-08-01,4,CENTRAL
MED-0081,2023-09-01,5,NORTH
MED-0081,2023-10-01,2,NORTH
MED-0081,2023-11-01,6,NORTH
MED-0081,2023-12-01,8,NORTH
MED-0081,2024-01-01,6,EAST
MED-0081,2024-02-01,6,NORTH
MED-0081,2024-03-01,1,EAST
MED-0081,2024-04-01,3,WEST
MED-0081,2024-05-01,6,NORTH
MED-0081,2024-06-01,2,NORTH
MED-0081,2024-07-01,4,NORTH
MED-0081,2024-08-01,5,EAST
MED-0081,2024-09-01,5,NORTH
MED-0081,2024-10-01,4,NORTH
MED-0081,2024-11-01,5,NORTH
MED-0081,2024-12-01,4,NORTH
MED-0081,2025-01-01,0,NORTH
MED-0081,2025-02-01,5,SOUTH
MED-0081,2025-03-01,5,NORTH
MED-0081,2025-04-01,4,NORTH
MED-0081,2025-05-01,6,NORTH
MED-0081,2025-06-01,6,NORTH
MED-0081,2025-07-01,3,NORTH
MED-0081,2025-08-01,5,WEST
MED-0081,2025-09-01,11,NORTH
MED-0081,2025-10-01,6,NORTH
MED-0081,2025-11-01,2,CENTRAL
MED-0081,2025-12-01,8,NORTH
MED-0082,2023-01-01,1,NORTH
MED-0082,2023-02-01,4,SOUTH
MED-0082,2023-03-01,0,NORTH
MED-0082,2023-04-01,0,WEST
MED-0082,2023-05-01,0,NORTH
MED-0082,2023-06-01,6,NORTH
MED-0082,2023-07-01,0,EAST
MED-0082,2023-08-01,0,NORTH
MED-0082,2023-09-01,0,NORTH
MED-0082,2023-10-01,0,NORTH
MED-0082,2023-11-01,2,SOUTH
MED-0082,2023-12-01,5,SOUTH
MED-0082,2024-01-01,6,NORTH
MED-0082,2024-02-01,0,NORTH
MED-0082,2024-03-01,3,NORTH
MED-0082,2024-04-01,0,NORTH
MED-0082,2024-05-01,0,NORTH
MED-0082,2024-06-01,0,SOUTH
MED-0082,2024-07-01,0,CENTRAL
MED-0082,2024-08-01,0,NORTH
MED-0082,2024-09-01,0,NORTH
MED-0082,2024-10-01,6,WEST
MED-0082,2024-11-01,3,EAST
MED-0082,2024-12-01,0,NORTH
MED-0082,2025-01-01,0,NORTH
MED-0082,2025-02-01,5,NORTH
MED-0082,2025-03-01,0,NORTH
MED-0082,2025-04-01,0,WEST
MED-0082,2025-05-01,0,EAST
MED-0082,2025-06-01,0,NORTH
MED-0082,2025-07-01,0,NORTH
MED-0082,2025-08-01,0,NORTH
MED-0082,2025-09-01,17,NORTH
MED-0082,2025-10-01,0,NORTH
MED-0082,2025-11-01,1,WEST
MED-0082,2025-12-01,0,NORTH
MED-0083,2022-01-01,8,WEST
MED-0083,2022-02-01,0,WEST
MED-0083,2022-03-01,0,WEST
MED-0083,2022-04-01,9,WEST
MED-0083,2022-05-01,0,WEST
MED-0083,2022-06-01,0,WEST
MED-0083,2022-07-01,0,WEST
MED-0083,2022-08-01,0,WEST
MED-0083,2022-09-01,0,NORTH
MED-0083,2022-10-01,0,WEST
MED-0083,2022-11-01,0,NORTH
MED-0083,2022-12-01,0,WEST
MED-0083,2023-01-01,0,WEST
MED-0083,2023-02-01,0,WEST
MED-0083,2023-03-01,0,WEST
MED-0083,2023-04-01,0,WEST
MED-0083,2023-05-01,0,WEST
MED-0083,2023-06-01,0,WEST
MED-0083,2023-07-01,0,WEST
MED-0083,2023-08-01,0,WEST
MED-0083,2023-09-01,26,WEST
MED-0083,2023-10-01,0,WEST
MED-0083,2023-11-01,0,WEST
MED-0083,2023-12-01,0,WEST
MED-0083,2024-01-01,0,WEST
MED-0083,2024-02-01,0,WEST
MED-0083,2024-03-01,0,WEST
MED-0083,2024-04-01,0,WEST
MED-0083,2024-05-01,0,NORTH
MED-0083,2024-06-01,10,EAST
MED-0083,2024-07-01,0,WEST
MED-0083,2024-08-01,0,WEST
MED-0083,2024-09-01,0,WEST
MED-0083,2024-10-01,0,WEST
MED-0083,2024-11-01,0,WEST
MED-0083,2024-12-01,12,NORTH
MED-0083,2025-01-01,0,CENTRAL
MED-0083,2025-02-01,12,WEST
MED-0083,2025-03-01,2,WEST
MED-0083,2025-04-01,0,WEST
MED-0083,2025-05-01,0,WEST
MED-0083,2025-06-01,12,WEST
MED-0083,2025-07-01,0,EAST
MED-0083,2025-08-01,0,CENTRAL
MED-0083,2025-09-01,0,CENTRAL
MED-0083,2025-10-01,0,CENTRAL
MED-0083,2025-11-01,0,WEST
MED-0083,2025-12-01,4,WEST
MED-0084,2022-01-01,0,WEST
MED-0084,2022-02-01,0,EAST
MED-0084,2022-03-01,0,EAST
MED-0084,2022-04-01,0,EAST
MED-0084,2022-05-01,0,EAST
MED-0084,2022-06-01,0,CENTRAL
MED-0084,2022-07-01,0,EAST
MED-0084,2022-08-01,0,EAST
MED-0084,2022-09-01,12,EAST
MED-0084,2022-10-01,0,NORTH
MED-0084,2022-11-01,0,EAST
MED-0084,2022-12-01,12,EAST
MED-0084,2023-01-01,0,EAST
MED-0084,2023-02-01,0,NORTH
MED-0084,2023-03-01,0,EAST
MED-0084,2023-04-01,4,WEST
MED-0084,2023-05-01,0,CENTRAL
MED-0084,2023-06-01,0,WEST
MED-0084,2023-07-01,0,EAST
MED-0084,2023-08-01,0,EAST
MED-0084,2023-09-01,0,SOUTH
MED-0084,2023-10-01,0,EAST
MED-0084,2023-11-01,0,EAST
MED-0084,2023-12-01,9,WEST
MED-0084,2024-01-01,0,EAST
MED-0084,2024-02-01,0,EAST
MED-0084,2024-03-01,10,EAST
MED-0084,2024-04-01,0,NORTH
MED-0084,2024-05-01,0,EAST
MED-0084,2024-06-01,0,EAST
MED-0084,2024-07-01,7,EAST
MED-0084,2024-08-01,0,EAST
MED-0084,2024-09-01,0,EAST
MED-0084,2024-10-01,0,SOUTH
MED-0084,2024-11-01,0,EAST
MED-0084,2024-12-01,0,SOUTH
MED-0084,2025-01-01,0,EAST
MED-0084,2025-02-01,0,WEST
MED-0084,2025-03-01,0,EAST
MED-0084,2025-04-01,0,EAST
MED-0084,2025-05-01,20,EAST
MED-0084,2025-06-01,8,EAST
MED-0084,2025-07-01,0,NORTH
MED-0084,2025-08-01,0,EAST
MED-0084,2025-09-01,0,EAST
MED-0084,2025-10-01,14,EAST
MED-0084,2025-11-01,0,EAST
MED-0084,2025-12-01,0,EAST
MED-0085,2022-01-01,0,WEST
MED-0085,2022-02-01,7,WEST
MED-0085,2022-03-01,0,WEST
MED-0085,2022-04-01,0,WEST
MED-0085,2022-05-01,0,EAST
MED-0085,2022-06-01,0,WEST
MED-0085,2022-07-01,0,WEST
MED-0085,2022-08-01,0,WEST
MED-0085,2022-09-01,0,WEST
MED-0085,2022-10-01,3,WEST
MED-0085,2022-11-01,7,WEST
MED-0085,2022-12-01,0,WEST
MED-0085,2023-01-01,0,WEST
MED-0085,2023-02-01,0,WEST
MED-0085,2023-03-01,0,EAST
MED-0085,2023-04-01,11,CENTRAL
MED-0085,2023-05-01,0,WEST
MED-0085,2023-06-01,0,WEST
MED-0085,2023-07-01,6,WEST
MED-0085,2023-08-01,0,WEST
MED-0085,2023-09-01,0,WEST
MED-0085,2023-10-01,0,EAST
MED-0085,2023-11-01,4,SOUTH
MED-0085,2023-12-01,0,SOUTH
MED-0085,2024-01-01,0,CENTRAL
MED-0085,2024-02-01,0,WEST
MED-0085,2024-03-01,0,WEST
MED-0085,2024-04-01,0,WEST
MED-0085,2024-05-01,0,WEST
MED-0085,2024-06-01,0,WEST
MED-0085,2024-07-01,9,NORTH
MED-0085,2024-08-01,0,CENTRAL
MED-0085,2024-09-01,0,WEST
MED-0085,2024-10-01,0,WEST
MED-0085,2024-11-01,0,WEST
MED-0085,2024-12-01,0,WEST
MED-0085,2025-01-01,0,WEST
MED-0085,2025-02-01,0,WEST
MED-0085,2025-03-01,15,WEST
MED-0085,2025-04-01,0,WEST
MED-0085,2025-05-01,0,WEST
MED-0085,2025-06-01,0,WEST
MED-0085,2025-07-01,0,WEST
MED-0085,2025-08-01,0,WEST
MED-0085,2025-09-01,0,WEST
MED-0085,2025-10-01,0,WEST
MED-0085,2025-11-01,0,EAST
MED-0085,2025-12-01,0,SOUTH
MED-0086,2023-07-01,1,NORTH
MED-0086,2023-08-01,4,NORTH
MED-0086,2023-09-01,6,NORTH
MED-0086,2023-10-01,3,WEST
MED-0086,2023-11-01,4,EAST
MED-0086,2023-12-01,1,NORTH
MED-0086,2024-01-01,2,NORTH
MED-0086,2024-02-01,2,NORTH
MED-0086,2024-03-01,2,NORTH
MED-0086,2024-04-01,2,NORTH
MED-0086,2024-05-01,2,EAST
MED-0086,2024-06-01,1,NORTH
MED-0086,2024-07-01,2,NORTH
MED-0086,2024-08-01,1,NORTH
MED-0086,2024-09-01,2,NORTH
MED-0086,2024-10-01,4,SOUTH
MED-0086,2024-11-01,1,NORTH
MED-0086,2024-12-01,4,NORTH
MED-0086,2025-01-01,2,NORTH
MED-0086,2025-02-01,2,EAST
MED-0086,2025-03-01,1,SOUTH
MED-0086,2025-04-01,1,NORTH
MED-0086,2025-05-01,2,WEST
MED-0086,2025-06-01,2,SOUTH
MED-0086,2025-07-01,5,NORTH
MED-0086,2025-08-01,2,NORTH
MED-0086,2025-09-01,2,NORTH
MED-0086,2025-10-01,1,EAST
MED-0086,2025-11-01,2,NORTH
MED-0086,2025-12-01,1,NORTH
MED-0087,2023-01-01,0,NORTH
MED-0087,2023-02-01,12,NORTH
MED-0087,2023-03-01,0,WEST
MED-0087,2023-04-01,17,WEST
MED-0087,2023-05-01,0,WEST
MED-0087,2023-06-01,0,WEST
MED-0087,2023-07-01,12,WEST
MED-0087,2023-08-01,0,EAST
MED-0087,2023-09-01,0,WEST
MED-0087,2023-10-01,0,WEST
MED-0087,2023-11-01,0,WEST
MED-0087,2023-12-01,0,WEST
MED-0087,2024-01-01,0,WEST
MED-0087,2024-02-01,0,WEST
MED-0087,2024-03-01,0,WEST
MED-0087,2024-04-01,0,WEST
MED-0087,2024-05-01,0,WEST
MED-0087,2024-06-01,0,EAST
MED-0087,2024-07-01,0,EAST
MED-0087,2024-08-01,0,WEST
MED-0087,2024-09-01,0,SOUTH
MED-0087,2024-10-01,20,WEST
MED-0087,2024-11-01,0,WEST
MED-0087,2024-12-01,0,NORTH
MED-0087,2025-01-01,0,WEST
MED-0087,2025-02-01,0,WEST
MED-0087,2025-03-01,0,SOUTH
MED-0087,2025-04-01,0,WEST
MED-0087,2025-05-01,0,EAST
MED-0087,2025-06-01,0,WEST
MED-0087,2025-07-01,0,SOUTH
MED-0087,2025-08-01,0,WEST
MED-0087,2025-09-01,0,WEST
MED-0087,2025-10-01,0,WEST
MED-0087,2025-11-01,0,WEST
MED-0087,2025-12-01,35,WEST
MED-0088,2022-01-01,5,NORTH
MED-0088,2022-02-01,2,CENTRAL
MED-0088,2022-03-01,3,SOUTH
MED-0088,2022-04-01,0,NORTH
MED-0088,2022-05-01,1,CENTRAL
MED-0088,2022-06-01,4,EAST
MED-0088,2022-07-01,2,CENTRAL
MED-0088,2022-08-01,2,CENTRAL
MED-0088,2022-09-01,3,CENTRAL
MED-0088,2022-10-01,1,CENTRAL
MED-0088,2022-11-01,1,CENTRAL
MED-0088,2022-12-01,0,NORTH
MED-0088,2023-01-01,0,EAST
MED-0088,2023-02-01,5,SOUTH
MED-0088,2023-03-01,6,CENTRAL
MED-0088,2023-04-01,3,EAST
MED-0088,2023-05-01,1,CENTRAL
MED-0088,2023-06-01,7,SOUTH
MED-0088,2023-07-01,4,CENTRAL
MED-0088,2023-08-01,2,WEST
MED-0088,2023-09-01,7,CENTRAL
MED-0088,2023-10-01,2,CENTRAL
MED-0088,2023-11-01,3,CENTRAL
MED-0088,2023-12-01,4,SOUTH
MED-0088,2024-01-01,5,CENTRAL
MED-0088,2024-02-01,6,CENTRAL
MED-0088,2024-03-01,2,WEST
MED-0088,2024-04-01,1,CENTRAL
MED-0088,2024-05-01,2,SOUTH
MED-0088,2024-06-01,3,NORTH
MED-0088,2024-07-01,2,CENTRAL
MED-0088,2024-08-01,2,CENTRAL
MED-0088,2024-09-01,1,EAST
MED-0088,2024-10-01,0,CENTRAL
MED-0088,2024-11-01,6,CENTRAL
MED-0088,2024-12-01,2,CENTRAL
MED-0088,2025-01-01,2,EAST
MED-0088,2025-02-01,1,CENTRAL
MED-0088,2025-03-01,1,CENTRAL
MED-0088,2025-04-01,5,CENTRAL
MED-0088,2025-05-01,5,SOUTH
MED-0088,2025-06-01,6,CENTRAL
MED-0088,2025-07-01,2,CENTRAL
MED-0088,2025-08-01,5,CENTRAL
MED-0088,2025-09-01,4,EAST
MED-0088,2025-10-01,0,CENTRAL
MED-0088,2025-11-01,3,CENTRAL
MED-0088,2025-12-01,2,CENTRAL
MED-0089,2023-01-01,5,EAST
MED-0089,2023-02-01,2,EAST
MED-0089,2023-03-01,2,WEST
MED-0089,2023-04-01,13,EAST
MED-0089,2023-05-01,3,EAST
MED-0089,2023-06-01,1,SOUTH
MED-0089,2023-07-01,1,EAST
MED-0089,2023-08-01,1,WEST
MED-0089,2023-09-01,1,EAST
MED-0089,2023-10-01,2,EAST
MED-0089,2023-11-01,4,EAST
MED-0089,2023-12-01,2,CENTRAL
MED-0089,2024-01-01,4,EAST
MED-0089,2024-02-01,11,EAST
MED-0089,2024-03-01,1,CENTRAL
MED-0089,2024-04-01,2,NORTH
MED-0089,2024-05-01,2,EAST
MED-0089,2024-06-01,3,EAST
MED-0089,2024-07-01,1,EAST
MED-0089,2024-08-01,2,EAST
MED-0089,2024-09-01,1,EAST
MED-0089,2024-10-01,1,EAST
MED-0089,2024-11-01,3,EAST
MED-0089,2024-12-01,2,EAST
MED-0089,2025-01-01,5,EAST
MED-0089,2025-02-01,5,EAST
MED-0089,2025-03-01,0,WEST
MED-0089,2025-04-01,4,EAST
MED-0089,2025-05-01,1,EAST
MED-0089,2025-06-01,2,EAST
MED-0089,2025-07-01,4,EAST
MED-0089,2025-08-01,0,EAST
MED-0089,2025-09-01,3,NORTH
MED-0089,2025-10-01,0,SOUTH
MED-0089,2025-11-01,23,EAST
MED-0089,2025-12-01,0,WEST
MED-0090,2023-01-01,4,EAST
MED-0090,2023-02-01,0,EAST
MED-0090,2023-03-01,4,EAST
MED-0090,2023-04-01,5,EAST
MED-0090,2023-05-01,7,EAST
MED-0090,2023-06-01,0,EAST
MED-0090,2023-07-01,2,NORTH
MED-0090,2023-08-01,4,EAST
MED-0090,2023-09-01,1,EAST
MED-0090,2023-10-01,2,WEST
MED-0090,2023-11-01,5,EAST
MED-0090,2023-12-01,1,SOUTH
MED-0090,2024-01-01,1,EAST
MED-0090,2024-02-01,1,EAST
MED-0090,2024-03-01,0,NORTH
MED-0090,2024-04-01,2,EAST
MED-0090,2024-05-01,5,EAST
MED-0090,2024-06-01,3,EAST
MED-0090,2024-07-01,0,SOUTH
MED-0090,2024-08-01,4,EAST
MED-0090,2024-09-01,3,WEST
MED-0090,2024-10-01,2,WEST
MED-0090,2024-11-01,3,EAST
MED-0090,2024-12-01,2,EAST
MED-0090,2025-01-01,4,EAST
MED-0090,2025-02-01,3,EAST
MED-0090,2025-03-01,6,EAST
MED-0090,2025-04-01,4,EAST
MED-0090,2025-05-01,1,SOUTH
MED-0090,2025-06-01,4,EAST
MED-0090,2025-07-01,3,EAST
MED-0090,2025-08-01,3,CENTRAL
MED-0090,2025-09-01,4,SOUTH
MED-0090,2025-10-01,3,CENTRAL
MED-0090,2025-11-01,3,EAST
MED-0090,2025-12-01,2,EAST
MED-0091,2022-01-01,0,NORTH
MED-0091,2022-02-01,0,NORTH
MED-0091,2022-03-01,0,NORTH
MED-0091,2022-04-01,0,WEST
MED-0091,2022-05-01,0,EAST
MED-0091,2022-06-01,10,NORTH
MED-0091,2022-07-01,0,SOUTH
MED-0091,2022-08-01,0,SOUTH
MED-0091,2022-09-01,0,NORTH
MED-0091,2022-10-01,0,NORTH
MED-0091,2022-11-01,0,WEST
MED-0091,2022-12-01,0,NORTH
MED-0091,2023-01-01,10,NORTH
MED-0091,2023-02-01,0,NORTH
MED-0091,2023-03-01,21,NORTH
MED-0091,2023-04-01,0,NORTH
MED-0091,2023-05-01,0,NORTH
MED-0091,2023-06-01,0,NORTH
MED-0091,2023-07-01,0,CENTRAL
MED-0091,2023-08-01,0,WEST
MED-0091,2023-09-01,0,NORTH
MED-0091,2023-10-01,0,NORTH
MED-0091,2023-11-01,0,WEST
MED-0091,2023-12-01,0,NORTH
MED-0091,2024-01-01,0,NORTH
MED-0091,2024-02-01,0,NORTH
MED-0091,2024-03-01,68,NORTH
MED-0091,2024-04-01,0,NORTH
MED-0091,2024-05-01,0,CENTRAL
MED-0091,2024-06-01,0,NORTH
MED-0091,2024-07-01,0,NORTH
MED-0091,2024-08-01,0,NORTH
MED-0091,2024-09-01,0,NORTH
MED-0091,2024-10-01,0,WEST
MED-0091,2024-11-01,0,EAST
MED-0091,2024-12-01,0,WEST
MED-0091,2025-01-01,0,NORTH
MED-0091,2025-02-01,8,NORTH
MED-0091,2025-03-01,0,NORTH
MED-0091,2025-04-01,0,EAST
MED-0091,2025-05-01,0,CENTRAL
MED-0091,2025-06-01,0,CENTRAL
MED-0091,2025-07-01,0,CENTRAL
MED-0091,2025-08-01,0,NORTH
MED-0091,2025-09-01,0,NORTH
MED-0091,2025-10-01,2,WEST
MED-0091,2025-11-01,0,SOUTH
MED-0091,2025-12-01,0,NORTH
MED-0092,2022-01-01,5,EAST
MED-0092,2022-02-01,7,EAST
MED-0092,2022-03-01,7,EAST
MED-0092,2022-04-01,8,EAST
MED-0092,2022-05-01,10,CENTRAL
MED-0092,2022-06-01,7,EAST
MED-0092,2022-07-01,2,EAST
MED-0092,2022-08-01,5,EAST
MED-0092,2022-09-01,7,EAST
MED-0092,2022-10-01,1,WEST
MED-0092,2022-11-01,4,EAST
MED-0092,2022-12-01,5,EAST
MED-0092,2023-01-01,3,EAST
MED-0092,2023-02-01,1,EAST
MED-0092,2023-03-01,5,EAST
MED-0092,2023-04-01,8,EAST
MED-0092,2023-05-01,6,EAST
MED-0092,2023-06-01,2,EAST
MED-0092,2023-07-01,2,EAST
MED-0092,2023-08-01,6,EAST
MED-0092,2023-09-01,5,EAST
MED-0092,2023-10-01,4,EAST
MED-0092,2023-11-01,2,EAST
MED-0092,2023-12-01,5,CENTRAL
MED-0092,2024-01-01,22,EAST
MED-0092,2024-02-01,5,CENTRAL
MED-0092,2024-03-01,6,NORTH
MED-0092,2024-04-01,10,EAST
MED-0092,2024-05-01,3,EAST
MED-0092,2024-06-01,5,EAST
MED-0092,2024-07-01,5,SOUTH
MED-0092,2024-08-01,5,CENTRAL
MED-0092,2024-09-01,9,EAST
MED-0092,2024-10-01,6,EAST
MED-0092,2024-11-01,8,NORTH
MED-0092,2024-12-01,6,EAST
MED-0092,2025-01-01,6,EAST
MED-0092,2025-02-01,4,EAST
MED-0092,2025-03-01,6,EAST
MED-0092,2025-04-01,2,EAST
MED-0092,2025-05-01,6,EAST
MED-0092,2025-06-01,3,EAST
MED-0092,2025-07-01,5,EAST
MED-0092,2025-08-01,4,CENTRAL
MED-0092,2025-09-01,1,EAST
MED-0092,2025-10-01,6,EAST
MED-0092,2025-11-01,10,EAST
MED-0092,2025-12-01,4,EAST
MED-0093,2024-01-01,0,NORTH
MED-0093,2024-02-01,0,CENTRAL
MED-0093,2024-03-01,0,NORTH
MED-0093,2024-04-01,11,NORTH
MED-0093,2024-05-01,0,NORTH
MED-0093,2024-06-01,0,NORTH
MED-0093,2024-07-01,0,WEST
MED-0093,2024-08-01,0,NORTH
MED-0093,2024-09-01,0,EAST
MED-0093,2024-10-01,0,SOUTH
MED-0093,2024-11-01,0,SOUTH
MED-0093,2024-12-01,39,NORTH
MED-0093,2025-01-01,0,NORTH
MED-0093,2025-02-01,14,SOUTH
MED-0093,2025-03-01,0,NORTH
MED-0093,2025-04-01,0,WEST
MED-0093,2025-05-01,9,NORTH
MED-0093,2025-06-01,0,NORTH
MED-0093,2025-07-01,21,SOUTH
MED-0093,2025-08-01,0,NORTH
MED-0093,2025-09-01,0,NORTH
MED-0093,2025-10-01,0,NORTH
MED-0093,2025-11-01,13,NORTH
MED-0093,2025-12-01,0,NORTH
MED-0094,2022-01-01,0,EAST
MED-0094,2022-02-01,0,EAST
MED-0094,2022-03-01,0,EAST
MED-0094,2022-04-01,0,EAST
MED-0094,2022-05-01,0,EAST
MED-0094,2022-06-01,0,EAST
MED-0094,2022-07-01,0,EAST
MED-0094,2022-08-01,10,EAST
MED-0094,2022-09-01,0,EAST
MED-0094,2022-10-01,0,EAST
MED-0094,2022-11-01,0,WEST
MED-0094,2022-12-01,0,EAST
MED-0094,2023-01-01,0,EAST
MED-0094,2023-02-01,0,EAST
MED-0094,2023-03-01,0,EAST
MED-0094,2023-04-01,0,EAST
MED-0094,2023-05-01,0,WEST
MED-0094,2023-06-01,0,EAST
MED-0094,2023-07-01,23,EAST
MED-0094,2023-08-01,0,SOUTH
MED-0094,2023-09-01,0,CENTRAL
MED-0094,2023-10-01,0,EAST
MED-0094,2023-11-01,0,CENTRAL
MED-0094,2023-12-01,0,EAST
MED-0094,2024-01-01,0,EAST
MED-0094,2024-02-01,23,SOUTH
MED-0094,2024-03-01,0,EAST
MED-0094,2024-04-01,0,WEST
MED-0094,2024-05-01,0,SOUTH
MED-0094,2024-06-01,0,SOUTH
MED-0094,2024-07-01,0,EAST
MED-0094,2024-08-01,0,EAST
MED-0094,2024-09-01,8,EAST
MED-0094,2024-10-01,0,EAST
MED-0094,2024-11-01,0,WEST
MED-0094,2024-12-01,0,NORTH
MED-0094,2025-01-01,0,EAST
MED-0094,2025-02-01,0,WEST
MED-0094,2025-03-01,0,EAST
MED-0094,2025-04-01,0,EAST
MED-0094,2025-05-01,0,EAST
MED-0094,2025-06-01,59,EAST
MED-0094,2025-07-01,8,EAST
MED-0094,2025-08-01,10,EAST
MED-0094,2025-09-01,0,SOUTH
MED-0094,2025-10-01,0,EAST
MED-0094,2025-11-01,0,EAST
MED-0094,2025-12-01,0,EAST
MED-0095,2022-07-01,0,EAST
MED-0095,2022-08-01,0,EAST
MED-0095,2022-09-01,0,EAST
MED-0095,2022-10-01,0,EAST
MED-0095,2022-11-01,0,EAST
MED-0095,2022-12-01,0,EAST
MED-0095,2023-01-01,0,EAST
MED-0095,2023-02-01,6,EAST
MED-0095,2023-03-01,0,EAST
MED-0095,2023-04-01,0,EAST
MED-0095,2023-05-01,4,EAST
MED-0095,2023-06-01,0,EAST
MED-0095,2023-07-01,0,WEST
MED-0095,2023-08-01,0,EAST
MED-0095,2023-09-01,0,EAST
MED-0095,2023-10-01,0,EAST
MED-0095,2023-11-01,4,EAST
MED-0095,2023-12-01,0,EAST
MED-0095,2024-01-01,4,EAST
MED-0095,2024-02-01,0,EAST
MED-0095,2024-03-01,0,EAST
MED-0095,2024-04-01,0,EAST
MED-0095,2024-05-01,0,EAST
MED-0095,2024-06-01,0,EAST
MED-0095,2024-07-01,5,EAST
MED-0095,2024-08-01,3,EAST
MED-0095,2024-09-01,2,EAST
MED-0095,2024-10-01,6,EAST
MED-0095,2024-11-01,11,SOUTH
MED-0095,2024-12-01,0,EAST
MED-0095,2025-01-01,0,EAST
MED-0095,2025-02-01,3,EAST
MED-0095,2025-03-01,0,SOUTH
MED-0095,2025-04-01,0,EAST
MED-0095,2025-05-01,6,EAST
MED-0095,2025-06-01,0,EAST
MED-0095,2025-07-01,0,EAST
MED-0095,2025-08-01,0,SOUTH
MED-0095,2025-09-01,0,EAST
MED-0095,2025-10-01,0,EAST
MED-0095,2025-11-01,0,EAST
MED-0095,2025-12-01,0,NORTH
MED-0096,2022-01-01,3,EAST
MED-0096,2022-02-01,3,EAST
MED-0096,2022-03-01,10,EAST
MED-0096,2022-04-01,6,EAST
MED-0096,2022-05-01,14,CENTRAL
MED-0096,2022-06-01,2,EAST
MED-0096,2022-07-01,0,EAST
MED-0096,2022-08-01,0,EAST
MED-0096,2022-09-01,11,WEST
MED-0096,2022-10-01,0,CENTRAL
MED-0096,2022-11-01,1,EAST
MED-0096,2022-12-01,15,EAST
MED-0096,2023-01-01,4,NORTH
MED-0096,2023-02-01,5,EAST
MED-0096,2023-03-01,3,EAST
MED-0096,2023-04-01,3,EAST
MED-0096,2023-05-01,9,SOUTH
MED-0096,2023-06-01,21,EAST
MED-0096,2023-07-01,6,EAST
MED-0096,2023-08-01,5,EAST
MED-0096,2023-09-01,3,EAST
MED-0096,2023-10-01,2,NORTH
MED-0096,2023-11-01,4,EAST
MED-0096,2023-12-01,5,NORTH
MED-0096,2024-01-01,11,EAST
MED-0096,2024-02-01,2,NORTH
MED-0096,2024-03-01,5,EAST
MED-0096,2024-04-01,3,CENTRAL
MED-0096,2024-05-01,11,EAST
MED-0096,2024-06-01,0,EAST
MED-0096,2024-07-01,3,EAST
MED-0096,2024-08-01,11,EAST
MED-0096,2024-09-01,2,EAST
MED-0096,2024-10-01,1,EAST
MED-0096,2024-11-01,0,EAST
MED-0096,2024-12-01,5,EAST
MED-0096,2025-01-01,0,SOUTH
MED-0096,2025-02-01,2,EAST
MED-0096,2025-03-01,4,NORTH
MED-0096,2025-04-01,5,EAST
MED-0096,2025-05-01,7,NORTH
MED-0096,2025-06-01,6,WEST
MED-0096,2025-07-01,5,EAST
MED-0096,2025-08-01,4,EAST
MED-0096,2025-09-01,4,EAST
MED-0096,2025-10-01,7,EAST
MED-0096,2025-11-01,7,SOUTH
MED-0096,2025-12-01,5,EAST
MED-0097,2022-07-01,0,EAST
MED-0097,2022-08-01,0,CENTRAL
MED-0097,2022-09-01,0,CENTRAL
MED-0097,2022-10-01,0,NORTH
MED-0097,2022-11-01,0,EAST
MED-0097,2022-12-01,0,CENTRAL
MED-0097,2023-01-01,0,CENTRAL
MED-0097,2023-02-01,0,CENTRAL
MED-0097,2023-03-01,0,CENTRAL
MED-0097,2023-04-01,14,CENTRAL
MED-0097,2023-05-01,0,EAST
MED-0097,2023-06-01,0,NORTH
MED-0097,2023-07-01,0,CENTRAL
MED-0097,2023-08-01,11,CENTRAL
MED-0097,2023-09-01,0,CENTRAL
MED-0097,2023-10-01,0,SOUTH
MED-0097,2023-11-01,0,CENTRAL
MED-0097,2023-12-01,0,CENTRAL
MED-0097,2024-01-01,0,CENTRAL
MED-0097,2024-02-01,0,CENTRAL
MED-0097,2024-03-01,0,SOUTH
MED-0097,2024-04-01,30,NORTH
MED-0097,2024-05-01,0,CENTRAL
MED-0097,2024-06-01,0,CENTRAL
MED-0097,2024-07-01,6,CENTRAL
MED-0097,2024-08-01,0,CENTRAL
MED-0097,2024-09-01,0,CENTRAL
MED-0097,2024-10-01,0,CENTRAL
MED-0097,2024-11-01,0,WEST
MED-0097,2024-12-01,0,CENTRAL
MED-0097,2025-01-01,0,SOUTH
MED-0097,2025-02-01,0,CENTRAL
MED-0097,2025-03-01,3,CENTRAL
MED-0097,2025-04-01,0,NORTH
MED-0097,2025-05-01,0,CENTRAL
MED-0097,2025-06-01,0,SOUTH
MED-0097,2025-07-01,0,CENTRAL
MED-0097,2025-08-01,6,SOUTH
MED-0097,2025-09-01,0,CENTRAL
MED-0097,2025-10-01,0,CENTRAL
MED-0097,2025-11-01,0,CENTRAL
MED-0097,2025-12-01,0,CENTRAL
MED-0098,2024-07-01,0,SOUTH
MED-0098,2024-08-01,0,WEST
MED-0098,2024-09-01,0,SOUTH
MED-0098,2024-10-01,7,SOUTH
MED-0098,2024-11-01,0,SOUTH
MED-0098,2024-12-01,0,SOUTH
MED-0098,2025-01-01,0,SOUTH
MED-0098,2025-02-01,0,CENTRAL
MED-0098,2025-03-01,0,SOUTH
MED-0098,2025-04-01,3,SOUTH
MED-0098,2025-05-01,0,NORTH
MED-0098,2025-06-01,0,SOUTH
MED-0098,2025-07-01,6,SOUTH
MED-0098,2025-08-01,11,SOUTH
MED-0098,2025-09-01,0,NORTH
MED-0098,2025-10-01,0,SOUTH
MED-0098,2025-11-01,0,SOUTH
MED-0098,2025-12-01,0,CENTRAL
MED-0099,2022-07-01,7,CENTRAL
MED-0099,2022-08-01,0,CENTRAL
MED-0099,2022-09-01,7,CENTRAL
MED-0099,2022-10-01,3,CENTRAL
MED-0099,2022-11-01,4,SOUTH
MED-0099,2022-12-01,2,CENTRAL
MED-0099,2023-01-01,1,CENTRAL
MED-0099,2023-02-01,2,WEST
MED-0099,2023-03-01,11,CENTRAL
MED-0099,2023-04-01,5,CENTRAL
MED-0099,2023-05-01,7,SOUTH
MED-0099,2023-06-01,2,CENTRAL
MED-0099,2023-07-01,8,WEST
MED-0099,2023-08-01,6,CENTRAL
MED-0099,2023-09-01,1,CENTRAL
MED-0099,2023-10-01,7,CENTRAL
MED-0099,2023-11-01,3,CENTRAL
MED-0099,2023-12-01,5,CENTRAL
MED-0099,2024-01-01,6,EAST
MED-0099,2024-02-01,2,SOUTH
MED-0099,2024-03-01,3,CENTRAL
MED-0099,2024-04-01,8,CENTRAL
MED-0099,2024-05-01,5,CENTRAL
MED-0099,2024-06-01,4,EAST
MED-0099,2024-07-01,1,CENTRAL
MED-0099,2024-08-01,2,NORTH
MED-0099,2024-09-01,5,CENTRAL
MED-0099,2024-10-01,7,CENTRAL
MED-0099,2024-11-01,3,NORTH
MED-0099,2024-12-01,0,CENTRAL
MED-0099,2025-01-01,3,CENTRAL
MED-0099,2025-02-01,1,CENTRAL
MED-0099,2025-03-01,3,CENTRAL
MED-0099,2025-04-01,3,CENTRAL
MED-0099,2025-05-01,7,CENTRAL
MED-0099,2025-06-01,4,CENTRAL
MED-0099,2025-07-01,3,CENTRAL
MED-0099,2025-08-01,3,CENTRAL
MED-0099,2025-09-01,3,CENTRAL
MED-0099,2025-10-01,5,CENTRAL
MED-0099,2025-11-01,2,CENTRAL
MED-0099,2025-12-01,1,NORTH
MED-0100,2022-01-01,0,NORTH
MED-0100,2022-02-01,0,NORTH
MED-0100,2022-03-01,0,CENTRAL
MED-0100,2022-04-01,0,CENTRAL
MED-0100,2022-05-01,0,NORTH
MED-0100,2022-06-01,17,NORTH
MED-0100,2022-07-01,0,CENTRAL
MED-0100,2022-08-01,0,NORTH
MED-0100,2022-09-01,0,NORTH
MED-0100,2022-10-01,0,NORTH
MED-0100,2022-11-01,0,WEST
MED-0100,2022-12-01,0,EAST
MED-0100,2023-01-01,0,NORTH
MED-0100,2023-02-01,0,NORTH
MED-0100,2023-03-01,15,NORTH
MED-0100,2023-04-01,0,EAST
MED-0100,2023-05-01,0,NORTH
MED-0100,2023-06-01,0,SOUTH
MED-0100,2023-07-01,0,EAST
MED-0100,2023-08-01,0,WEST
MED-0100,2023-09-01,15,EAST
MED-0100,2023-10-01,18,NORTH
MED-0100,2023-11-01,0,EAST
MED-0100,2023-12-01,0,NORTH
MED-0100,2024-01-01,0,NORTH
MED-0100,2024-02-01,0,CENTRAL
MED-0100,2024-03-01,0,EAST
MED-0100,2024-04-01,0,CENTRAL
MED-0100,2024-05-01,0,NORTH
MED-0100,2024-06-01,0,NORTH
MED-0100,2024-07-01,0,NORTH
MED-0100,2024-08-01,0,NORTH
MED-0100,2024-09-01,0,NORTH
MED-0100,2024-10-01,0,CENTRAL
MED-0100,2024-11-01,0,NORTH
MED-0100,2024-12-01,0,NORTH
MED-0100,2025-01-01,0,NORTH
MED-0100,2025-02-01,0,CENTRAL
MED-0100,2025-03-01,0,NORTH
MED-0100,2025-04-01,0,NORTH
MED-0100,2025-05-01,23,NORTH
MED-0100,2025-06-01,7,EAST
MED-0100,2025-07-01,16,NORTH
MED-0100,2025-08-01,0,SOUTH
MED-0100,2025-09-01,12,NORTH
MED-0100,2025-10-01,0,NORTH
MED-0100,2025-11-01,0,WEST
MED-0100,2025-12-01,0,WEST
MED-0101,2024-01-01,16,NORTH
MED-0101,2024-02-01,0,NORTH
MED-0101,2024-03-01,0,WEST
MED-0101,2024-04-01,0,NORTH
MED-0101,2024-05-01,7,NORTH
MED-0101,2024-06-01,0,NORTH
MED-0101,2024-07-01,0,NORTH
MED-0101,2024-08-01,11,NORTH
MED-0101,2024-09-01,0,NORTH
MED-0101,2024-10-01,0,NORTH
MED-0101,2024-11-01,0,NORTH
MED-0101,2024-12-01,0,NORTH
MED-0101,2025-01-01,0,NORTH
MED-0101,2025-02-01,0,NORTH
MED-0101,2025-03-01,0,NORTH
MED-0101,2025-04-01,0,NORTH
MED-0101,2025-05-01,0,NORTH
MED-0101,2025-06-01,34,NORTH
MED-0101,2025-07-01,0,NORTH
MED-0101,2025-08-01,0,NORTH
MED-0101,2025-09-01,0,EAST
MED-0101,2025-10-01,0,NORTH
MED-0101,2025-11-01,0,EAST
MED-0101,2025-12-01,0,NORTH
MED-0102,2022-07-01,0,NORTH
MED-0102,2022-08-01,0,NORTH
MED-0102,2022-09-01,5,NORTH
MED-0102,2022-10-01,0,NORTH
MED-0102,2022-11-01,0,NORTH
MED-0102,2022-12-01,0,WEST
MED-0102,2023-01-01,1,NORTH
MED-0102,2023-02-01,1,NORTH
MED-0102,2023-03-01,0,NORTH
MED-0102,2023-04-01,4,NORTH
MED-0102,2023-05-01,0,NORTH
MED-0102,2023-06-01,0,NORTH
MED-0102,2023-07-01,0,NORTH
MED-0102,2023-08-01,0,NORTH
MED-0102,2023-09-01,0,NORTH
MED-0102,2023-10-01,8,NORTH
MED-0102,2023-11-01,0,SOUTH
MED-0102,2023-12-01,0,NORTH
MED-0102,2024-01-01,0,NORTH
MED-0102,2024-02-01,0,NORTH
MED-0102,2024-03-01,0,NORTH
MED-0102,2024-04-01,0,NORTH
MED-0102,2024-05-01,0,NORTH
MED-0102,2024-06-01,0,EAST
MED-0102,2024-07-01,4,WEST
MED-0102,2024-08-01,0,NORTH
MED-0102,2024-09-01,3,NORTH
MED-0102,2024-10-01,0,NORTH
MED-0102,2024-11-01,5,CENTRAL
MED-0102,2024-12-01,0,NORTH
MED-0102,2025-01-01,0,NORTH
MED-0102,2025-02-01,0,NORTH
MED-0102,2025-03-01,0,NORTH
MED-0102,2025-04-01,8,CENTRAL
MED-0102,2025-05-01,0,NORTH
MED-0102,2025-06-01,5,SOUTH
MED-0102,2025-07-01,0,EAST
MED-0102,2025-08-01,0,NORTH
MED-0102,2025-09-01,0,SOUTH
MED-0102,2025-10-01,0,NORTH
MED-0102,2025-11-01,4,WEST
MED-0102,2025-12-01,0,NORTH
MED-0103,2022-07-01,0,CENTRAL
MED-0103,2022-08-01,4,SOUTH
MED-0103,2022-09-01,2,WEST
MED-0103,2022-10-01,1,SOUTH
MED-0103,2022-11-01,2,SOUTH
MED-0103,2022-12-01,1,EAST
MED-0103,2023-01-01,2,SOUTH
MED-0103,2023-02-01,6,SOUTH
MED-0103,2023-03-01,1,CENTRAL
MED-0103,2023-04-01,2,NORTH
MED-0103,2023-05-01,2,SOUTH
MED-0103,2023-06-01,6,CENTRAL
MED-0103,2023-07-01,2,SOUTH
MED-0103,2023-08-01,0,NORTH
MED-0103,2023-09-01,2,SOUTH
MED-0103,2023-10-01,4,SOUTH
MED-0103,2023-11-01,1,SOUTH
MED-0103,2023-12-01,0,SOUTH
MED-0103,2024-01-01,1,SOUTH
MED-0103,2024-02-01,2,SOUTH
MED-0103,2024-03-01,1,SOUTH
MED-0103,2024-04-01,3,SOUTH
MED-0103,2024-05-01,4,SOUTH
MED-0103,2024-06-01,1,NORTH
MED-0103,2024-07-01,1,EAST
MED-0103,2024-08-01,1,SOUTH
MED-0103,2024-09-01,1,SOUTH
MED-0103,2024-10-01,0,SOUTH
MED-0103,2024-11-01,0,SOUTH
MED-0103,2024-12-01,0,SOUTH
MED-0103,2025-01-01,1,EAST
MED-0103,2025-02-01,6,WEST
MED-0103,2025-03-01,2,SOUTH
MED-0103,2025-04-01,3,EAST
MED-0103,2025-05-01,5,SOUTH
MED-0103,2025-06-01,4,SOUTH
MED-0103,2025-07-01,1,SOUTH
MED-0103,2025-08-01,2,SOUTH
MED-0103,2025-09-01,3,SOUTH
MED-0103,2025-10-01,2,SOUTH
MED-0103,2025-11-01,2,SOUTH
MED-0103,2025-12-01,2,EAST
MED-0104,2023-01-01,6,WEST
MED-0104,2023-02-01,8,WEST
MED-0104,2023-03-01,5,SOUTH
MED-0104,2023-04-01,4,WEST
MED-0104,2023-05-01,3,WEST
MED-0104,2023-06-01,5,SOUTH
MED-0104,2023-07-01,4,CENTRAL
MED-0104,2023-08-01,5,WEST
MED-0104,2023-09-01,3,WEST
MED-0104,2023-10-01,4,WEST
MED-0104,2023-11-01,5,WEST
MED-0104,2023-12-01,4,WEST
MED-0104,2024-01-01,4,WEST
MED-0104,2024-02-01,7,WEST
MED-0104,2024-03-01,6,NORTH
MED-0104,2024-04-01,2,WEST
MED-0104,2024-05-01,6,CENTRAL
MED-0104,2024-06-01,3,CENTRAL
MED-0104,2024-07-01,6,WEST
MED-0104,2024-08-01,4,WEST
MED-0104,2024-09-01,5,WEST
MED-0104,2024-10-01,3,WEST
MED-0104,2024-11-01,9,WEST
MED-0104,2024-12-01,6,WEST
MED-0104,2025-01-01,6,WEST
MED-0104,2025-02-01,4,CENTRAL
MED-0104,2025-03-01,4,WEST
MED-0104,2025-04-01,1,CENTRAL
MED-0104,2025-05-01,6,WEST
MED-0104,2025-06-01,5,WEST
MED-0104,2025-07-01,4,WEST
MED-0104,2025-08-01,0,WEST
MED-0104,2025-09-01,4,CENTRAL
MED-0104,2025-10-01,6,WEST
MED-0104,2025-11-01,7,WEST
MED-0104,2025-12-01,6,WEST
MED-0105,2022-01-01,8,SOUTH
MED-0105,2022-02-01,2,WEST
MED-0105,2022-03-01,2,SOUTH
MED-0105,2022-04-01,3,NORTH
MED-0105,2022-05-01,4,SOUTH
MED-0105,2022-06-01,1,SOUTH
MED-0105,2022-07-01,4,SOUTH
MED-0105,2022-08-01,2,SOUTH
MED-0105,2022-09-01,5,WEST
MED-0105,2022-10-01,2,SOUTH
MED-0105,2022-11-01,6,WEST
MED-0105,2022-12-01,2,SOUTH
MED-0105,2023-01-01,7,SOUTH
MED-0105,2023-02-01,2,SOUTH
MED-0105,2023-03-01,5,SOUTH
MED-0105,2023-04-01,9,SOUTH
MED-0105,2023-05-01,6,CENTRAL
MED-0105,2023-06-01,3,SOUTH
MED-0105,2023-07-01,3,NORTH
MED-0105,2023-08-01,2,SOUTH
MED-0105,2023-09-01,3,SOUTH
MED-0105,2023-10-01,1,EAST
MED-0105,2023-11-01,6,SOUTH
MED-0105,2023-12-01,2,SOUTH
MED-0105,2024-01-01,2,SOUTH
MED-0105,2024-02-01,4,EAST
MED-0105,2024-03-01,3,SOUTH
MED-0105,2024-04-01,0,SOUTH
MED-0105,2024-05-01,6,SOUTH
MED-0105,2024-06-01,8,NORTH
MED-0105,2024-07-01,2,SOUTH
MED-0105,2024-08-01,3,SOUTH
MED-0105,2024-09-01,0,SOUTH
MED-0105,2024-10-01,4,SOUTH
MED-0105,2024-11-01,4,SOUTH
MED-0105,2024-12-01,1,SOUTH
MED-0105,2025-01-01,3,SOUTH
MED-0105,2025-02-01,4,SOUTH
MED-0105,2025-03-01,11,SOUTH
MED-0105,2025-04-01,3,SOUTH
MED-0105,2025-05-01,26,SOUTH
MED-0105,2025-06-01,0,EAST
MED-0105,2025-07-01,5,SOUTH
MED-0105,2025-08-01,0,SOUTH
MED-0105,2025-09-01,1,SOUTH
MED-0105,2025-10-01,1,NORTH
MED-0105,2025-11-01,7,CENTRAL
MED-0105,2025-12-01,4,CENTRAL
MED-0106,2023-07-01,4,WEST
MED-0106,2023-08-01,1,WEST
MED-0106,2023-09-01,0,WEST
MED-0106,2023-10-01,0,WEST
MED-0106,2023-11-01,0,WEST
MED-0106,2023-12-01,0,WEST
MED-0106,2024-01-01,0,EAST
MED-0106,2024-02-01,0,SOUTH
MED-0106,2024-03-01,0,WEST
MED-0106,2024-04-01,0,WEST
MED-0106,2024-05-01,0,WEST
MED-0106,2024-06-01,0,WEST
MED-0106,2024-07-01,0,SOUTH
MED-0106,2024-08-01,0,WEST
MED-0106,2024-09-01,4,WEST
MED-0106,2024-10-01,4,NORTH
MED-0106,2024-11-01,0,WEST
MED-0106,2024-12-01,0,WEST
MED-0106,2025-01-01,0,WEST
MED-0106,2025-02-01,1,NORTH
MED-0106,2025-03-01,0,WEST
MED-0106,2025-04-01,0,WEST
MED-0106,2025-05-01,2,WEST
MED-0106,2025-06-01,5,WEST
MED-0106,2025-07-01,0,WEST
MED-0106,2025-08-01,0,WEST
MED-0106,2025-09-01,0,WEST
MED-0106,2025-10-01,4,WEST
MED-0106,2025-11-01,2,WEST
MED-0106,2025-12-01,0,WEST
MED-0107,2023-07-01,0,EAST
MED-0107,2023-08-01,0,NORTH
MED-0107,2023-09-01,0,NORTH
MED-0107,2023-10-01,0,SOUTH
MED-0107,2023-11-01,0,SOUTH
MED-0107,2023-12-01,0,SOUTH
MED-0107,2024-01-01,0,SOUTH
MED-0107,2024-02-01,0,SOUTH
MED-0107,2024-03-01,0,SOUTH
MED-0107,2024-04-01,7,CENTRAL
MED-0107,2024-05-01,0,SOUTH
MED-0107,2024-06-01,17,NORTH
MED-0107,2024-07-01,0,SOUTH
MED-0107,2024-08-01,0,CENTRAL
MED-0107,2024-09-01,12,SOUTH
MED-0107,2024-10-01,0,NORTH
MED-0107,2024-11-01,0,SOUTH
MED-0107,2024-12-01,0,SOUTH
MED-0107,2025-01-01,0,SOUTH
MED-0107,2025-02-01,0,SOUTH
MED-0107,2025-03-01,0,SOUTH
MED-0107,2025-04-01,13,EAST
MED-0107,2025-05-01,0,SOUTH
MED-0107,2025-06-01,0,SOUTH
MED-0107,2025-07-01,23,SOUTH
MED-0107,2025-08-01,6,EAST
MED-0107,2025-09-01,0,EAST
MED-0107,2025-10-01,0,SOUTH
MED-0107,2025-11-01,0,SOUTH
MED-0107,2025-12-01,12,SOUTH
MED-0108,2023-01-01,2,CENTRAL
MED-0108,2023-02-01,3,CENTRAL
MED-0108,2023-03-01,0,SOUTH
MED-0108,2023-04-01,2,CENTRAL
MED-0108,2023-05-01,1,SOUTH
MED-0108,2023-06-01,0,WEST
MED-0108,2023-07-01,3,CENTRAL
MED-0108,2023-08-01,2,CENTRAL
MED-0108,2023-09-01,4,CENTRAL
MED-0108,2023-10-01,4,CENTRAL
MED-0108,2023-11-01,4,CENTRAL
MED-0108,2023-12-01,0,EAST
MED-0108,2024-01-01,5,WEST
MED-0108,2024-02-01,2,EAST
MED-0108,2024-03-01,1,CENTRAL
MED-0108,2024-04-01,1,CENTRAL
MED-0108,2024-05-01,0,CENTRAL
MED-0108,2024-06-01,1,NORTH
MED-0108,2024-07-01,4,CENTRAL
MED-0108,2024-08-01,3,CENTRAL
MED-0108,2024-09-01,3,WEST
MED-0108,2024-10-01,3,CENTRAL
MED-0108,2024-11-01,4,CENTRAL
MED-0108,2024-12-01,1,CENTRAL
MED-0108,2025-01-01,1,WEST
MED-0108,2025-02-01,3,CENTRAL
MED-0108,2025-03-01,3,CENTRAL
MED-0108,2025-04-01,5,NORTH
MED-0108,2025-05-01,1,CENTRAL
MED-0108,2025-06-01,2,CENTRAL
MED-0108,2025-07-01,5,CENTRAL
MED-0108,2025-08-01,1,EAST
MED-0108,2025-09-01,2,CENTRAL
MED-0108,2025-10-01,2,CENTRAL
MED-0108,2025-11-01,3,SOUTH
MED-0108,2025-12-01,3,CENTRAL
MED-0109,2022-01-01,3,SOUTH
MED-0109,2022-02-01,0,SOUTH
MED-0109,2022-03-01,6,SOUTH
MED-0109,2022-04-01,6,EAST
MED-0109,2022-05-01,5,SOUTH
MED-0109,2022-06-01,7,SOUTH
MED-0109,2022-07-01,5,EAST
MED-0109,2022-08-01,8,WEST
MED-0109,2022-09-01,4,SOUTH
MED-0109,2022-10-01,7,CENTRAL
MED-0109,2022-11-01,6,SOUTH
MED-0109,2022-12-01,4,SOUTH
MED-0109,2023-01-01,0,SOUTH
MED-0109,2023-02-01,4,EAST
MED-0109,2023-03-01,7,SOUTH
MED-0109,2023-04-01,2,NORTH
MED-0109,2023-05-01,8,SOUTH
MED-0109,2023-06-01,4,SOUTH
MED-0109,2023-07-01,5,SOUTH
MED-0109,2023-08-01,4,SOUTH
MED-0109,2023-09-01,10,SOUTH
MED-0109,2023-10-01,3,WEST
MED-0109,2023-11-01,4,SOUTH
MED-0109,2023-12-01,5,SOUTH
MED-0109,2024-01-01,2,CENTRAL
MED-0109,2024-02-01,4,EAST
MED-0109,2024-03-01,2,CENTRAL
MED-0109,2024-04-01,7,SOUTH
MED-0109,2024-05-01,6,SOUTH
MED-0109,2024-06-01,0,SOUTH
MED-0109,2024-07-01,5,EAST
MED-0109,2024-08-01,1,SOUTH
MED-0109,2024-09-01,0,SOUTH
MED-0109,2024-10-01,7,SOUTH
MED-0109,2024-11-01,6,NORTH
MED-0109,2024-12-01,7,SOUTH
MED-0109,2025-01-01,2,EAST
MED-0109,2025-02-01,9,SOUTH
MED-0109,2025-03-01,4,WEST
MED-0109,2025-04-01,0,SOUTH
MED-0109,2025-05-01,2,CENTRAL
MED-0109,2025-06-01,11,SOUTH
MED-0109,2025-07-01,5,SOUTH
MED-0109,2025-08-01,4,WEST
MED-0109,2025-09-01,1,SOUTH
MED-0109,2025-10-01,9,WEST
MED-0109,2025-11-01,5,SOUTH
MED-0109,2025-12-01,4,SOUTH
MED-0110,2022-01-01,0,EAST
MED-0110,2022-02-01,0,SOUTH
MED-0110,2022-03-01,0,EAST
MED-0110,2022-04-01,9,WEST
MED-0110,2022-05-01,0,EAST
MED-0110,2022-06-01,0,EAST
MED-0110,2022-07-01,0,EAST
MED-0110,2022-08-01,0,EAST
MED-0110,2022-09-01,0,CENTRAL
MED-0110,2022-10-01,0,EAST
MED-0110,2022-11-01,0,EAST
MED-0110,2022-12-01,0,EAST
MED-0110,2023-01-01,0,EAST
MED-0110,2023-02-01,0,EAST
MED-0110,2023-03-01,0,EAST
MED-0110,2023-04-01,14,EAST
MED-0110,2023-05-01,0,SOUTH
MED-0110,2023-06-01,9,WEST
MED-0110,2023-07-01,7,EAST
MED-0110,2023-08-01,0,EAST
MED-0110,2023-09-01,0,EAST
MED-0110,2023-10-01,0,NORTH
MED-0110,2023-11-01,0,EAST
MED-0110,2023-12-01,12,SOUTH
MED-0110,2024-01-01,0,EAST
MED-0110,2024-02-01,0,WEST
MED-0110,2024-03-01,0,EAST
MED-0110,2024-04-01,0,WEST
MED-0110,2024-05-01,0,EAST
MED-0110,2024-06-01,0,EAST
MED-0110,2024-07-01,6,EAST
MED-0110,2024-08-01,0,NORTH
MED-0110,2024-09-01,0,EAST
MED-0110,2024-10-01,0,EAST
MED-0110,2024-11-01,0,EAST
MED-0110,2024-12-01,0,EAST
MED-0110,2025-01-01,0,EAST
MED-0110,2025-02-01,0,EAST
MED-0110,2025-03-01,45,EAST
MED-0110,2025-04-01,7,WEST
MED-0110,2025-05-01,0,EAST
MED-0110,2025-06-01,0,EAST
MED-0110,2025-07-01,0,EAST
MED-0110,2025-08-01,0,EAST
MED-0110,2025-09-01,0,WEST
MED-0110,2025-10-01,59,WEST
MED-0110,2025-11-01,11,EAST
MED-0110,2025-12-01,30,EAST
MED-0111,2022-01-01,4,SOUTH
MED-0111,2022-02-01,1,SOUTH
MED-0111,2022-03-01,1,EAST
MED-0111,2022-04-01,0,SOUTH
MED-0111,2022-05-01,2,SOUTH
MED-0111,2022-06-01,6,SOUTH
MED-0111,2022-07-01,0,SOUTH
MED-0111,2022-08-01,0,SOUTH
MED-0111,2022-09-01,4,SOUTH
MED-0111,2022-10-01,1,SOUTH
MED-0111,2022-11-01,0,NORTH
MED-0111,2022-12-01,5,SOUTH
MED-0111,2023-01-01,5,SOUTH
MED-0111,2023-02-01,0,SOUTH
MED-0111,2023-03-01,5,EAST
MED-0111,2023-04-01,1,SOUTH
MED-0111,2023-05-01,0,SOUTH
MED-0111,2023-06-01,1,SOUTH
MED-0111,2023-07-01,3,SOUTH
MED-0111,2023-08-01,3,CENTRAL
MED-0111,2023-09-01,1,SOUTH
MED-0111,2023-10-01,2,SOUTH
MED-0111,2023-11-01,3,SOUTH
MED-0111,2023-12-01,6,EAST
MED-0111,2024-01-01,5,SOUTH
MED-0111,2024-02-01,7,SOUTH
MED-0111,2024-03-01,3,WEST
MED-0111,2024-04-01,1,CENTRAL
MED-0111,2024-05-01,2,SOUTH
MED-0111,2024-06-01,1,WEST
MED-0111,2024-07-01,1,EAST
MED-0111,2024-08-01,7,WEST
MED-0111,2024-09-01,3,SOUTH
MED-0111,2024-10-01,4,NORTH
MED-0111,2024-11-01,5,SOUTH
MED-0111,2024-12-01,1,SOUTH
MED-0111,2025-01-01,0,SOUTH
MED-0111,2025-02-01,2,SOUTH
MED-0111,2025-03-01,1,CENTRAL
MED-0111,2025-04-01,0,SOUTH
MED-0111,2025-05-01,3,SOUTH
MED-0111,2025-06-01,1,SOUTH
MED-0111,2025-07-01,1,SOUTH
MED-0111,2025-08-01,0,SOUTH
MED-0111,2025-09-01,0,SOUTH
MED-0111,2025-10-01,2,SOUTH
MED-0111,2025-11-01,4,NORTH
MED-0111,2025-12-01,0,CENTRAL
MED-0112,2022-07-01,6,CENTRAL
MED-0112,2022-08-01,3,EAST
MED-0112,2022-09-01,10,CENTRAL
MED-0112,2022-10-01,0,SOUTH
MED-0112,2022-11-01,0,CENTRAL
MED-0112,2022-12-01,5,CENTRAL
MED-0112,2023-01-01,0,CENTRAL
MED-0112,2023-02-01,8,CENTRAL
MED-0112,2023-03-01,0,CENTRAL
MED-0112,2023-04-01,0,CENTRAL
MED-0112,2023-05-01,0,CENTRAL
MED-0112,2023-06-01,0,CENTRAL
MED-0112,2023-07-01,0,SOUTH
MED-0112,2023-08-01,0,WEST
MED-0112,2023-09-01,0,CENTRAL
MED-0112,2023-10-01,4,CENTRAL
MED-0112,2023-11-01,0,CENTRAL
MED-0112,2023-12-01,0,CENTRAL
MED-0112,2024-01-01,0,EAST
MED-0112,2024-02-01,5,NORTH
MED-0112,2024-03-01,0,CENTRAL
MED-0112,2024-04-01,2,CENTRAL
MED-0112,2024-05-01,6,CENTRAL
MED-0112,2024-06-01,0,SOUTH
MED-0112,2024-07-01,0,SOUTH
MED-0112,2024-08-01,0,CENTRAL
MED-0112,2024-09-01,7,CENTRAL
MED-0112,2024-10-01,0,CENTRAL
MED-0112,2024-11-01,0,CENTRAL
MED-0112,2024-12-01,3,CENTRAL
MED-0112,2025-01-01,0,CENTRAL
MED-0112,2025-02-01,0,CENTRAL
MED-0112,2025-03-01,5,NORTH
MED-0112,2025-04-01,3,EAST
MED-0112,2025-05-01,0,CENTRAL
MED-0112,2025-06-01,0,WEST
MED-0112,2025-07-01,0,CENTRAL
MED-0112,2025-08-01,0,CENTRAL
MED-0112,2025-09-01,0,CENTRAL
MED-0112,2025-10-01,0,CENTRAL
MED-0112,2025-11-01,3,WEST
MED-0112,2025-12-01,0,CENTRAL
MED-0113,2022-01-01,6,SOUTH
MED-0113,2022-02-01,4,EAST
MED-0113,2022-03-01,6,SOUTH
MED-0113,2022-04-01,6,SOUTH
MED-0113,2022-05-01,4,SOUTH
MED-0113,2022-06-01,8,SOUTH
MED-0113,2022-07-01,4,SOUTH
MED-0113,2022-08-01,4,SOUTH
MED-0113,2022-09-01,4,SOUTH
MED-0113,2022-10-01,5,SOUTH
MED-0113,2022-11-01,1,NORTH
MED-0113,2022-12-01,2,WEST
MED-0113,2023-01-01,0,SOUTH
MED-0113,2023-02-01,3,SOUTH
MED-0113,2023-03-01,5,NORTH
MED-0113,2023-04-01,4,CENTRAL
MED-0113,2023-05-01,7,SOUTH
MED-0113,2023-06-01,5,EAST
MED-0113,2023-07-01,2,CENTRAL
MED-0113,2023-08-01,2,SOUTH
MED-0113,2023-09-01,2,SOUTH
MED-0113,2023-10-01,2,CENTRAL
MED-0113,2023-11-01,4,WEST
MED-0113,2023-12-01,3,SOUTH
MED-0113,2024-01-01,1,SOUTH
MED-0113,2024-02-01,2,SOUTH
MED-0113,2024-03-01,3,SOUTH
MED-0113,2024-04-01,3,SOUTH
MED-0113,2024-05-01,2,EAST
MED-0113,2024-06-01,5,SOUTH
MED-0113,2024-07-01,5,SOUTH
MED-0113,2024-08-01,3,SOUTH
MED-0113,2024-09-01,3,SOUTH
MED-0113,2024-10-01,5,WEST
MED-0113,2024-11-01,1,EAST
MED-0113,2024-12-01,5,WEST
MED-0113,2025-01-01,6,WEST
MED-0113,2025-02-01,7,EAST
MED-0113,2025-03-01,4,SOUTH
MED-0113,2025-04-01,4,SOUTH
MED-0113,2025-05-01,6,SOUTH
MED-0113,2025-06-01,2,NORTH
MED-0113,2025-07-01,2,SOUTH
MED-0113,2025-08-01,3,NORTH
MED-0113,2025-09-01,2,SOUTH
MED-0113,2025-10-01,2,SOUTH
MED-0113,2025-11-01,1,SOUTH
MED-0113,2025-12-01,3,WEST
MED-0114,2023-01-01,5,SOUTH
MED-0114,2023-02-01,0,NORTH
MED-0114,2023-03-01,0,EAST
MED-0114,2023-04-01,0,SOUTH
MED-0114,2023-05-01,13,SOUTH
MED-0114,2023-06-01,0,EAST
MED-0114,2023-07-01,0,SOUTH
MED-0114,2023-08-01,0,EAST
MED-0114,2023-09-01,0,SOUTH
MED-0114,2023-10-01,0,SOUTH
MED-0114,2023-11-01,0,SOUTH
MED-0114,2023-12-01,0,SOUTH
MED-0114,2024-01-01,34,SOUTH
MED-0114,2024-02-01,0,SOUTH
MED-0114,2024-03-01,0,WEST
MED-0114,2024-04-01,0,SOUTH
MED-0114,2024-05-01,0,CENTRAL
MED-0114,2024-06-01,0,SOUTH
MED-0114,2024-07-01,0,SOUTH
MED-0114,2024-08-01,0,SOUTH
MED-0114,2024-09-01,0,SOUTH
MED-0114,2024-10-01,0,SOUTH
MED-0114,2024-11-01,0,EAST
MED-0114,2024-12-01,0,SOUTH
MED-0114,2025-01-01,5,SOUTH
MED-0114,2025-02-01,0,WEST
MED-0114,2025-03-01,0,SOUTH
MED-0114,2025-04-01,0,SOUTH
MED-0114,2025-05-01,0,SOUTH
MED-0114,2025-06-01,0,SOUTH
MED-0114,2025-07-01,0,EAST
MED-0114,2025-08-01,0,SOUTH
MED-0114,2025-09-01,0,CENTRAL
MED-0114,2025-10-01,0,SOUTH
MED-0114,2025-11-01,0,SOUTH
MED-0114,2025-12-01,0,SOUTH
MED-0115,2022-07-01,10,NORTH
MED-0115,2022-08-01,3,CENTRAL
MED-0115,2022-09-01,1,CENTRAL
MED-0115,2022-10-01,15,WEST
MED-0115,2022-11-01,2,CENTRAL
MED-0115,2022-12-01,5,CENTRAL
MED-0115,2023-01-01,7,CENTRAL
MED-0115,2023-02-01,3,EAST
MED-0115,2023-03-01,4,CENTRAL
MED-0115,2023-04-01,0,CENTRAL
MED-0115,2023-05-01,0,CENTRAL
MED-0115,2023-06-01,2,CENTRAL
MED-0115,2023-07-01,0,CENTRAL
MED-0115,2023-08-01,0,CENTRAL
MED-0115,2023-09-01,0,CENTRAL
MED-0115,2023-10-01,2,CENTRAL
MED-0115,2023-11-01,0,CENTRAL
MED-0115,2023-12-01,3,CENTRAL
MED-0115,2024-01-01,1,CENTRAL
MED-0115,2024-02-01,3,CENTRAL
MED-0115,2024-03-01,3,CENTRAL
MED-0115,2024-04-01,9,CENTRAL
MED-0115,2024-05-01,6,EAST
MED-0115,2024-06-01,1,CENTRAL
MED-0115,2024-07-01,9,CENTRAL
MED-0115,2024-08-01,0,CENTRAL
MED-0115,2024-09-01,4,CENTRAL
MED-0115,2024-10-01,2,CENTRAL
MED-0115,2024-11-01,2,CENTRAL
MED-0115,2024-12-01,5,CENTRAL
MED-0115,2025-01-01,14,CENTRAL
MED-0115,2025-02-01,3,CENTRAL
MED-0115,2025-03-01,3,CENTRAL
MED-0115,2025-04-01,2,CENTRAL
MED-0115,2025-05-01,8,WEST
MED-0115,2025-06-01,1,SOUTH
MED-0115,2025-07-01,3,CENTRAL
MED-0115,2025-08-01,6,WEST
MED-0115,2025-09-01,2,CENTRAL
MED-0115,2025-10-01,0,WEST
MED-0115,2025-11-01,4,CENTRAL
MED-0115,2025-12-01,2,CENTRAL
MED-0116,2024-07-01,10,CENTRAL
MED-0116,2024-08-01,0,WEST
MED-0116,2024-09-01,0,CENTRAL
MED-0116,2024-10-01,0,EAST
MED-0116,2024-11-01,0,CENTRAL
MED-0116,2024-12-01,0,CENTRAL
MED-0116,2025-01-01,0,CENTRAL
MED-0116,2025-02-01,0,WEST
MED-0116,2025-03-01,0,NORTH
MED-0116,2025-04-01,50,CENTRAL
MED-0116,2025-05-01,0,CENTRAL
MED-0116,2025-06-01,0,EAST
MED-0116,2025-07-01,0,WEST
MED-0116,2025-08-01,13,CENTRAL
MED-0116,2025-09-01,0,SOUTH
MED-0116,2025-10-01,0,CENTRAL
MED-0116,2025-11-01,0,CENTRAL
MED-0116,2025-12-01,0,NORTH
MED-0117,2022-01-01,2,EAST
MED-0117,2022-02-01,5,CENTRAL
MED-0117,2022-03-01,3,EAST
MED-0117,2022-04-01,5,EAST
MED-0117,2022-05-01,5,CENTRAL
MED-0117,2022-06-01,8,EAST
MED-0117,2022-07-01,6,EAST
MED-0117,2022-08-01,4,EAST
MED-0117,2022-09-01,4,EAST
MED-0117,2022-10-01,6,EAST
MED-0117,2022-11-01,3,EAST
MED-0117,2022-12-01,3,EAST
MED-0117,2023-01-01,6,EAST
MED-0117,2023-02-01,4,EAST
MED-0117,2023-03-01,4,SOUTH
MED-0117,2023-04-01,0,EAST
MED-0117,2023-05-01,0,EAST
MED-0117,2023-06-01,4,WEST
MED-0117,2023-07-01,3,WEST
MED-0117,2023-08-01,2,EAST
MED-0117,2023-09-01,2,NORTH
MED-0117,2023-10-01,3,WEST
MED-0117,2023-11-01,1,EAST
MED-0117,2023-12-01,2,EAST
MED-0117,2024-01-01,2,NORTH
MED-0117,2024-02-01,5,EAST
MED-0117,2024-03-01,6,WEST
MED-0117,2024-04-01,1,EAST
MED-0117,2024-05-01,6,EAST
MED-0117,2024-06-01,2,EAST
MED-0117,2024-07-01,2,NORTH
MED-0117,2024-08-01,5,EAST
MED-0117,2024-09-01,3,EAST
MED-0117,2024-10-01,3,SOUTH
MED-0117,2024-11-01,1,EAST
MED-0117,2024-12-01,2,EAST
MED-0117,2025-01-01,3,NORTH
MED-0117,2025-02-01,0,EAST
MED-0117,2025-03-01,5,EAST
MED-0117,2025-04-01,6,SOUTH
MED-0117,2025-05-01,4,EAST
MED-0117,2025-06-01,4,EAST
MED-0117,2025-07-01,5,EAST
MED-0117,2025-08-01,5,EAST
MED-0117,2025-09-01,4,EAST
MED-0117,2025-10-01,4,SOUTH
MED-0117,2025-11-01,5,WEST
MED-0117,2025-12-01,1,EAST
MED-0118,2022-01-01,2,EAST
MED-0118,2022-02-01,0,EAST
MED-0118,2022-03-01,0,EAST
MED-0118,2022-04-01,3,EAST
MED-0118,2022-05-01,0,EAST
MED-0118,2022-06-01,4,EAST
MED-0118,2022-07-01,0,EAST
MED-0118,2022-08-01,2,EAST
MED-0118,2022-09-01,0,EAST
MED-0118,2022-10-01,0,EAST
MED-0118,2022-11-01,0,EAST
MED-0118,2022-12-01,0,EAST
MED-0118,2023-01-01,0,EAST
MED-0118,2023-02-01,0,EAST
MED-0118,2023-03-01,3,EAST
MED-0118,2023-04-01,0,EAST
MED-0118,2023-05-01,0,SOUTH
MED-0118,2023-06-01,5,EAST
MED-0118,2023-07-01,4,CENTRAL
MED-0118,2023-08-01,0,EAST
MED-0118,2023-09-01,3,EAST
MED-0118,2023-10-01,0,EAST
MED-0118,2023-11-01,0,SOUTH
MED-0118,2023-12-01,0,SOUTH
MED-0118,2024-01-01,4,EAST
MED-0118,2024-02-01,0,EAST
MED-0118,2024-03-01,0,EAST
MED-0118,2024-04-01,0,EAST
MED-0118,2024-05-01,0,EAST
MED-0118,2024-06-01,0,WEST
MED-0118,2024-07-01,0,EAST
MED-0118,2024-08-01,8,EAST
MED-0118,2024-09-01,0,EAST
MED-0118,2024-10-01,0,EAST
MED-0118,2024-11-01,0,EAST
MED-0118,2024-12-01,0,EAST
MED-0118,2025-01-01,2,EAST
MED-0118,2025-02-01,0,SOUTH
MED-0118,2025-03-01,0,EAST
MED-0118,2025-04-01,0,EAST
MED-0118,2025-05-01,0,EAST
MED-0118,2025-06-01,0,EAST
MED-0118,2025-07-01,0,WEST
MED-0118,2025-08-01,0,EAST
MED-0118,2025-09-01,0,SOUTH
MED-0118,2025-10-01,5,EAST
MED-0118,2025-11-01,0,EAST
MED-0118,2025-12-01,0,EAST
MED-0119,2024-07-01,0,EAST
MED-0119,2024-08-01,0,NORTH
MED-0119,2024-09-01,0,NORTH
MED-0119,2024-10-01,0,NORTH
MED-0119,2024-11-01,0,NORTH
MED-0119,2024-12-01,0,EAST
MED-0119,2025-01-01,11,NORTH
MED-0119,2025-02-01,0,NORTH
MED-0119,2025-03-01,0,WEST
MED-0119,2025-04-01,0,WEST
MED-0119,2025-05-01,0,CENTRAL
MED-0119,2025-06-01,0,NORTH
MED-0119,2025-07-01,0,NORTH
MED-0119,2025-08-01,0,NORTH
MED-0119,2025-09-01,0,NORTH
MED-0119,2025-10-01,0,NORTH
MED-0119,2025-11-01,0,SOUTH
MED-0119,2025-12-01,0,SOUTH
MED-0120,2022-01-01,2,EAST
MED-0120,2022-02-01,0,NORTH
MED-0120,2022-03-01,2,WEST
MED-0120,2022-04-01,3,WEST
MED-0120,2022-05-01,0,WEST
MED-0120,2022-06-01,0,NORTH
MED-0120,2022-07-01,0,WEST
MED-0120,2022-08-01,0,WEST
MED-0120,2022-09-01,0,NORTH
MED-0120,2022-10-01,0,CENTRAL
MED-0120,2022-11-01,0,WEST
MED-0120,2022-12-01,7,WEST
MED-0120,2023-01-01,3,NORTH
MED-0120,2023-02-01,0,WEST
MED-0120,2023-03-01,0,WEST
MED-0120,2023-04-01,3,WEST
MED-0120,2023-05-01,0,NORTH
MED-0120,2023-06-01,9,WEST
MED-0120,2023-07-01,7,WEST
MED-0120,2023-08-01,0,WEST
MED-0120,2023-09-01,0,WEST
MED-0120,2023-10-01,0,CENTRAL
MED-0120,2023-11-01,0,WEST
MED-0120,2023-12-01,0,WEST
MED-0120,2024-01-01,0,WEST
MED-0120,2024-02-01,4,WEST
MED-0120,2024-03-01,0,WEST
MED-0120,2024-04-01,0,SOUTH
MED-0120,2024-05-01,0,WEST
MED-0120,2024-06-01,0,WEST
MED-0120,2024-07-01,3,WEST
MED-0120,2024-08-01,0,WEST
MED-0120,2024-09-01,0,WEST
MED-0120,2024-10-01,0,WEST
MED-0120,2024-11-01,0,WEST
MED-0120,2024-12-01,5,WEST
MED-0120,2025-01-01,0,WEST
MED-0120,2025-02-01,0,SOUTH
MED-0120,2025-03-01,3,WEST
MED-0120,2025-04-01,0,NORTH
MED-0120,2025-05-01,8,WEST
MED-0120,2025-06-01,0,WEST
MED-0120,2025-07-01,2,WEST
MED-0120,2025-08-01,0,WEST
MED-0120,2025-09-01,0,EAST
MED-0120,2025-10-01,1,WEST
MED-0120,2025-11-01,0,CENTRAL
MED-0120,2025-12-01,4,NORTH
MED-0121,2024-07-01,7,SOUTH
MED-0121,2024-08-01,1,SOUTH
MED-0121,2024-09-01,10,SOUTH
MED-0121,2024-10-01,3,SOUTH
MED-0121,2024-11-01,2,SOUTH
MED-0121,2024-12-01,1,SOUTH
MED-0121,2025-01-01,6,SOUTH
MED-0121,2025-02-01,3,SOUTH
MED-0121,2025-03-01,3,SOUTH
MED-0121,2025-04-01,8,CENTRAL
MED-0121,2025-05-01,4,NORTH
MED-0121,2025-06-01,3,NORTH
MED-0121,2025-07-01,5,SOUTH
MED-0121,2025-08-01,0,CENTRAL
MED-0121,2025-09-01,2,SOUTH
MED-0121,2025-10-01,5,SOUTH
MED-0121,2025-11-01,3,SOUTH
MED-0121,2025-12-01,6,WEST
MED-0122,2022-01-01,0,EAST
MED-0122,2022-02-01,0,NORTH
MED-0122,2022-03-01,0,NORTH
MED-0122,2022-04-01,0,SOUTH
MED-0122,2022-05-01,0,EAST
MED-0122,2022-06-01,5,EAST
MED-0122,2022-07-01,0,SOUTH
MED-0122,2022-08-01,0,EAST
MED-0122,2022-09-01,0,NORTH
MED-0122,2022-10-01,0,EAST
MED-0122,2022-11-01,2,EAST
MED-0122,2022-12-01,5,WEST
MED-0122,2023-01-01,0,WEST
MED-0122,2023-02-01,0,EAST
MED-0122,2023-03-01,0,NORTH
MED-0122,2023-04-01,0,EAST
MED-0122,2023-05-01,9,WEST
MED-0122,2023-06-01,0,EAST
MED-0122,2023-07-01,0,EAST
MED-0122,2023-08-01,0,SOUTH
MED-0122,2023-09-01,6,NORTH
MED-0122,2023-10-01,0,NORTH
MED-0122,2023-11-01,0,EAST
MED-0122,2023-12-01,0,CENTRAL
MED-0122,2024-01-01,0,EAST
MED-0122,2024-02-01,14,EAST
MED-0122,2024-03-01,3,EAST
MED-0122,2024-04-01,0,SOUTH
MED-0122,2024-05-01,0,WEST
MED-0122,2024-06-01,0,EAST
MED-0122,2024-07-01,9,EAST
MED-0122,2024-08-01,0,EAST
MED-0122,2024-09-01,5,EAST
MED-0122,2024-10-01,0,EAST
MED-0122,2024-11-01,0,EAST
MED-0122,2024-12-01,0,CENTRAL
MED-0122,2025-01-01,3,CENTRAL
MED-0122,2025-02-01,0,SOUTH
MED-0122,2025-03-01,3,EAST
MED-0122,2025-04-01,0,CENTRAL
MED-0122,2025-05-01,0,SOUTH
MED-0122,2025-06-01,0,EAST
MED-0122,2025-07-01,0,EAST
MED-0122,2025-08-01,7,EAST
MED-0122,2025-09-01,5,EAST
MED-0122,2025-10-01,0,EAST
MED-0122,2025-11-01,0,EAST
MED-0122,2025-12-01,0,EAST
MED-0123,2022-01-01,4,EAST
MED-0123,2022-02-01,5,NORTH
MED-0123,2022-03-01,5,NORTH
MED-0123,2022-04-01,7,NORTH
MED-0123,2022-05-01,2,NORTH
MED-0123,2022-06-01,4,SOUTH
MED-0123,2022-07-01,0,NORTH
MED-0123,2022-08-01,9,NORTH
MED-0123,2022-09-01,7,WEST
MED-0123,2022-10-01,0,NORTH
MED-0123,2022-11-01,4,SOUTH
MED-0123,2022-12-01,7,NORTH
MED-0123,2023-01-01,7,WEST
MED-0123,2023-02-01,1,NORTH
MED-0123,2023-03-01,5,CENTRAL
MED-0123,2023-04-01,3,NORTH
MED-0123,2023-05-01,10,NORTH
MED-0123,2023-06-01,6,NORTH
MED-0123,2023-07-01,20,NORTH
MED-0123,2023-08-01,3,NORTH
MED-0123,2023-09-01,9,NORTH
MED-0123,2023-10-01,6,EAST
MED-0123,2023-11-01,10,WEST
MED-0123,2023-12-01,6,EAST
MED-0123,2024-01-01,8,NORTH
MED-0123,2024-02-01,3,WEST
MED-0123,2024-03-01,3,NORTH
MED-0123,2024-04-01,7,SOUTH
MED-0123,2024-05-01,13,SOUTH
MED-0123,2024-06-01,28,CENTRAL
MED-0123,2024-07-01,21,SOUTH
MED-0123,2024-08-01,15,NORTH
MED-0123,2024-09-01,6,NORTH
MED-0123,2024-10-01,4,NORTH
MED-0123,2024-11-01,6,WEST
MED-0123,2024-12-01,0,NORTH
MED-0123,2025-01-01,6,EAST
MED-0123,2025-02-01,1,NORTH
MED-0123,2025-03-01,7,NORTH
MED-0123,2025-04-01,7,NORTH
MED-0123,2025-05-01,4,NORTH
MED-0123,2025-06-01,3,SOUTH
MED-0123,2025-07-01,4,NORTH
MED-0123,2025-08-01,0,NORTH
MED-0123,2025-09-01,10,CENTRAL
MED-0123,2025-10-01,4,NORTH
MED-0123,2025-11-01,6,NORTH
MED-0123,2025-12-01,0,CENTRAL
MED-0124,2022-01-01,6,WEST
MED-0124,2022-02-01,7,WEST
MED-0124,2022-03-01,6,WEST
MED-0124,2022-04-01,5,WEST
MED-0124,2022-05-01,2,WEST
MED-0124,2022-06-01,3,WEST
MED-0124,2022-07-01,4,WEST
MED-0124,2022-08-01,1,WEST
MED-0124,2022-09-01,1,WEST
MED-0124,2022-10-01,4,WEST
MED-0124,2022-11-01,8,SOUTH
MED-0124,2022-12-01,8,WEST
MED-0124,2023-01-01,6,WEST
MED-0124,2023-02-01,5,WEST
MED-0124,2023-03-01,5,WEST
MED-0124,2023-04-01,4,CENTRAL
MED-0124,2023-05-01,2,WEST
MED-0124,2023-06-01,5,WEST
MED-0124,2023-07-01,4,WEST
MED-0124,2023-08-01,4,WEST
MED-0124,2023-09-01,4,WEST
MED-0124,2023-10-01,5,CENTRAL
MED-0124,2023-11-01,0,NORTH
MED-0124,2023-12-01,4,WEST
MED-0124,2024-01-01,11,WEST
MED-0124,2024-02-01,0,WEST
MED-0124,2024-03-01,4,WEST
MED-0124,2024-04-01,4,WEST
MED-0124,2024-05-01,2,WEST
MED-0124,2024-06-01,4,WEST
MED-0124,2024-07-01,4,CENTRAL
MED-0124,2024-08-01,10,WEST
MED-0124,2024-09-01,3,EAST
MED-0124,2024-10-01,4,WEST
MED-0124,2024-11-01,0,WEST
MED-0124,2024-12-01,0,EAST
MED-0124,2025-01-01,6,WEST
MED-0124,2025-02-01,6,WEST
MED-0124,2025-03-01,7,EAST
MED-0124,2025-04-01,7,WEST
MED-0124,2025-05-01,4,WEST
MED-0124,2025-06-01,0,EAST
MED-0124,2025-07-01,3,WEST
MED-0124,2025-08-01,11,WEST
MED-0124,2025-09-01,3,SOUTH
MED-0124,2025-10-01,0,WEST
MED-0124,2025-11-01,8,WEST
MED-0124,2025-12-01,4,WEST
MED-0125,2022-01-01,4,CENTRAL
MED-0125,2022-02-01,9,NORTH
MED-0125,2022-03-01,11,CENTRAL
MED-0125,2022-04-01,3,NORTH
MED-0125,2022-05-01,6,CENTRAL
MED-0125,2022-06-01,4,CENTRAL
MED-0125,2022-07-01,6,CENTRAL
MED-0125,2022-08-01,8,EAST
MED-0125,2022-09-01,8,CENTRAL
MED-0125,2022-10-01,14,CENTRAL
MED-0125,2022-11-01,1,CENTRAL
MED-0125,2022-12-01,11,CENTRAL
MED-0125,2023-01-01,17,CENTRAL
MED-0125,2023-02-01,8,NORTH
MED-0125,2023-03-01,10,NORTH
MED-0125,2023-04-01,13,CENTRAL
MED-0125,2023-05-01,4,NORTH
MED-0125,2023-06-01,3,CENTRAL
MED-0125,2023-07-01,18,CENTRAL
MED-0125,2023-08-01,7,CENTRAL
MED-0125,2023-09-01,6,CENTRAL
MED-0125,2023-10-01,9,CENTRAL
MED-0125,2023-11-01,0,CENTRAL
MED-0125,2023-12-01,12,CENTRAL
MED-0125,2024-01-01,12,CENTRAL
MED-0125,2024-02-01,5,CENTRAL
MED-0125,2024-03-01,4,CENTRAL
MED-0125,2024-04-01,4,CENTRAL
MED-0125,2024-05-01,10,CENTRAL
MED-0125,2024-06-01,6,SOUTH
MED-0125,2024-07-01,2,CENTRAL
MED-0125,2024-08-01,11,CENTRAL
MED-0125,2024-09-01,6,CENTRAL
MED-0125,2024-10-01,14,NORTH
MED-0125,2024-11-01,7,CENTRAL
MED-0125,2024-12-01,4,SOUTH
MED-0125,2025-01-01,12,CENTRAL
MED-0125,2025-02-01,12,CENTRAL
MED-0125,2025-03-01,11,CENTRAL
MED-0125,2025-04-01,6,CENTRAL
MED-0125,2025-05-01,5,CENTRAL
MED-0125,2025-06-01,2,CENTRAL
MED-0125,2025-07-01,2,CENTRAL
MED-0125,2025-08-01,1,CENTRAL
MED-0125,2025-09-01,3,CENTRAL
MED-0125,2025-10-01,5,EAST
MED-0125,2025-11-01,9,CENTRAL
MED-0125,2025-12-01,10,CENTRAL
MED-0126,2023-07-01,2,NORTH
MED-0126,2023-08-01,2,WEST
MED-0126,2023-09-01,4,WEST
MED-0126,2023-10-01,3,WEST
MED-0126,2023-11-01,0,WEST
MED-0126,2023-12-01,4,WEST
MED-0126,2024-01-01,7,WEST
MED-0126,2024-02-01,7,WEST
MED-0126,2024-03-01,5,WEST
MED-0126,2024-04-01,3,WEST
MED-0126,2024-05-01,6,NORTH
MED-0126,2024-06-01,4,WEST
MED-0126,2024-07-01,4,WEST
MED-0126,2024-08-01,3,WEST
MED-0126,2024-09-01,4,WEST
MED-0126,2024-10-01,3,WEST
MED-0126,2024-11-01,5,EAST
MED-0126,2024-12-01,4,WEST
MED-0126,2025-01-01,2,WEST
MED-0126,2025-02-01,1,EAST
MED-0126,2025-03-01,7,EAST
MED-0126,2025-04-01,4,WEST
MED-0126,2025-05-01,8,WEST
MED-0126,2025-06-01,3,CENTRAL
MED-0126,2025-07-01,4,WEST
MED-0126,2025-08-01,3,WEST
MED-0126,2025-09-01,4,CENTRAL
MED-0126,2025-10-01,9,WEST
MED-0126,2025-11-01,2,NORTH
MED-0126,2025-12-01,3,SOUTH
MED-0127,2022-01-01,2,NORTH
MED-0127,2022-02-01,9,NORTH
MED-0127,2022-03-01,1,NORTH
MED-0127,2022-04-01,1,NORTH
MED-0127,2022-05-01,7,EAST
MED-0127,2022-06-01,4,WEST
MED-0127,2022-07-01,3,NORTH
MED-0127,2022-08-01,2,NORTH
MED-0127,2022-09-01,5,NORTH
MED-0127,2022-10-01,2,NORTH
MED-0127,2022-11-01,2,NORTH
MED-0127,2022-12-01,1,CENTRAL
MED-0127,2023-01-01,3,NORTH
MED-0127,2023-02-01,0,NORTH
MED-0127,2023-03-01,7,NORTH
MED-0127,2023-04-01,3,NORTH
MED-0127,2023-05-01,2,NORTH
MED-0127,2023-06-01,2,CENTRAL
MED-0127,2023-07-01,4,NORTH
MED-0127,2023-08-01,3,WEST
MED-0127,2023-09-01,2,NORTH
MED-0127,2023-10-01,2,NORTH
MED-0127,2023-11-01,7,CENTRAL
MED-0127,2023-12-01,5,NORTH
MED-0127,2024-01-01,3,NORTH
MED-0127,2024-02-01,3,SOUTH
MED-0127,2024-03-01,2,EAST
MED-0127,2024-04-01,3,WEST
MED-0127,2024-05-01,1,NORTH
MED-0127,2024-06-01,4,NORTH
MED-0127,2024-07-01,0,NORTH
MED-0127,2024-08-01,8,NORTH
MED-0127,2024-09-01,3,EAST
MED-0127,2024-10-01,6,NORTH
MED-0127,2024-11-01,2,CENTRAL
MED-0127,2024-12-01,3,EAST
MED-0127,2025-01-01,0,NORTH
MED-0127,2025-02-01,1,NORTH
MED-0127,2025-03-01,1,NORTH
MED-0127,2025-04-01,5,NORTH
MED-0127,2025-05-01,1,EAST
MED-0127,2025-06-01,2,SOUTH
MED-0127,2025-07-01,3,NORTH
MED-0127,2025-08-01,1,NORTH
MED-0127,2025-09-01,4,NORTH
MED-0127,2025-10-01,5,NORTH
MED-0127,2025-11-01,2,WEST
MED-0127,2025-12-01,0,NORTH
MED-0128,2024-07-01,0,CENTRAL
MED-0128,2024-08-01,0,SOUTH
MED-0128,2024-09-01,0,SOUTH
MED-0128,2024-10-01,0,CENTRAL
MED-0128,2024-11-01,0,SOUTH
MED-0128,2024-12-01,0,SOUTH
MED-0128,2025-01-01,24,SOUTH
MED-0128,2025-02-01,14,NORTH
MED-0128,2025-03-01,0,SOUTH
MED-0128,2025-04-01,0,SOUTH
MED-0128,2025-05-01,0,EAST
MED-0128,2025-06-01,26,SOUTH
MED-0128,2025-07-01,7,SOUTH
MED-0128,2025-08-01,0,SOUTH
MED-0128,2025-09-01,0,SOUTH
MED-0128,2025-10-01,0,SOUTH
MED-0128,2025-11-01,0,SOUTH
MED-0128,2025-12-01,8,NORTH
MED-0129,2022-01-01,2,NORTH
MED-0129,2022-02-01,6,NORTH
MED-0129,2022-03-01,4,WEST
MED-0129,2022-04-01,3,NORTH
MED-0129,2022-05-01,10,SOUTH
MED-0129,2022-06-01,6,CENTRAL
MED-0129,2022-07-01,6,WEST
MED-0129,2022-08-01,4,NORTH
MED-0129,2022-09-01,4,NORTH
MED-0129,2022-10-01,6,NORTH
MED-0129,2022-11-01,6,WEST
MED-0129,2022-12-01,3,WEST
MED-0129,2023-01-01,3,NORTH
MED-0129,2023-02-01,7,EAST
MED-0129,2023-03-01,6,SOUTH
MED-0129,2023-04-01,8,NORTH
MED-0129,2023-05-01,5,CENTRAL
MED-0129,2023-06-01,4,NORTH
MED-0129,2023-07-01,10,CENTRAL
MED-0129,2023-08-01,3,NORTH
MED-0129,2023-09-01,7,SOUTH
MED-0129,2023-10-01,3,NORTH
MED-0129,2023-11-01,4,SOUTH
MED-0129,2023-12-01,7,NORTH
MED-0129,2024-01-01,2,NORTH
MED-0129,2024-02-01,4,CENTRAL
MED-0129,2024-03-01,5,NORTH
MED-0129,2024-04-01,5,NORTH
MED-0129,2024-05-01,6,NORTH
MED-0129,2024-06-01,6,NORTH
MED-0129,2024-07-01,6,NORTH
MED-0129,2024-08-01,5,NORTH
MED-0129,2024-09-01,3,NORTH
MED-0129,2024-10-01,21,NORTH
MED-0129,2024-11-01,7,CENTRAL
MED-0129,2024-12-01,4,NORTH
MED-0129,2025-01-01,5,WEST
MED-0129,2025-02-01,4,NORTH
MED-0129,2025-03-01,5,NORTH
MED-0129,2025-04-01,1,NORTH
MED-0129,2025-05-01,6,NORTH
MED-0129,2025-06-01,7,NORTH
MED-0129,2025-07-01,4,NORTH
MED-0129,2025-08-01,4,WEST
MED-0129,2025-09-01,6,NORTH
MED-0129,2025-10-01,4,NORTH
MED-0129,2025-11-01,3,NORTH
MED-0129,2025-12-01,7,SOUTH
MED-0130,2024-07-01,3,NORTH
MED-0130,2024-08-01,5,NORTH
MED-0130,2024-09-01,6,NORTH
MED-0130,2024-10-01,3,SOUTH
MED-0130,2024-11-01,3,NORTH
MED-0130,2024-12-01,6,NORTH
MED-0130,2025-01-01,4,NORTH
MED-0130,2025-02-01,4,NORTH
MED-0130,2025-03-01,4,NORTH
MED-0130,2025-04-01,7,NORTH
MED-0130,2025-05-01,6,SOUTH
MED-0130,2025-06-01,7,NORTH
MED-0130,2025-07-01,0,NORTH
MED-0130,2025-08-01,6,NORTH
MED-0130,2025-09-01,4,NORTH
MED-0130,2025-10-01,5,NORTH
MED-0130,2025-11-01,8,NORTH
MED-0130,2025-12-01,4,NORTH
MED-0131,2022-01-01,4,SOUTH
MED-0131,2022-02-01,2,CENTRAL
MED-0131,2022-03-01,6,SOUTH
MED-0131,2022-04-01,3,CENTRAL
MED-0131,2022-05-01,5,SOUTH
MED-0131,2022-06-01,1,SOUTH
MED-0131,2022-07-01,3,EAST
MED-0131,2022-08-01,7,SOUTH
MED-0131,2022-09-01,6,SOUTH
MED-0131,2022-10-01,7,NORTH
MED-0131,2022-11-01,6,CENTRAL
MED-0131,2022-12-01,6,SOUTH
MED-0131,2023-01-01,7,CENTRAL
MED-0131,2023-02-01,0,NORTH
MED-0131,2023-03-01,6,SOUTH
MED-0131,2023-04-01,6,SOUTH
MED-0131,2023-05-01,7,CENTRAL
MED-0131,2023-06-01,29,CENTRAL
MED-0131,2023-07-01,8,SOUTH
MED-0131,2023-08-01,4,CENTRAL
MED-0131,2023-09-01,6,SOUTH
MED-0131,2023-10-01,6,SOUTH
MED-0131,2023-11-01,3,SOUTH
MED-0131,2023-12-01,4,SOUTH
MED-0131,2024-01-01,3,CENTRAL
MED-0131,2024-02-01,1,SOUTH
MED-0131,2024-03-01,2,SOUTH
MED-0131,2024-04-01,2,SOUTH
MED-0131,2024-05-01,3,SOUTH
MED-0131,2024-06-01,5,SOUTH
MED-0131,2024-07-01,4,SOUTH
MED-0131,2024-08-01,10,SOUTH
MED-0131,2024-09-01,2,SOUTH
MED-0131,2024-10-01,7,NORTH
MED-0131,2024-11-01,8,WEST
MED-0131,2024-12-01,5,SOUTH
MED-0131,2025-01-01,2,SOUTH
MED-0131,2025-02-01,8,SOUTH
MED-0131,2025-03-01,6,SOUTH
MED-0131,2025-04-01,3,SOUTH
MED-0131,2025-05-01,4,CENTRAL
MED-0131,2025-06-01,5,SOUTH
MED-0131,2025-07-01,6,SOUTH
MED-0131,2025-08-01,4,NORTH
MED-0131,2025-09-01,6,WEST
MED-0131,2025-10-01,4,SOUTH
MED-0131,2025-11-01,8,SOUTH
MED-0131,2025-12-01,2,SOUTH
MED-0132,2023-07-01,0,CENTRAL
MED-0132,2023-08-01,0,EAST
MED-0132,2023-09-01,0,CENTRAL
MED-0132,2023-10-01,0,CENTRAL
MED-0132,2023-11-01,0,CENTRAL
MED-0132,2023-12-01,0,NORTH
MED-0132,2024-01-01,0,SOUTH
MED-0132,2024-02-01,0,EAST
MED-0132,2024-03-01,0,WEST
MED-0132,2024-04-01,0,CENTRAL
MED-0132,2024-05-01,0,CENTRAL
MED-0132,2024-06-01,0,EAST
MED-0132,2024-07-01,0,NORTH
MED-0132,2024-08-01,0,CENTRAL
MED-0132,2024-09-01,0,CENTRAL
MED-0132,2024-10-01,3,CENTRAL
MED-0132,2024-11-01,0,CENTRAL
MED-0132,2024-12-01,0,WEST
MED-0132,2025-01-01,0,WEST
MED-0132,2025-02-01,0,CENTRAL
MED-0132,2025-03-01,0,CENTRAL
MED-0132,2025-04-01,0,SOUTH
MED-0132,2025-05-01,0,SOUTH
MED-0132,2025-06-01,0,CENTRAL
MED-0132,2025-07-01,0,CENTRAL
MED-0132,2025-08-01,5,EAST
MED-0132,2025-09-01,0,CENTRAL
MED-0132,2025-10-01,0,CENTRAL
MED-0132,2025-11-01,0,NORTH
MED-0132,2025-12-01,0,EAST
MED-0133,2022-01-01,4,SOUTH
MED-0133,2022-02-01,5,SOUTH
MED-0133,2022-03-01,4,SOUTH
MED-0133,2022-04-01,9,SOUTH
MED-0133,2022-05-01,6,NORTH
MED-0133,2022-06-01,4,SOUTH
MED-0133,2022-07-01,8,SOUTH
MED-0133,2022-08-01,5,SOUTH
MED-0133,2022-09-01,6,SOUTH
MED-0133,2022-10-01,7,SOUTH
MED-0133,2022-11-01,3,CENTRAL
MED-0133,2022-12-01,4,SOUTH
MED-0133,2023-01-01,6,SOUTH
MED-0133,2023-02-01,9,SOUTH
MED-0133,2023-03-01,3,WEST
MED-0133,2023-04-01,6,CENTRAL
MED-0133,2023-05-01,4,WEST
MED-0133,2023-06-01,9,SOUTH
MED-0133,2023-07-01,8,SOUTH
MED-0133,2023-08-01,5,SOUTH
MED-0133,2023-09-01,7,SOUTH
MED-0133,2023-10-01,7,SOUTH
MED-0133,2023-11-01,6,NORTH
MED-0133,2023-12-01,2,SOUTH
MED-0133,2024-01-01,6,EAST
MED-0133,2024-02-01,9,SOUTH
MED-0133,2024-03-01,2,EAST
MED-0133,2024-04-01,5,SOUTH
MED-0133,2024-05-01,6,SOUTH
MED-0133,2024-06-01,9,WEST
MED-0133,2024-07-01,4,NORTH
MED-0133,2024-08-01,4,SOUTH
MED-0133,2024-09-01,7,CENTRAL
MED-0133,2024-10-01,4,EAST
MED-0133,2024-11-01,12,SOUTH
MED-0133,2024-12-01,5,SOUTH
MED-0133,2025-01-01,5,SOUTH
MED-0133,2025-02-01,3,CENTRAL
MED-0133,2025-03-01,2,SOUTH
MED-0133,2025-04-01,7,NORTH
MED-0133,2025-05-01,4,SOUTH
MED-0133,2025-06-01,5,SOUTH
MED-0133,2025-07-01,6,WEST
MED-0133,2025-08-01,7,SOUTH
MED-0133,2025-09-01,2,SOUTH
MED-0133,2025-10-01,5,SOUTH
MED-0133,2025-11-01,4,SOUTH
MED-0133,2025-12-01,8,SOUTH
MED-0134,2024-07-01,2,WEST
MED-0134,2024-08-01,0,WEST
MED-0134,2024-09-01,8,WEST
MED-0134,2024-10-01,4,WEST
MED-0134,2024-11-01,7,WEST
MED-0134,2024-12-01,1,WEST
MED-0134,2025-01-01,1,WEST
MED-0134,2025-02-01,8,WEST
MED-0134,2025-03-01,4,EAST
MED-0134,2025-04-01,14,NORTH
MED-0134,2025-05-01,1,WEST
MED-0134,2025-06-01,8,SOUTH
MED-0134,2025-07-01,7,NORTH
MED-0134,2025-08-01,0,EAST
MED-0134,2025-09-01,8,WEST
MED-0134,2025-10-01,0,EAST
MED-0134,2025-11-01,12,WEST
MED-0134,2025-12-01,8,WEST
MED-0135,2024-07-01,9,EAST
MED-0135,2024-08-01,3,WEST
MED-0135,2024-09-01,8,EAST
MED-0135,2024-10-01,5,EAST
MED-0135,2024-11-01,4,EAST
MED-0135,2024-12-01,2,EAST
MED-0135,2025-01-01,5,EAST
MED-0135,2025-02-01,4,SOUTH
MED-0135,2025-03-01,5,SOUTH
MED-0135,2025-04-01,4,SOUTH
MED-0135,2025-05-01,12,EAST
MED-0135,2025-06-01,7,CENTRAL
MED-0135,2025-07-01,7,EAST
MED-0135,2025-08-01,6,EAST
MED-0135,2025-09-01,2,EAST
MED-0135,2025-10-01,2,EAST
MED-0135,2025-11-01,6,EAST
MED-0135,2025-12-01,5,EAST
MED-0136,2022-01-01,5,NORTH
MED-0136,2022-02-01,0,NORTH
MED-0136,2022-03-01,4,NORTH
MED-0136,2022-04-01,4,NORTH
MED-0136,2022-05-01,3,NORTH
MED-0136,2022-06-01,4,NORTH
MED-0136,2022-07-01,3,EAST
MED-0136,2022-08-01,6,WEST
MED-0136,2022-09-01,5,NORTH
MED-0136,2022-10-01,3,NORTH
MED-0136,2022-11-01,3,NORTH
MED-0136,2022-12-01,5,NORTH
MED-0136,2023-01-01,7,NORTH
MED-0136,2023-02-01,3,NORTH
MED-0136,2023-03-01,8,NORTH
MED-0136,2023-04-01,4,EAST
MED-0136,2023-05-01,2,NORTH
MED-0136,2023-06-01,3,NORTH
MED-0136,2023-07-01,6,NORTH
MED-0136,2023-08-01,1,WEST
MED-0136,2023-09-01,4,NORTH
MED-0136,2023-10-01,1,SOUTH
MED-0136,2023-11-01,1,EAST
MED-0136,2023-12-01,11,NORTH
MED-0136,2024-01-01,4,CENTRAL
MED-0136,2024-02-01,4,NORTH
MED-0136,2024-03-01,2,NORTH
MED-0136,2024-04-01,7,WEST
MED-0136,2024-05-01,1,NORTH
MED-0136,2024-06-01,5,WEST
MED-0136,2024-07-01,5,NORTH
MED-0136,2024-08-01,17,NORTH
MED-0136,2024-09-01,9,NORTH
MED-0136,2024-10-01,3,NORTH
MED-0136,2024-11-01,5,SOUTH
MED-0136,2024-12-01,3,NORTH
MED-0136,2025-01-01,3,WEST
MED-0136,2025-02-01,6,WEST
MED-0136,2025-03-01,4,NORTH
MED-0136,2025-04-01,5,NORTH
MED-0136,2025-05-01,5,EAST
MED-0136,2025-06-01,6,NORTH
MED-0136,2025-07-01,3,NORTH
MED-0136,2025-08-01,1,NORTH
MED-0136,2025-09-01,4,NORTH
MED-0136,2025-10-01,2,NORTH
MED-0136,2025-11-01,4,NORTH
MED-0136,2025-12-01,9,CENTRAL
MED-0137,2022-01-01,0,EAST
MED-0137,2022-02-01,0,WEST
MED-0137,2022-03-01,0,NORTH
MED-0137,2022-04-01,0,SOUTH
MED-0137,2022-05-01,0,NORTH
MED-0137,2022-06-01,0,NORTH
MED-0137,2022-07-01,0,NORTH
MED-0137,2022-08-01,0,NORTH
MED-0137,2022-09-01,0,SOUTH
MED-0137,2022-10-01,4,WEST
MED-0137,2022-11-01,0,WEST
MED-0137,2022-12-01,0,NORTH
MED-0137,2023-01-01,0,NORTH
MED-0137,2023-02-01,0,NORTH
MED-0137,2023-03-01,5,NORTH
MED-0137,2023-04-01,0,NORTH
MED-0137,2023-05-01,0,NORTH
MED-0137,2023-06-01,0,SOUTH
MED-0137,2023-07-01,0,NORTH
MED-0137,2023-08-01,0,NORTH
MED-0137,2023-09-01,0,NORTH
MED-0137,2023-10-01,8,CENTRAL
MED-0137,2023-11-01,8,EAST
MED-0137,2023-12-01,0,NORTH
MED-0137,2024-01-01,0,NORTH
MED-0137,2024-02-01,0,EAST
MED-0137,2024-03-01,0,WEST
MED-0137,2024-04-01,0,EAST
MED-0137,2024-05-01,0,NORTH
MED-0137,2024-06-01,0,NORTH
MED-0137,2024-07-01,0,NORTH
MED-0137,2024-08-01,0,NORTH
MED-0137,2024-09-01,0,NORTH
MED-0137,2024-10-01,0,NORTH
MED-0137,2024-11-01,0,NORTH
MED-0137,2024-12-01,0,WEST
MED-0137,2025-01-01,16,CENTRAL
MED-0137,2025-02-01,0,NORTH
MED-0137,2025-03-01,0,NORTH
MED-0137,2025-04-01,4,NORTH
MED-0137,2025-05-01,0,NORTH
MED-0137,2025-06-01,12,NORTH
MED-0137,2025-07-01,5,NORTH
MED-0137,2025-08-01,5,SOUTH
MED-0137,2025-09-01,0,CENTRAL
MED-0137,2025-10-01,0,NORTH
MED-0137,2025-11-01,0,NORTH
MED-0137,2025-12-01,0,NORTH
MED-0138,2022-01-01,0,CENTRAL
MED-0138,2022-02-01,0,NORTH
MED-0138,2022-03-01,0,WEST
MED-0138,2022-04-01,18,NORTH
MED-0138,2022-05-01,0,NORTH
MED-0138,2022-06-01,0,NORTH
MED-0138,2022-07-01,0,NORTH
MED-0138,2022-08-01,0,NORTH
MED-0138,2022-09-01,0,WEST
MED-0138,2022-10-01,0,NORTH
MED-0138,2022-11-01,0,SOUTH
MED-0138,2022-12-01,0,NORTH
MED-0138,2023-01-01,0,NORTH
MED-0138,2023-02-01,0,NORTH
MED-0138,2023-03-01,70,WEST
MED-0138,2023-04-01,0,NORTH
MED-0138,2023-05-01,0,SOUTH
MED-0138,2023-06-01,0,NORTH
MED-0138,2023-07-01,12,WEST
MED-0138,2023-08-01,0,NORTH
MED-0138,2023-09-01,0,NORTH
MED-0138,2023-10-01,11,WEST
MED-0138,2023-11-01,0,WEST
MED-0138,2023-12-01,10,WEST
MED-0138,2024-01-01,20,NORTH
MED-0138,2024-02-01,6,NORTH
MED-0138,2024-03-01,10,NORTH
MED-0138,2024-04-01,0,SOUTH
MED-0138,2024-05-01,0,NORTH
MED-0138,2024-06-01,0,NORTH
MED-0138,2024-07-01,0,WEST
MED-0138,2024-08-01,26,NORTH
MED-0138,2024-09-01,0,WEST
MED-0138,2024-10-01,0,SOUTH
MED-0138,2024-11-01,0,NORTH
MED-0138,2024-12-01,0,NORTH
MED-0138,2025-01-01,0,NORTH
MED-0138,2025-02-01,0,SOUTH
MED-0138,2025-03-01,0,NORTH
MED-0138,2025-04-01,0,NORTH
MED-0138,2025-05-01,0,NORTH
MED-0138,2025-06-01,0,NORTH
MED-0138,2025-07-01,0,WEST
MED-0138,2025-08-01,5,NORTH
MED-0138,2025-09-01,0,NORTH
MED-0138,2025-10-01,0,NORTH
MED-0138,2025-11-01,15,NORTH
MED-0138,2025-12-01,15,NORTH
MED-0139,2023-07-01,6,CENTRAL
MED-0139,2023-08-01,5,EAST
MED-0139,2023-09-01,2,CENTRAL
MED-0139,2023-10-01,7,NORTH
MED-0139,2023-11-01,10,CENTRAL
MED-0139,2023-12-01,9,CENTRAL
MED-0139,2024-01-01,3,CENTRAL
MED-0139,2024-02-01,4,WEST
MED-0139,2024-03-01,6,CENTRAL
MED-0139,2024-04-01,6,SOUTH
MED-0139,2024-05-01,8,WEST
MED-0139,2024-06-01,7,NORTH
MED-0139,2024-07-01,8,CENTRAL
MED-0139,2024-08-01,1,CENTRAL
MED-0139,2024-09-01,5,CENTRAL
MED-0139,2024-10-01,9,EAST
MED-0139,2024-11-01,5,CENTRAL
MED-0139,2024-12-01,4,CENTRAL
MED-0139,2025-01-01,4,CENTRAL
MED-0139,2025-02-01,4,CENTRAL
MED-0139,2025-03-01,4,CENTRAL
MED-0139,2025-04-01,4,NORTH
MED-0139,2025-05-01,6,CENTRAL
MED-0139,2025-06-01,7,CENTRAL
MED-0139,2025-07-01,6,CENTRAL
MED-0139,2025-08-01,2,CENTRAL
MED-0139,2025-09-01,8,CENTRAL
MED-0139,2025-10-01,6,CENTRAL
MED-0139,2025-11-01,4,CENTRAL
MED-0139,2025-12-01,4,CENTRAL
MED-0140,2022-01-01,0,EAST
MED-0140,2022-02-01,0,CENTRAL
MED-0140,2022-03-01,0,EAST
MED-0140,2022-04-01,0,WEST
MED-0140,2022-05-01,0,EAST
MED-0140,2022-06-01,0,EAST
MED-0140,2022-07-01,0,EAST
MED-0140,2022-08-01,0,EAST
MED-0140,2022-09-01,0,EAST
MED-0140,2022-10-01,0,WEST
MED-0140,2022-11-01,6,CENTRAL
MED-0140,2022-12-01,0,EAST
MED-0140,2023-01-01,0,NORTH
MED-0140,2023-02-01,0,EAST
MED-0140,2023-03-01,0,CENTRAL
MED-0140,2023-04-01,0,EAST
MED-0140,2023-05-01,5,EAST
MED-0140,2023-06-01,8,EAST
MED-0140,2023-07-01,0,EAST
MED-0140,2023-08-01,12,EAST
MED-0140,2023-09-01,0,NORTH
MED-0140,2023-10-01,0,SOUTH
MED-0140,2023-11-01,0,EAST
MED-0140,2023-12-01,0,EAST
MED-0140,2024-01-01,0,SOUTH
MED-0140,2024-02-01,38,EAST
MED-0140,2024-03-01,0,EAST
MED-0140,2024-04-01,0,WEST
MED-0140,2024-05-01,0,EAST
MED-0140,2024-06-01,0,EAST
MED-0140,2024-07-01,0,EAST
MED-0140,2024-08-01,0,EAST
MED-0140,2024-09-01,0,EAST
MED-0140,2024-10-01,0,EAST
MED-0140,2024-11-01,0,EAST
MED-0140,2024-12-01,0,EAST
MED-0140,2025-01-01,0,EAST
MED-0140,2025-02-01,9,EAST
MED-0140,2025-03-01,0,EAST
MED-0140,2025-04-01,12,SOUTH
MED-0140,2025-05-01,0,CENTRAL
MED-0140,2025-06-01,0,EAST
MED-0140,2025-07-01,0,EAST
MED-0140,2025-08-01,6,EAST
MED-0140,2025-09-01,0,EAST
MED-0140,2025-10-01,6,EAST
MED-0140,2025-11-01,38,EAST
MED-0140,2025-12-01,4,EAST
MED-0141,2023-07-01,0,WEST
MED-0141,2023-08-01,0,WEST
MED-0141,2023-09-01,0,WEST
MED-0141,2023-10-01,0,WEST
MED-0141,2023-11-01,0,WEST
MED-0141,2023-12-01,0,WEST
MED-0141,2024-01-01,0,EAST
MED-0141,2024-02-01,20,SOUTH
MED-0141,2024-03-01,13,WEST
MED-0141,2024-04-01,7,WEST
MED-0141,2024-05-01,0,WEST
MED-0141,2024-06-01,0,WEST
MED-0141,2024-07-01,0,WEST
MED-0141,2024-08-01,13,WEST
MED-0141,2024-09-01,0,WEST
MED-0141,2024-10-01,0,EAST
MED-0141,2024-11-01,0,WEST
MED-0141,2024-12-01,0,WEST
MED-0141,2025-01-01,0,WEST
MED-0141,2025-02-01,0,WEST
MED-0141,2025-03-01,0,WEST
MED-0141,2025-04-01,0,CENTRAL
MED-0141,2025-05-01,0,WEST
MED-0141,2025-06-01,65,WEST
MED-0141,2025-07-01,0,CENTRAL
MED-0141,2025-08-01,0,WEST
MED-0141,2025-09-01,0,WEST
MED-0141,2025-10-01,0,WEST
MED-0141,2025-11-01,0,WEST
MED-0141,2025-12-01,16,WEST
MED-0142,2022-01-01,1,SOUTH
MED-0142,2022-02-01,1,NORTH
MED-0142,2022-03-01,2,EAST
MED-0142,2022-04-01,7,NORTH
MED-0142,2022-05-01,5,NORTH
MED-0142,2022-06-01,0,NORTH
MED-0142,2022-07-01,0,NORTH
MED-0142,2022-08-01,4,NORTH
MED-0142,2022-09-01,4,WEST
MED-0142,2022-10-01,2,NORTH
MED-0142,2022-11-01,3,NORTH
MED-0142,2022-12-01,4,CENTRAL
MED-0142,2023-01-01,5,NORTH
MED-0142,2023-02-01,2,NORTH
MED-0142,2023-03-01,4,NORTH
MED-0142,2023-04-01,3,CENTRAL
MED-0142,2023-05-01,2,NORTH
MED-0142,2023-06-01,5,CENTRAL
MED-0142,2023-07-01,3,SOUTH
MED-0142,2023-08-01,4,NORTH
MED-0142,2023-09-01,4,WEST
MED-0142,2023-10-01,3,NORTH
MED-0142,2023-11-01,6,CENTRAL
MED-0142,2023-12-01,4,CENTRAL
MED-0142,2024-01-01,4,NORTH
MED-0142,2024-02-01,2,NORTH
MED-0142,2024-03-01,5,NORTH
MED-0142,2024-04-01,0,NORTH
MED-0142,2024-05-01,10,NORTH
MED-0142,2024-06-01,3,NORTH
MED-0142,2024-07-01,5,NORTH
MED-0142,2024-08-01,3,CENTRAL
MED-0142,2024-09-01,4,SOUTH
MED-0142,2024-10-01,6,NORTH
MED-0142,2024-11-01,2,NORTH
MED-0142,2024-12-01,2,SOUTH
MED-0142,2025-01-01,2,WEST
MED-0142,2025-02-01,6,WEST
MED-0142,2025-03-01,2,NORTH
MED-0142,2025-04-01,1,NORTH
MED-0142,2025-05-01,4,WEST
MED-0142,2025-06-01,3,SOUTH
MED-0142,2025-07-01,5,NORTH
MED-0142,2025-08-01,1,NORTH
MED-0142,2025-09-01,8,NORTH
MED-0142,2025-10-01,4,NORTH
MED-0142,2025-11-01,2,NORTH
MED-0142,2025-12-01,3,NORTH
MED-0143,2024-01-01,0,CENTRAL
MED-0143,2024-02-01,0,NORTH
MED-0143,2024-03-01,0,NORTH
MED-0143,2024-04-01,0,SOUTH
MED-0143,2024-05-01,0,CENTRAL
MED-0143,2024-06-01,0,NORTH
MED-0143,2024-07-01,0,CENTRAL
MED-0143,2024-08-01,0,NORTH
MED-0143,2024-09-01,0,WEST
MED-0143,2024-10-01,0,NORTH
MED-0143,2024-11-01,0,NORTH
MED-0143,2024-12-01,5,NORTH
MED-0143,2025-01-01,0,NORTH
MED-0143,2025-02-01,0,NORTH
MED-0143,2025-03-01,0,EAST
MED-0143,2025-04-01,0,SOUTH
MED-0143,2025-05-01,0,NORTH
MED-0143,2025-06-01,0,WEST
MED-0143,2025-07-01,0,EAST
MED-0143,2025-08-01,17,WEST
MED-0143,2025-09-01,0,NORTH
MED-0143,2025-10-01,0,NORTH
MED-0143,2025-11-01,0,NORTH
MED-0143,2025-12-01,0,NORTH
MED-0144,2022-01-01,4,WEST
MED-0144,2022-02-01,8,WEST
MED-0144,2022-03-01,6,CENTRAL
MED-0144,2022-04-01,5,WEST
MED-0144,2022-05-01,4,WEST
MED-0144,2022-06-01,7,NORTH
MED-0144,2022-07-01,7,EAST
MED-0144,2022-08-01,2,NORTH
MED-0144,2022-09-01,4,EAST
MED-0144,2022-10-01,4,WEST
MED-0144,2022-11-01,3,WEST
MED-0144,2022-12-01,2,WEST
MED-0144,2023-01-01,0,EAST
MED-0144,2023-02-01,1,WEST
MED-0144,2023-03-01,0,CENTRAL
MED-0144,2023-04-01,7,WEST
MED-0144,2023-05-01,7,WEST
MED-0144,2023-06-01,5,WEST
MED-0144,2023-07-01,4,WEST
MED-0144,2023-08-01,2,WEST
MED-0144,2023-09-01,4,WEST
MED-0144,2023-10-01,4,WEST
MED-0144,2023-11-01,3,SOUTH
MED-0144,2023-12-01,2,WEST
MED-0144,2024-01-01,7,WEST
MED-0144,2024-02-01,2,WEST
MED-0144,2024-03-01,5,WEST
MED-0144,2024-04-01,6,SOUTH
MED-0144,2024-05-01,5,WEST
MED-0144,2024-06-01,9,WEST
MED-0144,2024-07-01,2,WEST
MED-0144,2024-08-01,4,WEST
MED-0144,2024-09-01,7,WEST
MED-0144,2024-10-01,1,WEST
MED-0144,2024-11-01,2,WEST
MED-0144,2024-12-01,1,WEST
MED-0144,2025-01-01,5,WEST
MED-0144,2025-02-01,1,NORTH
MED-0144,2025-03-01,4,WEST
MED-0144,2025-04-01,8,SOUTH
MED-0144,2025-05-01,8,WEST
MED-0144,2025-06-01,5,WEST
MED-0144,2025-07-01,8,WEST
MED-0144,2025-08-01,1,WEST
MED-0144,2025-09-01,5,WEST
MED-0144,2025-10-01,8,WEST
MED-0144,2025-11-01,3,WEST
MED-0144,2025-12-01,4,WEST
MED-0145,2022-01-01,5,EAST
MED-0145,2022-02-01,5,EAST
MED-0145,2022-03-01,11,EAST
MED-0145,2022-04-01,6,EAST
MED-0145,2022-05-01,1,SOUTH
MED-0145,2022-06-01,6,CENTRAL
MED-0145,2022-07-01,5,WEST
MED-0145,2022-08-01,6,EAST
MED-0145,2022-09-01,2,EAST
MED-0145,2022-10-01,5,EAST
MED-0145,2022-11-01,6,WEST
MED-0145,2022-12-01,6,EAST
MED-0145,2023-01-01,3,EAST
MED-0145,2023-02-01,5,CENTRAL
MED-0145,2023-03-01,7,EAST
MED-0145,2023-04-01,7,EAST
MED-0145,2023-05-01,4,EAST
MED-0145,2023-06-01,4,NORTH
MED-0145,2023-07-01,3,EAST
MED-0145,2023-08-01,1,WEST
MED-0145,2023-09-01,5,EAST
MED-0145,2023-10-01,3,NORTH
MED-0145,2023-11-01,5,EAST
MED-0145,2023-12-01,0,EAST
MED-0145,2024-01-01,3,WEST
MED-0145,2024-02-01,7,EAST
MED-0145,2024-03-01,2,EAST
MED-0145,2024-04-01,2,EAST
MED-0145,2024-05-01,4,NORTH
MED-0145,2024-06-01,4,EAST
MED-0145,2024-07-01,2,EAST
MED-0145,2024-08-01,3,EAST
MED-0145,2024-09-01,10,EAST
MED-0145,2024-10-01,21,WEST
MED-0145,2024-11-01,6,CENTRAL
MED-0145,2024-12-01,4,SOUTH
MED-0145,2025-01-01,9,CENTRAL
MED-0145,2025-02-01,4,EAST
MED-0145,2025-03-01,3,EAST
MED-0145,2025-04-01,8,EAST
MED-0145,2025-05-01,6,EAST
MED-0145,2025-06-01,3,EAST
MED-0145,2025-07-01,5,EAST
MED-0145,2025-08-01,5,EAST
MED-0145,2025-09-01,5,EAST
MED-0145,2025-10-01,0,EAST
MED-0145,2025-11-01,3,EAST
MED-0145,2025-12-01,10,CENTRAL
MED-0146,2023-01-01,0,CENTRAL
MED-0146,2023-02-01,4,CENTRAL
MED-0146,2023-03-01,0,CENTRAL
MED-0146,2023-04-01,0,WEST
MED-0146,2023-05-01,0,CENTRAL
MED-0146,2023-06-01,0,CENTRAL
MED-0146,2023-07-01,0,CENTRAL
MED-0146,2023-08-01,0,WEST
MED-0146,2023-09-01,0,SOUTH
MED-0146,2023-10-01,0,CENTRAL
MED-0146,2023-11-01,6,CENTRAL
MED-0146,2023-12-01,0,WEST
MED-0146,2024-01-01,0,NORTH
MED-0146,2024-02-01,10,CENTRAL
MED-0146,2024-03-01,8,CENTRAL
MED-0146,2024-04-01,0,WEST
MED-0146,2024-05-01,0,CENTRAL
MED-0146,2024-06-01,0,NORTH
MED-0146,2024-07-01,0,CENTRAL
MED-0146,2024-08-01,0,CENTRAL
MED-0146,2024-09-01,11,CENTRAL
MED-0146,2024-10-01,0,EAST
MED-0146,2024-11-01,0,CENTRAL
MED-0146,2024-12-01,0,NORTH
MED-0146,2025-01-01,0,CENTRAL
MED-0146,2025-02-01,6,CENTRAL
MED-0146,2025-03-01,0,NORTH
MED-0146,2025-04-01,7,CENTRAL
MED-0146,2025-05-01,0,CENTRAL
MED-0146,2025-06-01,0,CENTRAL
MED-0146,2025-07-01,0,CENTRAL
MED-0146,2025-08-01,0,CENTRAL
MED-0146,2025-09-01,0,WEST
MED-0146,2025-10-01,0,NORTH
MED-0146,2025-11-01,0,CENTRAL
MED-0146,2025-12-01,0,CENTRAL
MED-0147,2022-01-01,0,CENTRAL
MED-0147,2022-02-01,0,CENTRAL
MED-0147,2022-03-01,0,WEST
MED-0147,2022-04-01,0,CENTRAL
MED-0147,2022-05-01,0,CENTRAL
MED-0147,2022-06-01,0,WEST
MED-0147,2022-07-01,7,CENTRAL
MED-0147,2022-08-01,0,CENTRAL
MED-0147,2022-09-01,3,CENTRAL
MED-0147,2022-10-01,0,CENTRAL
MED-0147,2022-11-01,0,CENTRAL
MED-0147,2022-12-01,7,CENTRAL
MED-0147,2023-01-01,5,CENTRAL
MED-0147,2023-02-01,3,EAST
MED-0147,2023-03-01,0,CENTRAL
MED-0147,2023-04-01,0,SOUTH
MED-0147,2023-05-01,0,CENTRAL
MED-0147,2023-06-01,0,CENTRAL
MED-0147,2023-07-01,6,CENTRAL
MED-0147,2023-08-01,7,CENTRAL
MED-0147,2023-09-01,0,CENTRAL
MED-0147,2023-10-01,0,SOUTH
MED-0147,2023-11-01,0,NORTH
MED-0147,2023-12-01,9,CENTRAL
MED-0147,2024-01-01,5,SOUTH
MED-0147,2024-02-01,0,NORTH
MED-0147,2024-03-01,0,CENTRAL
MED-0147,2024-04-01,0,WEST
MED-0147,2024-05-01,0,CENTRAL
MED-0147,2024-06-01,0,WEST
MED-0147,2024-07-01,0,SOUTH
MED-0147,2024-08-01,0,CENTRAL
MED-0147,2024-09-01,5,CENTRAL
MED-0147,2024-10-01,4,NORTH
MED-0147,2024-11-01,0,EAST
MED-0147,2024-12-01,0,CENTRAL
MED-0147,2025-01-01,0,CENTRAL
MED-0147,2025-02-01,0,WEST
MED-0147,2025-03-01,0,CENTRAL
MED-0147,2025-04-01,0,CENTRAL
MED-0147,2025-05-01,6,CENTRAL
MED-0147,2025-06-01,9,CENTRAL
MED-0147,2025-07-01,0,CENTRAL
MED-0147,2025-08-01,0,NORTH
MED-0147,2025-09-01,0,NORTH
MED-0147,2025-10-01,0,CENTRAL
MED-0147,2025-11-01,0,CENTRAL
MED-0147,2025-12-01,1,CENTRAL
MED-0148,2022-01-01,3,EAST
MED-0148,2022-02-01,5,EAST
MED-0148,2022-03-01,2,CENTRAL
MED-0148,2022-04-01,4,NORTH
MED-0148,2022-05-01,1,EAST
MED-0148,2022-06-01,5,EAST
MED-0148,2022-07-01,4,EAST
MED-0148,2022-08-01,4,WEST
MED-0148,2022-09-01,4,EAST
MED-0148,2022-10-01,3,EAST
MED-0148,2022-11-01,2,SOUTH
MED-0148,2022-12-01,7,EAST
MED-0148,2023-01-01,8,EAST
MED-0148,2023-02-01,3,EAST
MED-0148,2023-03-01,4,SOUTH
MED-0148,2023-04-01,3,EAST
MED-0148,2023-05-01,1,EAST
MED-0148,2023-06-01,1,EAST
MED-0148,2023-07-01,3,WEST
MED-0148,2023-08-01,5,EAST
MED-0148,2023-09-01,2,CENTRAL
MED-0148,2023-10-01,6,EAST
MED-0148,2023-11-01,5,EAST
MED-0148,2023-12-01,2,EAST
MED-0148,2024-01-01,4,NORTH
MED-0148,2024-02-01,5,EAST
MED-0148,2024-03-01,2,NORTH
MED-0148,2024-04-01,10,EAST
MED-0148,2024-05-01,4,WEST
MED-0148,2024-06-01,8,SOUTH
MED-0148,2024-07-01,4,NORTH
MED-0148,2024-08-01,5,EAST
MED-0148,2024-09-01,3,EAST
MED-0148,2024-10-01,3,EAST
MED-0148,2024-11-01,4,SOUTH
MED-0148,2024-12-01,3,NORTH
MED-0148,2025-01-01,4,SOUTH
MED-0148,2025-02-01,4,EAST
MED-0148,2025-03-01,7,EAST
MED-0148,2025-04-01,1,SOUTH
MED-0148,2025-05-01,3,EAST
MED-0148,2025-06-01,4,EAST
MED-0148,2025-07-01,4,WEST
MED-0148,2025-08-01,4,EAST
MED-0148,2025-09-01,3,EAST
MED-0148,2025-10-01,2,EAST
MED-0148,2025-11-01,2,EAST
MED-0148,2025-12-01,6,WEST
MED-0149,2023-01-01,0,SOUTH
MED-0149,2023-02-01,0,EAST
MED-0149,2023-03-01,0,SOUTH
MED-0149,2023-04-01,0,SOUTH
MED-0149,2023-05-01,0,SOUTH
MED-0149,2023-06-01,0,NORTH
MED-0149,2023-07-01,0,SOUTH
MED-0149,2023-08-01,0,SOUTH
MED-0149,2023-09-01,0,SOUTH
MED-0149,2023-10-01,0,SOUTH
MED-0149,2023-11-01,0,SOUTH
MED-0149,2023-12-01,0,SOUTH
MED-0149,2024-01-01,0,SOUTH
MED-0149,2024-02-01,0,SOUTH
MED-0149,2024-03-01,0,SOUTH
MED-0149,2024-04-01,10,SOUTH
MED-0149,2024-05-01,0,SOUTH
MED-0149,2024-06-01,8,EAST
MED-0149,2024-07-01,0,SOUTH
MED-0149,2024-08-01,0,SOUTH
MED-0149,2024-09-01,0,SOUTH
MED-0149,2024-10-01,0,SOUTH
MED-0149,2024-11-01,0,SOUTH
MED-0149,2024-12-01,0,SOUTH
MED-0149,2025-01-01,0,SOUTH
MED-0149,2025-02-01,0,CENTRAL
MED-0149,2025-03-01,0,SOUTH
MED-0149,2025-04-01,0,SOUTH
MED-0149,2025-05-01,36,SOUTH
MED-0149,2025-06-01,0,WEST
MED-0149,2025-07-01,0,CENTRAL
MED-0149,2025-08-01,0,EAST
MED-0149,2025-09-01,0,SOUTH
MED-0149,2025-10-01,0,SOUTH
MED-0149,2025-11-01,0,SOUTH
MED-0149,2025-12-01,0,WEST
MED-0150,2022-07-01,0,SOUTH
MED-0150,2022-08-01,0,SOUTH
MED-0150,2022-09-01,0,CENTRAL
MED-0150,2022-10-01,5,WEST
MED-0150,2022-11-01,0,SOUTH
MED-0150,2022-12-01,0,SOUTH
MED-0150,2023-01-01,6,SOUTH
MED-0150,2023-02-01,10,EAST
MED-0150,2023-03-01,0,SOUTH
MED-0150,2023-04-01,0,SOUTH
MED-0150,2023-05-01,0,WEST
MED-0150,2023-06-01,0,SOUTH
MED-0150,2023-07-01,0,EAST
MED-0150,2023-08-01,0,CENTRAL
MED-0150,2023-09-01,0,SOUTH
MED-0150,2023-10-01,0,SOUTH
MED-0150,2023-11-01,0,SOUTH
MED-0150,2023-12-01,27,SOUTH
MED-0150,2024-01-01,0,SOUTH
MED-0150,2024-02-01,0,SOUTH
MED-0150,2024-03-01,0,NORTH
MED-0150,2024-04-01,5,SOUTH
MED-0150,2024-05-01,7,WEST
MED-0150,2024-06-01,0,SOUTH
MED-0150,2024-07-01,8,SOUTH
MED-0150,2024-08-01,0,SOUTH
MED-0150,2024-09-01,0,SOUTH
MED-0150,2024-10-01,5,SOUTH
MED-0150,2024-11-01,0,EAST
MED-0150,2024-12-01,0,NORTH
MED-0150,2025-01-01,0,NORTH
MED-0150,2025-02-01,0,EAST
MED-0150,2025-03-01,0,SOUTH
MED-0150,2025-04-01,0,SOUTH
MED-0150,2025-05-01,0,SOUTH
MED-0150,2025-06-01,0,EAST
MED-0150,2025-07-01,0,SOUTH
MED-0150,2025-08-01,0,SOUTH
MED-0150,2025-09-01,5,SOUTH
MED-0150,2025-10-01,0,SOUTH
MED-0150,2025-11-01,7,SOUTH
MED-0150,2025-12-01,0,SOUTH
MED-0151,2024-07-01,0,EAST
MED-0151,2024-08-01,0,EAST
MED-0151,2024-09-01,0,EAST
MED-0151,2024-10-01,0,EAST
MED-0151,2024-11-01,0,NORTH
MED-0151,2024-12-01,0,EAST
MED-0151,2025-01-01,0,EAST
MED-0151,2025-02-01,7,EAST
MED-0151,2025-03-01,3,WEST
MED-0151,2025-04-01,0,EAST
MED-0151,2025-05-01,0,EAST
MED-0151,2025-06-01,0,EAST
MED-0151,2025-07-01,0,WEST
MED-0151,2025-08-01,0,EAST
MED-0151,2025-09-01,0,EAST
MED-0151,2025-10-01,0,EAST
MED-0151,2025-11-01,0,EAST
MED-0151,2025-12-01,24,NORTH
MED-0152,2023-01-01,12,WEST
MED-0152,2023-02-01,0,EAST
MED-0152,2023-03-01,9,EAST
MED-0152,2023-04-01,0,EAST
MED-0152,2023-05-01,18,NORTH
MED-0152,2023-06-01,0,EAST
MED-0152,2023-07-01,0,NORTH
MED-0152,2023-08-01,4,CENTRAL
MED-0152,2023-09-01,0,WEST
MED-0152,2023-10-01,3,CENTRAL
MED-0152,2023-11-01,0,WEST
MED-0152,2023-12-01,0,WEST
MED-0152,2024-01-01,8,CENTRAL
MED-0152,2024-02-01,0,WEST
MED-0152,2024-03-01,0,EAST
MED-0152,2024-04-01,0,EAST
MED-0152,2024-05-01,0,EAST
MED-0152,2024-06-01,0,EAST
MED-0152,2024-07-01,4,SOUTH
MED-0152,2024-08-01,0,NORTH
MED-0152,2024-09-01,0,EAST
MED-0152,2024-10-01,4,WEST
MED-0152,2024-11-01,9,EAST
MED-0152,2024-12-01,0,EAST
MED-0152,2025-01-01,8,EAST
MED-0152,2025-02-01,0,SOUTH
MED-0152,2025-03-01,0,NORTH
MED-0152,2025-04-01,0,NORTH
MED-0152,2025-05-01,9,CENTRAL
MED-0152,2025-06-01,0,SOUTH
MED-0152,2025-07-01,0,EAST
MED-0152,2025-08-01,9,EAST
MED-0152,2025-09-01,0,EAST
MED-0152,2025-10-01,0,EAST
MED-0152,2025-11-01,0,EAST
MED-0152,2025-12-01,0,SOUTH
MED-0153,2023-01-01,0,WEST
MED-0153,2023-02-01,0,NORTH
MED-0153,2023-03-01,0,CENTRAL
MED-0153,2023-04-01,0,WEST
MED-0153,2023-05-01,0,CENTRAL
MED-0153,2023-06-01,0,CENTRAL
MED-0153,2023-07-01,0,CENTRAL
MED-0153,2023-08-01,0,CENTRAL
MED-0153,2023-09-01,0,WEST
MED-0153,2023-10-01,0,CENTRAL
MED-0153,2023-11-01,3,CENTRAL
MED-0153,2023-12-01,0,CENTRAL
MED-0153,2024-01-01,0,CENTRAL
MED-0153,2024-02-01,0,CENTRAL
MED-0153,2024-03-01,0,CENTRAL
MED-0153,2024-04-01,4,SOUTH
MED-0153,2024-05-01,15,CENTRAL
MED-0153,2024-06-01,0,SOUTH
MED-0153,2024-07-01,0,CENTRAL
MED-0153,2024-08-01,3,CENTRAL
MED-0153,2024-09-01,0,CENTRAL
MED-0153,2024-10-01,0,CENTRAL
MED-0153,2024-11-01,0,CENTRAL
MED-0153,2024-12-01,0,CENTRAL
MED-0153,2025-01-01,0,CENTRAL
MED-0153,2025-02-01,0,CENTRAL
MED-0153,2025-03-01,0,CENTRAL
MED-0153,2025-04-01,5,CENTRAL
MED-0153,2025-05-01,0,CENTRAL
MED-0153,2025-06-01,0,WEST
MED-0153,2025-07-01,5,CENTRAL
MED-0153,2025-08-01,0,CENTRAL
MED-0153,2025-09-01,0,CENTRAL
MED-0153,2025-10-01,0,CENTRAL
MED-0153,2025-11-01,4,CENTRAL
MED-0153,2025-12-01,0,CENTRAL
MED-0154,2023-07-01,0,NORTH
MED-0154,2023-08-01,0,NORTH
MED-0154,2023-09-01,0,NORTH
MED-0154,2023-10-01,0,SOUTH
MED-0154,2023-11-01,0,NORTH
MED-0154,2023-12-01,0,NORTH
MED-0154,2024-01-01,0,NORTH
MED-0154,2024-02-01,0,CENTRAL
MED-0154,2024-03-01,0,EAST
MED-0154,2024-04-01,0,EAST
MED-0154,2024-05-01,12,NORTH
MED-0154,2024-06-01,0,CENTRAL
MED-0154,2024-07-01,0,NORTH
MED-0154,2024-08-01,0,EAST
MED-0154,2024-09-01,0,NORTH
MED-0154,2024-10-01,0,SOUTH
MED-0154,2024-11-01,0,NORTH
MED-0154,2024-12-01,7,NORTH
MED-0154,2025-01-01,0,NORTH
MED-0154,2025-02-01,0,NORTH
MED-0154,2025-03-01,0,NORTH
MED-0154,2025-04-01,0,NORTH
MED-0154,2025-05-01,7,NORTH
MED-0154,2025-06-01,7,CENTRAL
MED-0154,2025-07-01,0,NORTH
MED-0154,2025-08-01,0,NORTH
MED-0154,2025-09-01,0,NORTH
MED-0154,2025-10-01,0,SOUTH
MED-0154,2025-11-01,7,NORTH
MED-0154,2025-12-01,0,NORTH
MED-0155,2022-01-01,1,CENTRAL
MED-0155,2022-02-01,2,NORTH
MED-0155,2022-03-01,1,NORTH
MED-0155,2022-04-01,6,CENTRAL
MED-0155,2022-05-01,4,NORTH
MED-0155,2022-06-01,2,WEST
MED-0155,2022-07-01,4,NORTH
MED-0155,2022-08-01,3,NORTH
MED-0155,2022-09-01,2,NORTH
MED-0155,2022-10-01,4,WEST
MED-0155,2022-11-01,1,WEST
MED-0155,2022-12-01,2,NORTH
MED-0155,2023-01-01,5,NORTH
MED-0155,2023-02-01,4,NORTH
MED-0155,2023-03-01,3,NORTH
MED-0155,2023-04-01,4,NORTH
MED-0155,2023-05-01,3,EAST
MED-0155,2023-06-01,9,NORTH
MED-0155,2023-07-01,9,NORTH
MED-0155,2023-08-01,8,NORTH
MED-0155,2023-09-01,5,NORTH
MED-0155,2023-10-01,4,CENTRAL
MED-0155,2023-11-01,2,NORTH
MED-0155,2023-12-01,6,NORTH
MED-0155,2024-01-01,6,WEST
MED-0155,2024-02-01,3,WEST
MED-0155,2024-03-01,5,CENTRAL
MED-0155,2024-04-01,10,WEST
MED-0155,2024-05-01,5,NORTH
MED-0155,2024-06-01,3,NORTH
MED-0155,2024-07-01,5,SOUTH
MED-0155,2024-08-01,6,NORTH
MED-0155,2024-09-01,2,SOUTH
MED-0155,2024-10-01,3,NORTH
MED-0155,2024-11-01,1,NORTH
MED-0155,2024-12-01,4,NORTH
MED-0155,2025-01-01,1,NORTH
MED-0155,2025-02-01,3,NORTH
MED-0155,2025-03-01,1,EAST
MED-0155,2025-04-01,3,NORTH
MED-0155,2025-05-01,5,NORTH
MED-0155,2025-06-01,6,EAST
MED-0155,2025-07-01,8,NORTH
MED-0155,2025-08-01,4,NORTH
MED-0155,2025-09-01,3,NORTH
MED-0155,2025-10-01,5,NORTH
MED-0155,2025-11-01,3,EAST
MED-0155,2025-12-01,4,NORTH
MED-0156,2022-01-01,17,EAST
MED-0156,2022-02-01,0,EAST
MED-0156,2022-03-01,0,WEST
MED-0156,2022-04-01,0,EAST
MED-0156,2022-05-01,0,EAST
MED-0156,2022-06-01,0,SOUTH
MED-0156,2022-07-01,16,EAST
MED-0156,2022-08-01,14,EAST
MED-0156,2022-09-01,0,EAST
MED-0156,2022-10-01,0,WEST
MED-0156,2022-11-01,8,EAST
MED-0156,2022-12-01,0,EAST
MED-0156,2023-01-01,0,EAST
MED-0156,2023-02-01,0,WEST
MED-0156,2023-03-01,0,SOUTH
MED-0156,2023-04-01,15,EAST
MED-0156,2023-05-01,0,EAST
MED-0156,2023-06-01,6,EAST
MED-0156,2023-07-01,0,EAST
MED-0156,2023-08-01,11,EAST
MED-0156,2023-09-01,0,EAST
MED-0156,2023-10-01,0,WEST
MED-0156,2023-11-01,0,EAST
MED-0156,2023-12-01,14,NORTH
MED-0156,2024-01-01,0,WEST
MED-0156,2024-02-01,0,EAST
MED-0156,2024-03-01,0,EAST
MED-0156,2024-04-01,0,EAST
MED-0156,2024-05-01,0,EAST
MED-0156,2024-06-01,0,EAST
MED-0156,2024-07-01,42,EAST
MED-0156,2024-08-01,0,EAST
MED-0156,2024-09-01,0,NORTH
MED-0156,2024-10-01,0,WEST
MED-0156,2024-11-01,0,EAST
MED-0156,2024-12-01,0,EAST
MED-0156,2025-01-01,0,EAST
MED-0156,2025-02-01,0,EAST
MED-0156,2025-03-01,0,EAST
MED-0156,2025-04-01,13,EAST
MED-0156,2025-05-01,4,EAST
MED-0156,2025-06-01,0,EAST
MED-0156,2025-07-01,0,EAST
MED-0156,2025-08-01,0,EAST
MED-0156,2025-09-01,0,EAST
MED-0156,2025-10-01,0,EAST
MED-0156,2025-11-01,16,EAST
MED-0156,2025-12-01,0,EAST
MED-0157,2024-07-01,0,WEST
MED-0157,2024-08-01,0,WEST
MED-0157,2024-09-01,0,WEST
MED-0157,2024-10-01,0,WEST
MED-0157,2024-11-01,0,CENTRAL
MED-0157,2024-12-01,0,WEST
MED-0157,2025-01-01,0,WEST
MED-0157,2025-02-01,0,CENTRAL
MED-0157,2025-03-01,0,WEST
MED-0157,2025-04-01,0,WEST
MED-0157,2025-05-01,0,WEST
MED-0157,2025-06-01,0,WEST
MED-0157,2025-07-01,0,CENTRAL
MED-0157,2025-08-01,0,WEST
MED-0157,2025-09-01,0,WEST
MED-0157,2025-10-01,0,WEST
MED-0157,2025-11-01,0,WEST
MED-0157,2025-12-01,3,WEST
MED-0158,2022-01-01,0,NORTH
MED-0158,2022-02-01,0,SOUTH
MED-0158,2022-03-01,0,EAST
MED-0158,2022-04-01,0,EAST
MED-0158,2022-05-01,0,EAST
MED-0158,2022-06-01,2,EAST
MED-0158,2022-07-01,14,EAST
MED-0158,2022-08-01,0,SOUTH
MED-0158,2022-09-01,0,CENTRAL
MED-0158,2022-10-01,0,EAST
MED-0158,2022-11-01,0,WEST
MED-0158,2022-12-01,1,EAST
MED-0158,2023-01-01,0,NORTH
MED-0158,2023-02-01,7,SOUTH
MED-0158,2023-03-01,0,EAST
MED-0158,2023-04-01,0,NORTH
MED-0158,2023-05-01,6,SOUTH
MED-0158,2023-06-01,0,EAST
MED-0158,2023-07-01,0,EAST
MED-0158,2023-08-01,0,EAST
MED-0158,2023-09-01,6,EAST
MED-0158,2023-10-01,0,EAST
MED-0158,2023-11-01,0,EAST
MED-0158,2023-12-01,0,EAST
MED-0158,2024-01-01,0,EAST
MED-0158,2024-02-01,0,EAST
MED-0158,2024-03-01,3,SOUTH
MED-0158,2024-04-01,0,EAST
MED-0158,2024-05-01,0,EAST
MED-0158,2024-06-01,0,EAST
MED-0158,2024-07-01,0,NORTH
MED-0158,2024-08-01,0,EAST
MED-0158,2024-09-01,0,EAST
MED-0158,2024-10-01,0,EAST
MED-0158,2024-11-01,0,EAST
MED-0158,2024-12-01,0,EAST
MED-0158,2025-01-01,4,EAST
MED-0158,2025-02-01,0,EAST
MED-0158,2025-03-01,0,EAST
MED-0158,2025-04-01,0,CENTRAL
MED-0158,2025-05-01,0,EAST
MED-0158,2025-06-01,2,WEST
MED-0158,2025-07-01,2,WEST
MED-0158,2025-08-01,0,NORTH
MED-0158,2025-09-01,0,EAST
MED-0158,2025-10-01,0,SOUTH
MED-0158,2025-11-01,7,EAST
MED-0158,2025-12-01,0,CENTRAL
MED-0159,2024-01-01,0,NORTH
MED-0159,2024-02-01,0,EAST
MED-0159,2024-03-01,0,CENTRAL
MED-0159,2024-04-01,8,CENTRAL
MED-0159,2024-05-01,0,CENTRAL
MED-0159,2024-06-01,0,CENTRAL
MED-0159,2024-07-01,0,CENTRAL
MED-0159,2024-08-01,11,CENTRAL
MED-0159,2024-09-01,0,CENTRAL
MED-0159,2024-10-01,7,WEST
MED-0159,2024-11-01,0,CENTRAL
MED-0159,2024-12-01,7,CENTRAL
MED-0159,2025-01-01,0,WEST
MED-0159,2025-02-01,0,CENTRAL
MED-0159,2025-03-01,0,CENTRAL
MED-0159,2025-04-01,0,CENTRAL
MED-0159,2025-05-01,0,CENTRAL
MED-0159,2025-06-01,0,WEST
MED-0159,2025-07-01,0,CENTRAL
MED-0159,2025-08-01,6,CENTRAL
MED-0159,2025-09-01,0,CENTRAL
MED-0159,2025-10-01,0,CENTRAL
MED-0159,2025-11-01,0,CENTRAL
MED-0159,2025-12-01,0,SOUTH
MED-0160,2023-01-01,2,NORTH
MED-0160,2023-02-01,3,NORTH
MED-0160,2023-03-01,5,NORTH
MED-0160,2023-04-01,1,NORTH
MED-0160,2023-05-01,4,EAST
MED-0160,2023-06-01,1,NORTH
MED-0160,2023-07-01,8,SOUTH
MED-0160,2023-08-01,3,EAST
MED-0160,2023-09-01,3,NORTH
MED-0160,2023-10-01,5,NORTH
MED-0160,2023-11-01,4,NORTH
MED-0160,2023-12-01,3,WEST
MED-0160,2024-01-01,0,NORTH
MED-0160,2024-02-01,1,NORTH
MED-0160,2024-03-01,7,NORTH
MED-0160,2024-04-01,3,NORTH
MED-0160,2024-05-01,9,NORTH
MED-0160,2024-06-01,7,NORTH
MED-0160,2024-07-01,3,WEST
MED-0160,2024-08-01,1,CENTRAL
MED-0160,2024-09-01,3,NORTH
MED-0160,2024-10-01,5,NORTH
MED-0160,2024-11-01,3,NORTH
MED-0160,2024-12-01,2,NORTH
MED-0160,2025-01-01,1,NORTH
MED-0160,2025-02-01,3,NORTH
MED-0160,2025-03-01,5,NORTH
MED-0160,2025-04-01,5,NORTH
MED-0160,2025-05-01,2,WEST
MED-0160,2025-06-01,1,NORTH
MED-0160,2025-07-01,6,EAST
MED-0160,2025-08-01,6,NORTH
MED-0160,2025-09-01,7,NORTH
MED-0160,2025-10-01,2,NORTH
MED-0160,2025-11-01,5,CENTRAL
MED-0160,2025-12-01,0,NORTH
MED-0161,2024-01-01,1,SOUTH
MED-0161,2024-02-01,4,CENTRAL
MED-0161,2024-03-01,6,NORTH
MED-0161,2024-04-01,3,SOUTH
MED-0161,2024-05-01,3,SOUTH
MED-0161,2024-06-01,4,SOUTH
MED-0161,2024-07-01,1,SOUTH
MED-0161,2024-08-01,3,SOUTH
MED-0161,2024-09-01,14,SOUTH
MED-0161,2024-10-01,11,SOUTH
MED-0161,2024-11-01,7,SOUTH
MED-0161,2024-12-01,7,EAST
MED-0161,2025-01-01,7,SOUTH
MED-0161,2025-02-01,8,SOUTH
MED-0161,2025-03-01,4,SOUTH
MED-0161,2025-04-01,3,SOUTH
MED-0161,2025-05-01,3,SOUTH
MED-0161,2025-06-01,2,SOUTH
MED-0161,2025-07-01,1,SOUTH
MED-0161,2025-08-01,1,SOUTH
MED-0161,2025-09-01,3,SOUTH
MED-0161,2025-10-01,3,NORTH
MED-0161,2025-11-01,1,SOUTH
MED-0161,2025-12-01,4,CENTRAL
MED-0162,2022-07-01,4,CENTRAL
MED-0162,2022-08-01,7,SOUTH
MED-0162,2022-09-01,2,SOUTH
MED-0162,2022-10-01,3,SOUTH
MED-0162,2022-11-01,4,CENTRAL
MED-0162,2022-12-01,5,SOUTH
MED-0162,2023-01-01,5,SOUTH
MED-0162,2023-02-01,1,SOUTH
MED-0162,2023-03-01,4,SOUTH
MED-0162,2023-04-01,6,SOUTH
MED-0162,2023-05-01,0,NORTH
MED-0162,2023-06-01,9,SOUTH
MED-0162,2023-07-01,8,WEST
MED-0162,2023-08-01,2,SOUTH
MED-0162,2023-09-01,6,SOUTH
MED-0162,2023-10-01,5,SOUTH
MED-0162,2023-11-01,2,SOUTH
MED-0162,2023-12-01,5,SOUTH
MED-0162,2024-01-01,3,SOUTH
MED-0162,2024-02-01,1,SOUTH
MED-0162,2024-03-01,2,SOUTH
MED-0162,2024-04-01,3,SOUTH
MED-0162,2024-05-01,6,SOUTH
MED-0162,2024-06-01,3,SOUTH
MED-0162,2024-07-01,2,NORTH
MED-0162,2024-08-01,3,SOUTH
MED-0162,2024-09-01,3,SOUTH
MED-0162,2024-10-01,6,CENTRAL
MED-0162,2024-11-01,3,WEST
MED-0162,2024-12-01,1,SOUTH
MED-0162,2025-01-01,5,WEST
MED-0162,2025-02-01,2,SOUTH
MED-0162,2025-03-01,6,SOUTH
MED-0162,2025-04-01,4,SOUTH
MED-0162,2025-05-01,2,SOUTH
MED-0162,2025-06-01,7,SOUTH
MED-0162,2025-07-01,5,EAST
MED-0162,2025-08-01,3,SOUTH
MED-0162,2025-09-01,6,NORTH
MED-0162,2025-10-01,8,SOUTH
MED-0162,2025-11-01,4,SOUTH
MED-0162,2025-12-01,5,WEST
MED-0163,2022-07-01,3,WEST
MED-0163,2022-08-01,2,CENTRAL
MED-0163,2022-09-01,5,EAST
MED-0163,2022-10-01,2,WEST
MED-0163,2022-11-01,2,WEST
MED-0163,2022-12-01,5,WEST
MED-0163,2023-01-01,2,WEST
MED-0163,2023-02-01,2,WEST
MED-0163,2023-03-01,3,WEST
MED-0163,2023-04-01,7,WEST
MED-0163,2023-05-01,3,WEST
MED-0163,2023-06-01,1,WEST
MED-0163,2023-07-01,2,WEST
MED-0163,2023-08-01,2,WEST
MED-0163,2023-09-01,2,CENTRAL
MED-0163,2023-10-01,4,CENTRAL
MED-0163,2023-11-01,4,WEST
MED-0163,2023-12-01,4,WEST
MED-0163,2024-01-01,3,WEST
MED-0163,2024-02-01,2,WEST
MED-0163,2024-03-01,2,WEST
MED-0163,2024-04-01,3,WEST
MED-0163,2024-05-01,2,WEST
MED-0163,2024-06-01,4,WEST
MED-0163,2024-07-01,3,EAST
MED-0163,2024-08-01,2,SOUTH
MED-0163,2024-09-01,7,WEST
MED-0163,2024-10-01,0,WEST
MED-0163,2024-11-01,5,WEST
MED-0163,2024-12-01,4,EAST
MED-0163,2025-01-01,0,WEST
MED-0163,2025-02-01,7,CENTRAL
MED-0163,2025-03-01,1,CENTRAL
MED-0163,2025-04-01,2,CENTRAL
MED-0163,2025-05-01,6,WEST
MED-0163,2025-06-01,1,SOUTH
MED-0163,2025-07-01,2,WEST
MED-0163,2025-08-01,2,WEST
MED-0163,2025-09-01,2,WEST
MED-0163,2025-10-01,6,CENTRAL
MED-0163,2025-11-01,1,SOUTH
MED-0163,2025-12-01,5,WEST
MED-0164,2024-07-01,0,CENTRAL
MED-0164,2024-08-01,0,CENTRAL
MED-0164,2024-09-01,0,CENTRAL
MED-0164,2024-10-01,0,CENTRAL
MED-0164,2024-11-01,13,WEST
MED-0164,2024-12-01,0,CENTRAL
MED-0164,2025-01-01,0,CENTRAL
MED-0164,2025-02-01,0,CENTRAL
MED-0164,2025-03-01,0,WEST
MED-0164,2025-04-01,0,CENTRAL
MED-0164,2025-05-01,0,CENTRAL
MED-0164,2025-06-01,0,CENTRAL
MED-0164,2025-07-01,11,CENTRAL
MED-0164,2025-08-01,0,CENTRAL
MED-0164,2025-09-01,0,WEST
MED-0164,2025-10-01,7,CENTRAL
MED-0164,2025-11-01,0,CENTRAL
MED-0164,2025-12-01,0,NORTH
MED-0165,2023-01-01,6,SOUTH
MED-0165,2023-02-01,7,SOUTH
MED-0165,2023-03-01,3,SOUTH
MED-0165,2023-04-01,5,SOUTH
MED-0165,2023-05-01,3,SOUTH
MED-0165,2023-06-01,5,SOUTH
MED-0165,2023-07-01,4,SOUTH
MED-0165,2023-08-01,3,SOUTH
MED-0165,2023-09-01,5,EAST
MED-0165,2023-10-01,7,SOUTH
MED-0165,2023-11-01,5,SOUTH
MED-0165,2023-12-01,7,SOUTH
MED-0165,2024-01-01,3,SOUTH
MED-0165,2024-02-01,0,NORTH
MED-0165,2024-03-01,34,WEST
MED-0165,2024-04-01,6,SOUTH
MED-0165,2024-05-01,9,WEST
MED-0165,2024-06-01,4,SOUTH
MED-0165,2024-07-01,5,SOUTH
MED-0165,2024-08-01,3,EAST
MED-0165,2024-09-01,4,SOUTH
MED-0165,2024-10-01,2,WEST
MED-0165,2024-11-01,9,SOUTH
MED-0165,2024-12-01,2,SOUTH
MED-0165,2025-01-01,4,SOUTH
MED-0165,2025-02-01,1,SOUTH
MED-0165,2025-03-01,2,SOUTH
MED-0165,2025-04-01,3,SOUTH
MED-0165,2025-05-01,5,SOUTH
MED-0165,2025-06-01,30,SOUTH
MED-0165,2025-07-01,6,CENTRAL
MED-0165,2025-08-01,3,SOUTH
MED-0165,2025-09-01,3,SOUTH
MED-0165,2025-10-01,4,SOUTH
MED-0165,2025-11-01,3,WEST
MED-0165,2025-12-01,5,SOUTH
MED-0166,2022-01-01,0,EAST
MED-0166,2022-02-01,0,SOUTH
MED-0166,2022-03-01,0,SOUTH
MED-0166,2022-04-01,5,SOUTH
MED-0166,2022-05-01,1,SOUTH
MED-0166,2022-06-01,0,SOUTH
MED-0166,2022-07-01,7,SOUTH
MED-0166,2022-08-01,0,WEST
MED-0166,2022-09-01,0,CENTRAL
MED-0166,2022-10-01,0,SOUTH
MED-0166,2022-11-01,0,CENTRAL
MED-0166,2022-12-01,0,CENTRAL
MED-0166,2023-01-01,0,SOUTH
MED-0166,2023-02-01,0,SOUTH
MED-0166,2023-03-01,0,SOUTH
MED-0166,2023-04-01,0,SOUTH
MED-0166,2023-05-01,2,SOUTH
MED-0166,2023-06-01,0,SOUTH
MED-0166,2023-07-01,0,CENTRAL
MED-0166,2023-08-01,0,CENTRAL
MED-0166,2023-09-01,7,SOUTH
MED-0166,2023-10-01,0,SOUTH
MED-0166,2023-11-01,3,SOUTH
MED-0166,2023-12-01,0,SOUTH
MED-0166,2024-01-01,0,SOUTH
MED-0166,2024-02-01,3,SOUTH
MED-0166,2024-03-01,4,NORTH
MED-0166,2024-04-01,0,SOUTH
MED-0166,2024-05-01,0,SOUTH
MED-0166,2024-06-01,16,SOUTH
MED-0166,2024-07-01,0,NORTH
MED-0166,2024-08-01,0,SOUTH
MED-0166,2024-09-01,0,SOUTH
MED-0166,2024-10-01,0,SOUTH
MED-0166,2024-11-01,0,CENTRAL
MED-0166,2024-12-01,6,SOUTH
MED-0166,2025-01-01,0,CENTRAL
MED-0166,2025-02-01,5,SOUTH
MED-0166,2025-03-01,5,EAST
MED-0166,2025-04-01,5,CENTRAL
MED-0166,2025-05-01,0,SOUTH
MED-0166,2025-06-01,0,SOUTH
MED-0166,2025-07-01,4,SOUTH
MED-0166,2025-08-01,0,SOUTH
MED-0166,2025-09-01,0,SOUTH
MED-0166,2025-10-01,0,SOUTH
MED-0166,2025-11-01,6,SOUTH
MED-0166,2025-12-01,0,SOUTH
MED-0167,2022-01-01,10,NORTH
MED-0167,2022-02-01,3,NORTH
MED-0167,2022-03-01,9,NORTH
MED-0167,2022-04-01,11,WEST
MED-0167,2022-05-01,7,NORTH
MED-0167,2022-06-01,10,NORTH
MED-0167,2022-07-01,4,NORTH
MED-0167,2022-08-01,8,NORTH
MED-0167,2022-09-01,4,NORTH
MED-0167,2022-10-01,7,CENTRAL
MED-0167,2022-11-01,7,NORTH
MED-0167,2022-12-01,7,NORTH
MED-0167,2023-01-01,5,NORTH
MED-0167,2023-02-01,5,WEST
MED-0167,2023-03-01,7,NORTH
MED-0167,2023-04-01,4,NORTH
MED-0167,2023-05-01,6,SOUTH
MED-0167,2023-06-01,2,NORTH
MED-0167,2023-07-01,7,NORTH
MED-0167,2023-08-01,6,CENTRAL
MED-0167,2023-09-01,9,NORTH
MED-0167,2023-10-01,9,NORTH
MED-0167,2023-11-01,8,NORTH
MED-0167,2023-12-01,9,EAST
MED-0167,2024-01-01,6,NORTH
MED-0167,2024-02-01,6,WEST
MED-0167,2024-03-01,12,NORTH
MED-0167,2024-04-01,4,CENTRAL
MED-0167,2024-05-01,8,NORTH
MED-0167,2024-06-01,6,NORTH
MED-0167,2024-07-01,8,SOUTH
MED-0167,2024-08-01,3,NORTH
MED-0167,2024-09-01,9,SOUTH
MED-0167,2024-10-01,9,NORTH
MED-0167,2024-11-01,7,CENTRAL
MED-0167,2024-12-01,2,NORTH
MED-0167,2025-01-01,8,SOUTH
MED-0167,2025-02-01,11,NORTH
MED-0167,2025-03-01,8,NORTH
MED-0167,2025-04-01,6,NORTH
MED-0167,2025-05-01,5,EAST
MED-0167,2025-06-01,5,CENTRAL
MED-0167,2025-07-01,3,NORTH
MED-0167,2025-08-01,3,WEST
MED-0167,2025-09-01,4,NORTH
MED-0167,2025-10-01,6,NORTH
MED-0167,2025-11-01,8,NORTH
MED-0167,2025-12-01,8,WEST
MED-0168,2024-07-01,0,CENTRAL
MED-0168,2024-08-01,0,CENTRAL
MED-0168,2024-09-01,5,NORTH
MED-0168,2024-10-01,7,CENTRAL
MED-0168,2024-11-01,0,CENTRAL
MED-0168,2024-12-01,5,NORTH
MED-0168,2025-01-01,8,NORTH
MED-0168,2025-02-01,0,CENTRAL
MED-0168,2025-03-01,8,CENTRAL
MED-0168,2025-04-01,6,CENTRAL
MED-0168,2025-05-01,6,SOUTH
MED-0168,2025-06-01,0,WEST
MED-0168,2025-07-01,0,NORTH
MED-0168,2025-08-01,0,EAST
MED-0168,2025-09-01,0,EAST
MED-0168,2025-10-01,8,SOUTH
MED-0168,2025-11-01,0,CENTRAL
MED-0168,2025-12-01,0,CENTRAL
MED-0169,2022-07-01,0,EAST
MED-0169,2022-08-01,7,SOUTH
MED-0169,2022-09-01,3,EAST
MED-0169,2022-10-01,5,NORTH
MED-0169,2022-11-01,8,EAST
MED-0169,2022-12-01,3,EAST
MED-0169,2023-01-01,6,NORTH
MED-0169,2023-02-01,4,SOUTH
MED-0169,2023-03-01,4,EAST
MED-0169,2023-04-01,4,EAST
MED-0169,2023-05-01,2,EAST
MED-0169,2023-06-01,8,SOUTH
MED-0169,2023-07-01,10,EAST
MED-0169,2023-08-01,3,SOUTH
MED-0169,2023-09-01,8,NORTH
MED-0169,2023-10-01,5,WEST
MED-0169,2023-11-01,1,EAST
MED-0169,2023-12-01,1,EAST
MED-0169,2024-01-01,5,EAST
MED-0169,2024-02-01,5,EAST
MED-0169,2024-03-01,7,EAST
MED-0169,2024-04-01,3,NORTH
MED-0169,2024-05-01,5,NORTH
MED-0169,2024-06-01,7,EAST
MED-0169,2024-07-01,3,EAST
MED-0169,2024-08-01,6,CENTRAL
MED-0169,2024-09-01,7,NORTH
MED-0169,2024-10-01,6,EAST
MED-0169,2024-11-01,5,WEST
MED-0169,2024-12-01,4,WEST
MED-0169,2025-01-01,6,EAST
MED-0169,2025-02-01,9,CENTRAL
MED-0169,2025-03-01,5,EAST
MED-0169,2025-04-01,3,EAST
MED-0169,2025-05-01,7,WEST
MED-0169,2025-06-01,1,WEST
MED-0169,2025-07-01,3,EAST
MED-0169,2025-08-01,4,EAST
MED-0169,2025-09-01,6,EAST
MED-0169,2025-10-01,3,EAST
MED-0169,2025-11-01,5,CENTRAL
MED-0169,2025-12-01,7,CENTRAL
MED-0170,2022-01-01,2,NORTH
MED-0170,2022-02-01,3,WEST
MED-0170,2022-03-01,9,SOUTH
MED-0170,2022-04-01,22,NORTH
MED-0170,2022-05-01,6,WEST
MED-0170,2022-06-01,9,SOUTH
MED-0170,2022-07-01,5,WEST
MED-0170,2022-08-01,2,SOUTH
MED-0170,2022-09-01,8,SOUTH
MED-0170,2022-10-01,9,SOUTH
MED-0170,2022-11-01,4,SOUTH
MED-0170,2022-12-01,4,WEST
MED-0170,2023-01-01,6,SOUTH
MED-0170,2023-02-01,4,SOUTH
MED-0170,2023-03-01,9,SOUTH
MED-0170,2023-04-01,8,SOUTH
MED-0170,2023-05-01,7,SOUTH
MED-0170,2023-06-01,8,CENTRAL
MED-0170,2023-07-01,3,SOUTH
MED-0170,2023-08-01,9,EAST
MED-0170,2023-09-01,18,WEST
MED-0170,2023-10-01,9,CENTRAL
MED-0170,2023-11-01,3,SOUTH
MED-0170,2023-12-01,4,SOUTH
MED-0170,2024-01-01,3,SOUTH
MED-0170,2024-02-01,7,SOUTH
MED-0170,2024-03-01,6,SOUTH
MED-0170,2024-04-01,7,SOUTH
MED-0170,2024-05-01,6,WEST
MED-0170,2024-06-01,13,SOUTH
MED-0170,2024-07-01,6,SOUTH
MED-0170,2024-08-01,26,SOUTH
MED-0170,2024-09-01,7,SOUTH
MED-0170,2024-10-01,40,SOUTH
MED-0170,2024-11-01,6,SOUTH
MED-0170,2024-12-01,3,SOUTH
MED-0170,2025-01-01,6,SOUTH
MED-0170,2025-02-01,7,WEST
MED-0170,2025-03-01,3,SOUTH
MED-0170,2025-04-01,6,SOUTH
MED-0170,2025-05-01,8,SOUTH
MED-0170,2025-06-01,8,SOUTH
MED-0170,2025-07-01,4,WEST
MED-0170,2025-08-01,6,SOUTH
MED-0170,2025-09-01,9,SOUTH
MED-0170,2025-10-01,14,SOUTH
MED-0170,2025-11-01,5,SOUTH
MED-0170,2025-12-01,5,SOUTH
MED-0171,2023-07-01,3,NORTH
MED-0171,2023-08-01,0,SOUTH
MED-0171,2023-09-01,5,CENTRAL
MED-0171,2023-10-01,0,WEST
MED-0171,2023-11-01,33,CENTRAL
MED-0171,2023-12-01,0,WEST
MED-0171,2024-01-01,0,CENTRAL
MED-0171,2024-02-01,0,CENTRAL
MED-0171,2024-03-01,0,CENTRAL
MED-0171,2024-04-01,0,CENTRAL
MED-0171,2024-05-01,0,CENTRAL
MED-0171,2024-06-01,5,CENTRAL
MED-0171,2024-07-01,0,CENTRAL
MED-0171,2024-08-01,0,CENTRAL
MED-0171,2024-09-01,0,CENTRAL
MED-0171,2024-10-01,0,CENTRAL
MED-0171,2024-11-01,0,CENTRAL
MED-0171,2024-12-01,0,CENTRAL
MED-0171,2025-01-01,0,NORTH
MED-0171,2025-02-01,0,NORTH
MED-0171,2025-03-01,5,CENTRAL
MED-0171,2025-04-01,0,CENTRAL
MED-0171,2025-05-01,0,CENTRAL
MED-0171,2025-06-01,8,EAST
MED-0171,2025-07-01,0,CENTRAL
MED-0171,2025-08-01,0,SOUTH
MED-0171,2025-09-01,0,CENTRAL
MED-0171,2025-10-01,0,NORTH
MED-0171,2025-11-01,0,CENTRAL
MED-0171,2025-12-01,0,EAST
MED-0172,2024-07-01,0,NORTH
MED-0172,2024-08-01,0,SOUTH
MED-0172,2024-09-01,0,NORTH
MED-0172,2024-10-01,0,NORTH
MED-0172,2024-11-01,0,CENTRAL
MED-0172,2024-12-01,0,NORTH
MED-0172,2025-01-01,0,NORTH
MED-0172,2025-02-01,3,NORTH
MED-0172,2025-03-01,0,NORTH
MED-0172,2025-04-01,0,EAST
MED-0172,2025-05-01,0,NORTH
MED-0172,2025-06-01,0,NORTH
MED-0172,2025-07-01,0,EAST
MED-0172,2025-08-01,0,NORTH
MED-0172,2025-09-01,0,EAST
MED-0172,2025-10-01,0,NORTH
MED-0172,2025-11-01,0,NORTH
MED-0172,2025-12-01,0,NORTH
MED-0173,2022-01-01,3,EAST
MED-0173,2022-02-01,0,EAST
MED-0173,2022-03-01,5,WEST
MED-0173,2022-04-01,0,CENTRAL
MED-0173,2022-05-01,0,EAST
MED-0173,2022-06-01,0,EAST
MED-0173,2022-07-01,0,CENTRAL
MED-0173,2022-08-01,4,EAST
MED-0173,2022-09-01,0,EAST
MED-0173,2022-10-01,1,EAST
MED-0173,2022-11-01,0,EAST
MED-0173,2022-12-01,3,EAST
MED-0173,2023-01-01,0,EAST
MED-0173,2023-02-01,0,EAST
MED-0173,2023-03-01,0,SOUTH
MED-0173,2023-04-01,0,EAST
MED-0173,2023-05-01,2,EAST
MED-0173,2023-06-01,0,EAST
MED-0173,2023-07-01,4,NORTH
MED-0173,2023-08-01,16,EAST
MED-0173,2023-09-01,2,NORTH
MED-0173,2023-10-01,0,NORTH
MED-0173,2023-11-01,0,EAST
MED-0173,2023-12-01,6,CENTRAL
MED-0173,2024-01-01,0,EAST
MED-0173,2024-02-01,9,CENTRAL
MED-0173,2024-03-01,0,EAST
MED-0173,2024-04-01,0,EAST
MED-0173,2024-05-01,0,EAST
MED-0173,2024-06-01,0,EAST
MED-0173,2024-07-01,0,EAST
MED-0173,2024-08-01,0,NORTH
MED-0173,2024-09-01,0,CENTRAL
MED-0173,2024-10-01,6,EAST
MED-0173,2024-11-01,7,EAST
MED-0173,2024-12-01,0,EAST
MED-0173,2025-01-01,0,EAST
MED-0173,2025-02-01,0,EAST
MED-0173,2025-03-01,0,EAST
MED-0173,2025-04-01,0,SOUTH
MED-0173,2025-05-01,0,SOUTH
MED-0173,2025-06-01,0,WEST
MED-0173,2025-07-01,4,EAST
MED-0173,2025-08-01,4,CENTRAL
MED-0173,2025-09-01,8,EAST
MED-0173,2025-10-01,0,CENTRAL
MED-0173,2025-11-01,0,EAST
MED-0173,2025-12-01,0,WEST
MED-0174,2022-01-01,0,NORTH
MED-0174,2022-02-01,0,NORTH
MED-0174,2022-03-01,0,NORTH
MED-0174,2022-04-01,0,NORTH
MED-0174,2022-05-01,0,NORTH
MED-0174,2022-06-01,0,SOUTH
MED-0174,2022-07-01,7,NORTH
MED-0174,2022-08-01,0,CENTRAL
MED-0174,2022-09-01,5,NORTH
MED-0174,2022-10-01,0,NORTH
MED-0174,2022-11-01,0,EAST
MED-0174,2022-12-01,0,NORTH
MED-0174,2023-01-01,0,NORTH
MED-0174,2023-02-01,0,NORTH
MED-0174,2023-03-01,1,NORTH
MED-0174,2023-04-01,4,NORTH
MED-0174,2023-05-01,0,NORTH
MED-0174,2023-06-01,7,CENTRAL
MED-0174,2023-07-01,0,WEST
MED-0174,2023-08-01,0,WEST
MED-0174,2023-09-01,0,NORTH
MED-0174,2023-10-01,0,NORTH
MED-0174,2023-11-01,0,NORTH
MED-0174,2023-12-01,0,CENTRAL
MED-0174,2024-01-01,0,NORTH
MED-0174,2024-02-01,0,NORTH
MED-0174,2024-03-01,5,NORTH
MED-0174,2024-04-01,0,CENTRAL
MED-0174,2024-05-01,15,NORTH
MED-0174,2024-06-01,4,NORTH
MED-0174,2024-07-01,7,NORTH
MED-0174,2024-08-01,0,EAST
MED-0174,2024-09-01,0,CENTRAL
MED-0174,2024-10-01,0,CENTRAL
MED-0174,2024-11-01,0,WEST
MED-0174,2024-12-01,4,NORTH
MED-0174,2025-01-01,0,EAST
MED-0174,2025-02-01,1,WEST
MED-0174,2025-03-01,0,NORTH
MED-0174,2025-04-01,0,CENTRAL
MED-0174,2025-05-01,0,NORTH
MED-0174,2025-06-01,3,CENTRAL
MED-0174,2025-07-01,0,EAST
MED-0174,2025-08-01,0,EAST
MED-0174,2025-09-01,0,NORTH
MED-0174,2025-10-01,0,NORTH
MED-0174,2025-11-01,6,NORTH
MED-0174,2025-12-01,0,EAST
MED-0175,2024-01-01,0,SOUTH
MED-0175,2024-02-01,0,NORTH
MED-0175,2024-03-01,0,SOUTH
MED-0175,2024-04-01,0,SOUTH
MED-0175,2024-05-01,0,SOUTH
MED-0175,2024-06-01,0,SOUTH
MED-0175,2024-07-01,0,SOUTH
MED-0175,2024-08-01,0,EAST
MED-0175,2024-09-01,0,NORTH
MED-0175,2024-10-01,0,SOUTH
MED-0175,2024-11-01,4,SOUTH
MED-0175,2024-12-01,0,SOUTH
MED-0175,2025-01-01,0,EAST
MED-0175,2025-02-01,0,SOUTH
MED-0175,2025-03-01,0,SOUTH
MED-0175,2025-04-01,0,EAST
MED-0175,2025-05-01,10,SOUTH
MED-0175,2025-06-01,0,EAST
MED-0175,2025-07-01,0,SOUTH
MED-0175,2025-08-01,0,NORTH
MED-0175,2025-09-01,0,SOUTH
MED-0175,2025-10-01,0,SOUTH
MED-0175,2025-11-01,0,NORTH
MED-0175,2025-12-01,0,EAST
MED-0176,2024-07-01,2,SOUTH
MED-0176,2024-08-01,2,NORTH
MED-0176,2024-09-01,2,NORTH
MED-0176,2024-10-01,3,EAST
MED-0176,2024-11-01,4,NORTH
MED-0176,2024-12-01,3,NORTH
MED-0176,2025-01-01,1,NORTH
MED-0176,2025-02-01,1,NORTH
MED-0176,2025-03-01,5,WEST
MED-0176,2025-04-01,2,NORTH
MED-0176,2025-05-01,10,NORTH
MED-0176,2025-06-01,3,NORTH
MED-0176,2025-07-01,12,NORTH
MED-0176,2025-08-01,7,EAST
MED-0176,2025-09-01,3,EAST
MED-0176,2025-10-01,2,NORTH
MED-0176,2025-11-01,2,NORTH
MED-0176,2025-12-01,4,NORTH
MED-0177,2024-07-01,10,EAST
MED-0177,2024-08-01,8,EAST
MED-0177,2024-09-01,4,EAST
MED-0177,2024-10-01,0,EAST
MED-0177,2024-11-01,4,EAST
MED-0177,2024-12-01,4,EAST
MED-0177,2025-01-01,5,EAST
MED-0177,2025-02-01,4,EAST
MED-0177,2025-03-01,6,EAST
MED-0177,2025-04-01,4,NORTH
MED-0177,2025-05-01,3,EAST
MED-0177,2025-06-01,6,EAST
MED-0177,2025-07-01,5,EAST
MED-0177,2025-08-01,3,EAST
MED-0177,2025-09-01,10,EAST
MED-0177,2025-10-01,1,SOUTH
MED-0177,2025-11-01,9,EAST
MED-0177,2025-12-01,7,EAST
MED-0178,2022-01-01,0,SOUTH
MED-0178,2022-02-01,11,SOUTH
MED-0178,2022-03-01,0,SOUTH
MED-0178,2022-04-01,0,SOUTH
MED-0178,2022-05-01,0,SOUTH
MED-0178,2022-06-01,0,SOUTH
MED-0178,2022-07-01,0,EAST
MED-0178,2022-08-01,0,SOUTH
MED-0178,2022-09-01,0,SOUTH
MED-0178,2022-10-01,55,SOUTH
MED-0178,2022-11-01,0,NORTH
MED-0178,2022-12-01,0,SOUTH
MED-0178,2023-01-01,0,SOUTH
MED-0178,2023-02-01,0,SOUTH
MED-0178,2023-03-01,0,SOUTH
MED-0178,2023-04-01,0,SOUTH
MED-0178,2023-05-01,128,NORTH
MED-0178,2023-06-01,0,SOUTH
MED-0178,2023-07-01,0,SOUTH
MED-0178,2023-08-01,0,SOUTH
MED-0178,2023-09-01,0,SOUTH
MED-0178,2023-10-01,0,CENTRAL
MED-0178,2023-11-01,0,SOUTH
MED-0178,2023-12-01,0,EAST
MED-0178,2024-01-01,0,SOUTH
MED-0178,2024-02-01,0,SOUTH
MED-0178,2024-03-01,0,EAST
MED-0178,2024-04-01,0,SOUTH
MED-0178,2024-05-01,0,SOUTH
MED-0178,2024-06-01,12,EAST
MED-0178,2024-07-01,0,SOUTH
MED-0178,2024-08-01,0,CENTRAL
MED-0178,2024-09-01,0,SOUTH
MED-0178,2024-10-01,0,CENTRAL
MED-0178,2024-11-01,0,SOUTH
MED-0178,2024-12-01,0,WEST
MED-0178,2025-01-01,9,SOUTH
MED-0178,2025-02-01,0,SOUTH
MED-0178,2025-03-01,0,SOUTH
MED-0178,2025-04-01,0,SOUTH
MED-0178,2025-05-01,0,EAST
MED-0178,2025-06-01,0,SOUTH
MED-0178,2025-07-01,19,SOUTH
MED-0178,2025-08-01,0,EAST
MED-0178,2025-09-01,0,CENTRAL
MED-0178,2025-10-01,0,SOUTH
MED-0178,2025-11-01,0,SOUTH
MED-0178,2025-12-01,11,NORTH
MED-0179,2022-01-01,9,EAST
MED-0179,2022-02-01,0,EAST
MED-0179,2022-03-01,0,EAST
MED-0179,2022-04-01,0,NORTH
MED-0179,2022-05-01,0,EAST
MED-0179,2022-06-01,0,EAST
MED-0179,2022-07-01,2,WEST
MED-0179,2022-08-01,0,EAST
MED-0179,2022-09-01,0,EAST
MED-0179,2022-10-01,0,SOUTH
MED-0179,2022-11-01,3,EAST
MED-0179,2022-12-01,0,EAST
MED-0179,2023-01-01,0,SOUTH
MED-0179,2023-02-01,0,EAST
MED-0179,2023-03-01,0,CENTRAL
MED-0179,2023-04-01,0,EAST
MED-0179,2023-05-01,0,EAST
MED-0179,2023-06-01,2,EAST
MED-0179,2023-07-01,0,EAST
MED-0179,2023-08-01,0,CENTRAL
MED-0179,2023-09-01,0,EAST
MED-0179,2023-10-01,0,WEST
MED-0179,2023-11-01,5,NORTH
MED-0179,2023-12-01,0,EAST
MED-0179,2024-01-01,0,EAST
MED-0179,2024-02-01,7,EAST
MED-0179,2024-03-01,0,EAST
MED-0179,2024-04-01,4,WEST
MED-0179,2024-05-01,0,WEST
MED-0179,2024-06-01,0,EAST
MED-0179,2024-07-01,6,EAST
MED-0179,2024-08-01,2,NORTH
MED-0179,2024-09-01,0,EAST
MED-0179,2024-10-01,0,EAST
MED-0179,2024-11-01,13,EAST
MED-0179,2024-12-01,0,EAST
MED-0179,2025-01-01,0,EAST
MED-0179,2025-02-01,0,EAST
MED-0179,2025-03-01,4,NORTH
MED-0179,2025-04-01,0,EAST
MED-0179,2025-05-01,0,WEST
MED-0179,2025-06-01,0,EAST
MED-0179,2025-07-01,0,SOUTH
MED-0179,2025-08-01,0,EAST
MED-0179,2025-09-01,0,CENTRAL
MED-0179,2025-10-01,0,EAST
MED-0179,2025-11-01,0,EAST
MED-0179,2025-12-01,0,EAST
MED-0180,2022-07-01,0,NORTH
MED-0180,2022-08-01,0,NORTH
MED-0180,2022-09-01,8,SOUTH
MED-0180,2022-10-01,0,CENTRAL
MED-0180,2022-11-01,10,NORTH
MED-0180,2022-12-01,0,NORTH
MED-0180,2023-01-01,0,NORTH
MED-0180,2023-02-01,0,NORTH
MED-0180,2023-03-01,0,SOUTH
MED-0180,2023-04-01,0,NORTH
MED-0180,2023-05-01,0,EAST
MED-0180,2023-06-01,0,NORTH
MED-0180,2023-07-01,0,NORTH
MED-0180,2023-08-01,0,NORTH
MED-0180,2023-09-01,0,EAST
MED-0180,2023-10-01,0,NORTH
MED-0180,2023-11-01,0,NORTH
MED-0180,2023-12-01,0,NORTH
MED-0180,2024-01-01,0,WEST
MED-0180,2024-02-01,0,NORTH
MED-0180,2024-03-01,0,NORTH
MED-0180,2024-04-01,0,NORTH
MED-0180,2024-05-01,0,EAST
MED-0180,2024-06-01,0,CENTRAL
MED-0180,2024-07-01,0,NORTH
MED-0180,2024-08-01,0,NORTH
MED-0180,2024-09-01,0,WEST
MED-0180,2024-10-01,0,NORTH
MED-0180,2024-11-01,0,CENTRAL
MED-0180,2024-12-01,0,NORTH
MED-0180,2025-01-01,0,NORTH
MED-0180,2025-02-01,0,NORTH
MED-0180,2025-03-01,0,NORTH
MED-0180,2025-04-01,0,NORTH
MED-0180,2025-05-01,0,NORTH
MED-0180,2025-06-01,0,CENTRAL
MED-0180,2025-07-01,34,CENTRAL
MED-0180,2025-08-01,0,NORTH
MED-0180,2025-09-01,0,WEST
MED-0180,2025-10-01,0,EAST
MED-0180,2025-11-01,0,NORTH
MED-0180,2025-12-01,0,NORTH
MED-0181,2022-01-01,6,CENTRAL
MED-0181,2022-02-01,3,NORTH
MED-0181,2022-03-01,1,NORTH
MED-0181,2022-04-01,6,NORTH
MED-0181,2022-05-01,2,NORTH
MED-0181,2022-06-01,4,NORTH
MED-0181,2022-07-01,9,NORTH
MED-0181,2022-08-01,1,NORTH
MED-0181,2022-09-01,7,EAST
MED-0181,2022-10-01,0,NORTH
MED-0181,2022-11-01,0,SOUTH
MED-0181,2022-12-01,5,NORTH
MED-0181,2023-01-01,1,SOUTH
MED-0181,2023-02-01,0,NORTH
MED-0181,2023-03-01,3,CENTRAL
MED-0181,2023-04-01,3,NORTH
MED-0181,2023-05-01,2,EAST
MED-0181,2023-06-01,1,NORTH
MED-0181,2023-07-01,2,NORTH
MED-0181,2023-08-01,2,NORTH
MED-0181,2023-09-01,11,NORTH
MED-0181,2023-10-01,4,CENTRAL
MED-0181,2023-11-01,4,NORTH
MED-0181,2023-12-01,6,NORTH
MED-0181,2024-01-01,6,EAST
MED-0181,2024-02-01,5,NORTH
MED-0181,2024-03-01,4,EAST
MED-0181,2024-04-01,0,NORTH
MED-0181,2024-05-01,1,NORTH
MED-0181,2024-06-01,1,CENTRAL
MED-0181,2024-07-01,1,NORTH
MED-0181,2024-08-01,0,NORTH
MED-0181,2024-09-01,2,NORTH
MED-0181,2024-10-01,4,NORTH
MED-0181,2024-11-01,5,NORTH
MED-0181,2024-12-01,5,NORTH
MED-0181,2025-01-01,0,WEST
MED-0181,2025-02-01,1,NORTH
MED-0181,2025-03-01,3,NORTH
MED-0181,2025-04-01,6,NORTH
MED-0181,2025-05-01,5,NORTH
MED-0181,2025-06-01,3,NORTH
MED-0181,2025-07-01,6,SOUTH
MED-0181,2025-08-01,3,NORTH
MED-0181,2025-09-01,5,NORTH
MED-0181,2025-10-01,0,NORTH
MED-0181,2025-11-01,1,NORTH
MED-0181,2025-12-01,3,SOUTH
MED-0182,2024-01-01,0,NORTH
MED-0182,2024-02-01,0,NORTH
MED-0182,2024-03-01,0,NORTH
MED-0182,2024-04-01,0,NORTH
MED-0182,2024-05-01,0,NORTH
MED-0182,2024-06-01,0,SOUTH
MED-0182,2024-07-01,0,NORTH
MED-0182,2024-08-01,0,EAST
MED-0182,2024-09-01,0,NORTH
MED-0182,2024-10-01,0,NORTH
MED-0182,2024-11-01,0,NORTH
MED-0182,2024-12-01,0,NORTH
MED-0182,2025-01-01,0,NORTH
MED-0182,2025-02-01,0,NORTH
MED-0182,2025-03-01,4,NORTH
MED-0182,2025-04-01,0,NORTH
MED-0182,2025-05-01,0,NORTH
MED-0182,2025-06-01,0,NORTH
MED-0182,2025-07-01,0,CENTRAL
MED-0182,2025-08-01,0,WEST
MED-0182,2025-09-01,0,NORTH
MED-0182,2025-10-01,0,NORTH
MED-0182,2025-11-01,0,NORTH
MED-0182,2025-12-01,11,NORTH
MED-0183,2023-01-01,0,EAST
MED-0183,2023-02-01,0,NORTH
MED-0183,2023-03-01,0,EAST
MED-0183,2023-04-01,0,CENTRAL
MED-0183,2023-05-01,0,WEST
MED-0183,2023-06-01,0,EAST
MED-0183,2023-07-01,2,EAST
MED-0183,2023-08-01,0,SOUTH
MED-0183,2023-09-01,7,EAST
MED-0183,2023-10-01,0,CENTRAL
MED-0183,2023-11-01,0,EAST
MED-0183,2023-12-01,0,EAST
MED-0183,2024-01-01,0,WEST
MED-0183,2024-02-01,0,CENTRAL
MED-0183,2024-03-01,0,EAST
MED-0183,2024-04-01,0,EAST
MED-0183,2024-05-01,0,EAST
MED-0183,2024-06-01,0,EAST
MED-0183,2024-07-01,0,EAST
MED-0183,2024-08-01,0,EAST
MED-0183,2024-09-01,0,EAST
MED-0183,2024-10-01,0,EAST
MED-0183,2024-11-01,0,EAST
MED-0183,2024-12-01,0,EAST
MED-0183,2025-01-01,0,EAST
MED-0183,2025-02-01,0,CENTRAL
MED-0183,2025-03-01,0,NORTH
MED-0183,2025-04-01,0,EAST
MED-0183,2025-05-01,0,WEST
MED-0183,2025-06-01,0,EAST
MED-0183,2025-07-01,0,CENTRAL
MED-0183,2025-08-01,0,EAST
MED-0183,2025-09-01,19,EAST
MED-0183,2025-10-01,0,EAST
MED-0183,2025-11-01,0,EAST
MED-0183,2025-12-01,0,WEST
MED-0184,2024-01-01,13,SOUTH
MED-0184,2024-02-01,5,EAST
MED-0184,2024-03-01,0,SOUTH
MED-0184,2024-04-01,0,WEST
MED-0184,2024-05-01,0,SOUTH
MED-0184,2024-06-01,0,NORTH
MED-0184,2024-07-01,0,EAST
MED-0184,2024-08-01,0,SOUTH
MED-0184,2024-09-01,0,WEST
MED-0184,2024-10-01,0,SOUTH
MED-0184,2024-11-01,0,SOUTH
MED-0184,2024-12-01,0,SOUTH
MED-0184,2025-01-01,40,NORTH
MED-0184,2025-02-01,0,SOUTH
MED-0184,2025-03-01,0,SOUTH
MED-0184,2025-04-01,0,SOUTH
MED-0184,2025-05-01,0,SOUTH
MED-0184,2025-06-01,0,SOUTH
MED-0184,2025-07-01,0,SOUTH
MED-0184,2025-08-01,54,SOUTH
MED-0184,2025-09-01,0,SOUTH
MED-0184,2025-10-01,0,SOUTH
MED-0184,2025-11-01,0,NORTH
MED-0184,2025-12-01,0,SOUTH
MED-0185,2022-01-01,3,CENTRAL
MED-0185,2022-02-01,0,CENTRAL
MED-0185,2022-03-01,0,CENTRAL
MED-0185,2022-04-01,0,NORTH
MED-0185,2022-05-01,0,CENTRAL
MED-0185,2022-06-01,0,CENTRAL
MED-0185,2022-07-01,0,EAST
MED-0185,2022-08-01,0,CENTRAL
MED-0185,2022-09-01,0,NORTH
MED-0185,2022-10-01,0,CENTRAL
MED-0185,2022-11-01,0,CENTRAL
MED-0185,2022-12-01,0,CENTRAL
MED-0185,2023-01-01,0,CENTRAL
MED-0185,2023-02-01,0,CENTRAL
MED-0185,2023-03-01,0,CENTRAL
MED-0185,2023-04-01,0,CENTRAL
MED-0185,2023-05-01,4,NORTH
MED-0185,2023-06-01,0,CENTRAL
MED-0185,2023-07-01,3,CENTRAL
MED-0185,2023-08-01,0,NORTH
MED-0185,2023-09-01,0,CENTRAL
MED-0185,2023-10-01,0,CENTRAL
MED-0185,2023-11-01,0,CENTRAL
MED-0185,2023-12-01,0,CENTRAL
MED-0185,2024-01-01,0,CENTRAL
MED-0185,2024-02-01,0,CENTRAL
MED-0185,2024-03-01,0,CENTRAL
MED-0185,2024-04-01,0,CENTRAL
MED-0185,2024-05-01,0,CENTRAL
MED-0185,2024-06-01,0,CENTRAL
MED-0185,2024-07-01,12,EAST
MED-0185,2024-08-01,0,CENTRAL
MED-0185,2024-09-01,0,CENTRAL
MED-0185,2024-10-01,0,CENTRAL
MED-0185,2024-11-01,0,CENTRAL
MED-0185,2024-12-01,0,CENTRAL
MED-0185,2025-01-01,0,CENTRAL
MED-0185,2025-02-01,3,NORTH
MED-0185,2025-03-01,0,EAST
MED-0185,2025-04-01,0,WEST
MED-0185,2025-05-01,0,CENTRAL
MED-0185,2025-06-01,0,CENTRAL
MED-0185,2025-07-01,0,CENTRAL
MED-0185,2025-08-01,7,CENTRAL
MED-0185,2025-09-01,3,EAST
MED-0185,2025-10-01,0,CENTRAL
MED-0185,2025-11-01,0,NORTH
MED-0185,2025-12-01,0,CENTRAL
MED-0186,2023-07-01,10,CENTRAL
MED-0186,2023-08-01,0,CENTRAL
MED-0186,2023-09-01,0,CENTRAL
MED-0186,2023-10-01,2,CENTRAL
MED-0186,2023-11-01,0,CENTRAL
MED-0186,2023-12-01,0,CENTRAL
MED-0186,2024-01-01,0,CENTRAL
MED-0186,2024-02-01,0,CENTRAL
MED-0186,2024-03-01,0,NORTH
MED-0186,2024-04-01,0,CENTRAL
MED-0186,2024-05-01,3,CENTRAL
MED-0186,2024-06-01,5,CENTRAL
MED-0186,2024-07-01,3,CENTRAL
MED-0186,2024-08-01,0,CENTRAL
MED-0186,2024-09-01,0,CENTRAL
MED-0186,2024-10-01,0,CENTRAL
MED-0186,2024-11-01,0,CENTRAL
MED-0186,2024-12-01,5,CENTRAL
MED-0186,2025-01-01,0,EAST
MED-0186,2025-02-01,4,CENTRAL
MED-0186,2025-03-01,0,CENTRAL
MED-0186,2025-04-01,0,CENTRAL
MED-0186,2025-05-01,0,WEST
MED-0186,2025-06-01,4,CENTRAL
MED-0186,2025-07-01,0,CENTRAL
MED-0186,2025-08-01,0,CENTRAL
MED-0186,2025-09-01,0,EAST
MED-0186,2025-10-01,9,CENTRAL
MED-0186,2025-11-01,0,CENTRAL
MED-0186,2025-12-01,0,SOUTH
MED-0187,2024-01-01,0,EAST
MED-0187,2024-02-01,0,CENTRAL
MED-0187,2024-03-01,0,EAST
MED-0187,2024-04-01,0,NORTH
MED-0187,2024-05-01,0,EAST
MED-0187,2024-06-01,0,EAST
MED-0187,2024-07-01,0,EAST
MED-0187,2024-08-01,0,EAST
MED-0187,2024-09-01,0,EAST
MED-0187,2024-10-01,0,EAST
MED-0187,2024-11-01,0,EAST
MED-0187,2024-12-01,0,EAST
MED-0187,2025-01-01,0,EAST
MED-0187,2025-02-01,0,EAST
MED-0187,2025-03-01,0,EAST
MED-0187,2025-04-01,0,EAST
MED-0187,2025-05-01,12,CENTRAL
MED-0187,2025-06-01,0,EAST
MED-0187,2025-07-01,0,NORTH
MED-0187,2025-08-01,0,EAST
MED-0187,2025-09-01,0,EAST
MED-0187,2025-10-01,23,EAST
MED-0187,2025-11-01,0,NORTH
MED-0187,2025-12-01,0,WEST
MED-0188,2022-07-01,4,CENTRAL
MED-0188,2022-08-01,7,NORTH
MED-0188,2022-09-01,5,NORTH
MED-0188,2022-10-01,8,NORTH
MED-0188,2022-11-01,9,EAST
MED-0188,2022-12-01,6,NORTH
MED-0188,2023-01-01,4,EAST
MED-0188,2023-02-01,11,CENTRAL
MED-0188,2023-03-01,10,EAST
MED-0188,2023-04-01,5,NORTH
MED-0188,2023-05-01,6,EAST
MED-0188,2023-06-01,7,NORTH
MED-0188,2023-07-01,7,EAST
MED-0188,2023-08-01,5,NORTH
MED-0188,2023-09-01,4,NORTH
MED-0188,2023-10-01,4,NORTH
MED-0188,2023-11-01,4,NORTH
MED-0188,2023-12-01,5,NORTH
MED-0188,2024-01-01,6,CENTRAL
MED-0188,2024-02-01,5,NORTH
MED-0188,2024-03-01,11,WEST
MED-0188,2024-04-01,9,EAST
MED-0188,2024-05-01,5,NORTH
MED-0188,2024-06-01,7,NORTH
MED-0188,2024-07-01,8,NORTH
MED-0188,2024-08-01,5,NORTH
MED-0188,2024-09-01,7,WEST
MED-0188,2024-10-01,9,SOUTH
MED-0188,2024-11-01,6,NORTH
MED-0188,2024-12-01,5,EAST
MED-0188,2025-01-01,12,NORTH
MED-0188,2025-02-01,3,SOUTH
MED-0188,2025-03-01,6,NORTH
MED-0188,2025-04-01,6,WEST
MED-0188,2025-05-01,8,NORTH
MED-0188,2025-06-01,5,NORTH
MED-0188,2025-07-01,12,SOUTH
MED-0188,2025-08-01,4,NORTH
MED-0188,2025-09-01,5,NORTH
MED-0188,2025-10-01,2,WEST
MED-0188,2025-11-01,10,NORTH
MED-0188,2025-12-01,7,EAST
MED-0189,2022-01-01,5,SOUTH
MED-0189,2022-02-01,6,SOUTH
MED-0189,2022-03-01,6,SOUTH
MED-0189,2022-04-01,6,WEST
MED-0189,2022-05-01,10,CENTRAL
MED-0189,2022-06-01,8,WEST
MED-0189,2022-07-01,5,SOUTH
MED-0189,2022-08-01,6,EAST
MED-0189,2022-09-01,6,SOUTH
MED-0189,2022-10-01,5,SOUTH
MED-0189,2022-11-01,4,CENTRAL
MED-0189,2022-12-01,7,SOUTH
MED-0189,2023-01-01,0,SOUTH
MED-0189,2023-02-01,9,SOUTH
MED-0189,2023-03-01,5,EAST
MED-0189,2023-04-01,9,SOUTH
MED-0189,2023-05-01,8,SOUTH
MED-0189,2023-06-01,12,SOUTH
MED-0189,2023-07-01,4,NORTH
MED-0189,2023-08-01,8,SOUTH
MED-0189,2023-09-01,3,SOUTH
MED-0189,2023-10-01,4,SOUTH
MED-0189,2023-11-01,8,SOUTH
MED-0189,2023-12-01,7,SOUTH
MED-0189,2024-01-01,6,SOUTH
MED-0189,2024-02-01,5,EAST
MED-0189,2024-03-01,7,SOUTH
MED-0189,2024-04-01,3,SOUTH
MED-0189,2024-05-01,8,WEST
MED-0189,2024-06-01,1,EAST
MED-0189,2024-07-01,6,SOUTH
MED-0189,2024-08-01,6,CENTRAL
MED-0189,2024-09-01,10,WEST
MED-0189,2024-10-01,6,SOUTH
MED-0189,2024-11-01,6,CENTRAL
MED-0189,2024-12-01,6,EAST
MED-0189,2025-01-01,5,SOUTH
MED-0189,2025-02-01,5,CENTRAL
MED-0189,2025-03-01,6,CENTRAL
MED-0189,2025-04-01,2,EAST
MED-0189,2025-05-01,1,SOUTH
MED-0189,2025-06-01,7,SOUTH
MED-0189,2025-07-01,8,SOUTH
MED-0189,2025-08-01,4,CENTRAL
MED-0189,2025-09-01,0,SOUTH
MED-0189,2025-10-01,8,SOUTH
MED-0189,2025-11-01,4,CENTRAL
MED-0189,2025-12-01,5,CENTRAL
MED-0190,2023-01-01,0,EAST
MED-0190,2023-02-01,2,CENTRAL
MED-0190,2023-03-01,4,EAST
MED-0190,2023-04-01,2,EAST
MED-0190,2023-05-01,0,EAST
MED-0190,2023-06-01,9,EAST
MED-0190,2023-07-01,2,WEST
MED-0190,2023-08-01,4,EAST
MED-0190,2023-09-01,0,EAST
MED-0190,2023-10-01,5,NORTH
MED-0190,2023-11-01,4,NORTH
MED-0190,2023-12-01,4,EAST
MED-0190,2024-01-01,1,EAST
MED-0190,2024-02-01,2,EAST
MED-0190,2024-03-01,2,EAST
MED-0190,2024-04-01,5,EAST
MED-0190,2024-05-01,2,EAST
MED-0190,2024-06-01,1,EAST
MED-0190,2024-07-01,4,EAST
MED-0190,2024-08-01,5,EAST
MED-0190,2024-09-01,3,EAST
MED-0190,2024-10-01,5,WEST
MED-0190,2024-11-01,6,NORTH
MED-0190,2024-12-01,2,CENTRAL
MED-0190,2025-01-01,2,EAST
MED-0190,2025-02-01,0,CENTRAL
MED-0190,2025-03-01,9,NORTH
MED-0190,2025-04-01,2,WEST
MED-0190,2025-05-01,5,NORTH
MED-0190,2025-06-01,5,EAST
MED-0190,2025-07-01,4,EAST
MED-0190,2025-08-01,5,EAST
MED-0190,2025-09-01,1,EAST
MED-0190,2025-10-01,2,EAST
MED-0190,2025-11-01,6,EAST
MED-0190,2025-12-01,1,EAST
MED-0191,2022-01-01,0,SOUTH
MED-0191,2022-02-01,0,SOUTH
MED-0191,2022-03-01,0,CENTRAL
MED-0191,2022-04-01,7,SOUTH
MED-0191,2022-05-01,9,SOUTH
MED-0191,2022-06-01,0,CENTRAL
MED-0191,2022-07-01,0,SOUTH
MED-0191,2022-08-01,0,SOUTH
MED-0191,2022-09-01,23,SOUTH
MED-0191,2022-10-01,0,SOUTH
MED-0191,2022-11-01,0,NORTH
MED-0191,2022-12-01,0,SOUTH
MED-0191,2023-01-01,0,SOUTH
MED-0191,2023-02-01,0,SOUTH
MED-0191,2023-03-01,0,NORTH
MED-0191,2023-04-01,0,WEST
MED-0191,2023-05-01,0,SOUTH
MED-0191,2023-06-01,0,SOUTH
MED-0191,2023-07-01,0,WEST
MED-0191,2023-08-01,0,SOUTH
MED-0191,2023-09-01,0,SOUTH
MED-0191,2023-10-01,0,SOUTH
MED-0191,2023-11-01,0,NORTH
MED-0191,2023-12-01,0,CENTRAL
MED-0191,2024-01-01,0,SOUTH
MED-0191,2024-02-01,38,SOUTH
MED-0191,2024-03-01,0,SOUTH
MED-0191,2024-04-01,0,SOUTH
MED-0191,2024-05-01,13,SOUTH
MED-0191,2024-06-01,0,NORTH
MED-0191,2024-07-01,0,CENTRAL
MED-0191,2024-08-01,0,SOUTH
MED-0191,2024-09-01,0,WEST
MED-0191,2024-10-01,0,NORTH
MED-0191,2024-11-01,0,EAST
MED-0191,2024-12-01,0,WEST
MED-0191,2025-01-01,0,EAST
MED-0191,2025-02-01,0,EAST
MED-0191,2025-03-01,0,SOUTH
MED-0191,2025-04-01,0,SOUTH
MED-0191,2025-05-01,0,SOUTH
MED-0191,2025-06-01,0,SOUTH
MED-0191,2025-07-01,0,WEST
MED-0191,2025-08-01,8,SOUTH
MED-0191,2025-09-01,0,SOUTH
MED-0191,2025-10-01,6,SOUTH
MED-0191,2025-11-01,0,SOUTH
MED-0191,2025-12-01,0,CENTRAL
MED-0192,2022-01-01,0,NORTH
MED-0192,2022-02-01,0,SOUTH
MED-0192,2022-03-01,0,CENTRAL
MED-0192,2022-04-01,7,WEST
MED-0192,2022-05-01,9,SOUTH
MED-0192,2022-06-01,0,SOUTH
MED-0192,2022-07-01,0,SOUTH
MED-0192,2022-08-01,0,SOUTH
MED-0192,2022-09-01,1,SOUTH
MED-0192,2022-10-01,0,EAST
MED-0192,2022-11-01,0,SOUTH
MED-0192,2022-12-01,0,SOUTH
MED-0192,2023-01-01,2,WEST
MED-0192,2023-02-01,0,SOUTH
MED-0192,2023-03-01,0,SOUTH
MED-0192,2023-04-01,2,NORTH
MED-0192,2023-05-01,0,SOUTH
MED-0192,2023-06-01,0,SOUTH
MED-0192,2023-07-01,9,SOUTH
MED-0192,2023-08-01,0,SOUTH
MED-0192,2023-09-01,0,SOUTH
MED-0192,2023-10-01,0,SOUTH
MED-0192,2023-11-01,5,SOUTH
MED-0192,2023-12-01,0,SOUTH
MED-0192,2024-01-01,0,SOUTH
MED-0192,2024-02-01,0,NORTH
MED-0192,2024-03-01,4,SOUTH
MED-0192,2024-04-01,0,SOUTH
MED-0192,2024-05-01,9,CENTRAL
MED-0192,2024-06-01,0,NORTH
MED-0192,2024-07-01,0,SOUTH
MED-0192,2024-08-01,7,NORTH
MED-0192,2024-09-01,0,SOUTH
MED-0192,2024-10-01,0,SOUTH
MED-0192,2024-11-01,0,SOUTH
MED-0192,2024-12-01,0,CENTRAL
MED-0192,2025-01-01,8,SOUTH
MED-0192,2025-02-01,0,SOUTH
MED-0192,2025-03-01,0,WEST
MED-0192,2025-04-01,3,SOUTH
MED-0192,2025-05-01,0,SOUTH
MED-0192,2025-06-01,9,SOUTH
MED-0192,2025-07-01,0,WEST
MED-0192,2025-08-01,0,SOUTH
MED-0192,2025-09-01,0,SOUTH
MED-0192,2025-10-01,0,SOUTH
MED-0192,2025-11-01,0,CENTRAL
MED-0192,2025-12-01,0,SOUTH
MED-0193,2022-07-01,0,CENTRAL
MED-0193,2022-08-01,20,NORTH
MED-0193,2022-09-01,0,CENTRAL
MED-0193,2022-10-01,0,CENTRAL
MED-0193,2022-11-01,0,CENTRAL
MED-0193,2022-12-01,21,EAST
MED-0193,2023-01-01,18,CENTRAL
MED-0193,2023-02-01,0,NORTH
MED-0193,2023-03-01,19,NORTH
MED-0193,2023-04-01,18,CENTRAL
MED-0193,2023-05-01,0,NORTH
MED-0193,2023-06-01,0,CENTRAL
MED-0193,2023-07-01,0,CENTRAL
MED-0193,2023-08-01,0,CENTRAL
MED-0193,2023-09-01,0,CENTRAL
MED-0193,2023-10-01,0,NORTH
MED-0193,2023-11-01,20,CENTRAL
MED-0193,2023-12-01,0,NORTH
MED-0193,2024-01-01,0,CENTRAL
MED-0193,2024-02-01,0,EAST
MED-0193,2024-03-01,0,CENTRAL
MED-0193,2024-04-01,0,WEST
MED-0193,2024-05-01,0,CENTRAL
MED-0193,2024-06-01,0,CENTRAL
MED-0193,2024-07-01,0,CENTRAL
MED-0193,2024-08-01,0,EAST
MED-0193,2024-09-01,0,CENTRAL
MED-0193,2024-10-01,0,EAST
MED-0193,2024-11-01,0,NORTH
MED-0193,2024-12-01,0,CENTRAL
MED-0193,2025-01-01,0,CENTRAL
MED-0193,2025-02-01,55,CENTRAL
MED-0193,2025-03-01,27,CENTRAL
MED-0193,2025-04-01,24,CENTRAL
MED-0193,2025-05-01,0,CENTRAL
MED-0193,2025-06-01,0,CENTRAL
MED-0193,2025-07-01,16,CENTRAL
MED-0193,2025-08-01,0,SOUTH
MED-0193,2025-09-01,0,CENTRAL
MED-0193,2025-10-01,0,WEST
MED-0193,2025-11-01,0,CENTRAL
MED-0193,2025-12-01,22,CENTRAL
MED-0194,2022-01-01,0,CENTRAL
MED-0194,2022-02-01,0,WEST
MED-0194,2022-03-01,0,CENTRAL
MED-0194,2022-04-01,0,EAST
MED-0194,2022-05-01,0,CENTRAL
MED-0194,2022-06-01,0,CENTRAL
MED-0194,2022-07-01,0,EAST
MED-0194,2022-08-01,0,CENTRAL
MED-0194,2022-09-01,0,CENTRAL
MED-0194,2022-10-01,0,NORTH
MED-0194,2022-11-01,12,CENTRAL
MED-0194,2022-12-01,15,EAST
MED-0194,2023-01-01,0,CENTRAL
MED-0194,2023-02-01,0,CENTRAL
MED-0194,2023-03-01,15,CENTRAL
MED-0194,2023-04-01,0,CENTRAL
MED-0194,2023-05-01,0,CENTRAL
MED-0194,2023-06-01,9,CENTRAL
MED-0194,2023-07-01,0,CENTRAL
MED-0194,2023-08-01,0,CENTRAL
MED-0194,2023-09-01,0,CENTRAL
MED-0194,2023-10-01,0,CENTRAL
MED-0194,2023-11-01,0,EAST
MED-0194,2023-12-01,0,CENTRAL
MED-0194,2024-01-01,0,CENTRAL
MED-0194,2024-02-01,0,SOUTH
MED-0194,2024-03-01,0,CENTRAL
MED-0194,2024-04-01,0,WEST
MED-0194,2024-05-01,0,CENTRAL
MED-0194,2024-06-01,0,CENTRAL
MED-0194,2024-07-01,0,CENTRAL
MED-0194,2024-08-01,0,EAST
MED-0194,2024-09-01,0,CENTRAL
MED-0194,2024-10-01,0,CENTRAL
MED-0194,2024-11-01,0,CENTRAL
MED-0194,2024-12-01,0,CENTRAL
MED-0194,2025-01-01,0,SOUTH
MED-0194,2025-02-01,0,WEST
MED-0194,2025-03-01,0,CENTRAL
MED-0194,2025-04-01,63,CENTRAL
MED-0194,2025-05-01,0,CENTRAL
MED-0194,2025-06-01,0,CENTRAL
MED-0194,2025-07-01,0,CENTRAL
MED-0194,2025-08-01,0,SOUTH
MED-0194,2025-09-01,8,NORTH
MED-0194,2025-10-01,0,CENTRAL
MED-0194,2025-11-01,0,CENTRAL
MED-0194,2025-12-01,0,EAST
MED-0195,2022-01-01,0,EAST
MED-0195,2022-02-01,0,EAST
MED-0195,2022-03-01,0,NORTH
MED-0195,2022-04-01,0,EAST
MED-0195,2022-05-01,0,EAST
MED-0195,2022-06-01,0,EAST
MED-0195,2022-07-01,0,EAST
MED-0195,2022-08-01,0,EAST
MED-0195,2022-09-01,0,EAST
MED-0195,2022-10-01,4,SOUTH
MED-0195,2022-11-01,0,EAST
MED-0195,2022-12-01,0,NORTH
MED-0195,2023-01-01,0,WEST
MED-0195,2023-02-01,0,EAST
MED-0195,2023-03-01,0,EAST
MED-0195,2023-04-01,0,EAST
MED-0195,2023-05-01,0,EAST
MED-0195,2023-06-01,0,EAST
MED-0195,2023-07-01,0,SOUTH
MED-0195,2023-08-01,17,EAST
MED-0195,2023-09-01,0,EAST
MED-0195,2023-10-01,0,EAST
MED-0195,2023-11-01,0,EAST
MED-0195,2023-12-01,0,EAST
MED-0195,2024-01-01,0,EAST
MED-0195,2024-02-01,0,EAST
MED-0195,2024-03-01,0,EAST
MED-0195,2024-04-01,0,EAST
MED-0195,2024-05-01,0,EAST
MED-0195,2024-06-01,0,CENTRAL
MED-0195,2024-07-01,0,EAST
MED-0195,2024-08-01,5,EAST
MED-0195,2024-09-01,0,EAST
MED-0195,2024-10-01,0,WEST
MED-0195,2024-11-01,0,EAST
MED-0195,2024-12-01,0,EAST
MED-0195,2025-01-01,0,EAST
MED-0195,2025-02-01,0,EAST
MED-0195,2025-03-01,0,EAST
MED-0195,2025-04-01,0,EAST
MED-0195,2025-05-01,0,EAST
MED-0195,2025-06-01,0,EAST
MED-0195,2025-07-01,0,EAST
MED-0195,2025-08-01,0,EAST
MED-0195,2025-09-01,0,EAST
MED-0195,2025-10-01,0,NORTH
MED-0195,2025-11-01,0,EAST
MED-0195,2025-12-01,0,EAST
MED-0196,2023-07-01,0,NORTH
MED-0196,2023-08-01,0,EAST
MED-0196,2023-09-01,0,NORTH
MED-0196,2023-10-01,0,WEST
MED-0196,2023-11-01,0,NORTH
MED-0196,2023-12-01,0,EAST
MED-0196,2024-01-01,0,NORTH
MED-0196,2024-02-01,0,NORTH
MED-0196,2024-03-01,0,SOUTH
MED-0196,2024-04-01,0,NORTH
MED-0196,2024-05-01,0,CENTRAL
MED-0196,2024-06-01,0,NORTH
MED-0196,2024-07-01,0,NORTH
MED-0196,2024-08-01,0,SOUTH
MED-0196,2024-09-01,0,CENTRAL
MED-0196,2024-10-01,9,NORTH
MED-0196,2024-11-01,15,EAST
MED-0196,2024-12-01,0,NORTH
MED-0196,2025-01-01,5,NORTH
MED-0196,2025-02-01,0,NORTH
MED-0196,2025-03-01,0,EAST
MED-0196,2025-04-01,4,NORTH
MED-0196,2025-05-01,0,EAST
MED-0196,2025-06-01,0,EAST
MED-0196,2025-07-01,0,NORTH
MED-0196,2025-08-01,0,NORTH
MED-0196,2025-09-01,0,EAST
MED-0196,2025-10-01,0,NORTH
MED-0196,2025-11-01,11,WEST
MED-0196,2025-12-01,0,SOUTH
MED-0197,2024-01-01,0,NORTH
MED-0197,2024-02-01,0,CENTRAL
MED-0197,2024-03-01,0,CENTRAL
MED-0197,2024-04-01,0,SOUTH
MED-0197,2024-05-01,4,SOUTH
MED-0197,2024-06-01,0,CENTRAL
MED-0197,2024-07-01,0,WEST
MED-0197,2024-08-01,0,CENTRAL
MED-0197,2024-09-01,0,EAST
MED-0197,2024-10-01,0,CENTRAL
MED-0197,2024-11-01,0,EAST
MED-0197,2024-12-01,0,CENTRAL
MED-0197,2025-01-01,0,CENTRAL
MED-0197,2025-02-01,0,NORTH
MED-0197,2025-03-01,5,EAST
MED-0197,2025-04-01,8,CENTRAL
MED-0197,2025-05-01,5,CENTRAL
MED-0197,2025-06-01,0,WEST
MED-0197,2025-07-01,0,CENTRAL
MED-0197,2025-08-01,0,CENTRAL
MED-0197,2025-09-01,0,CENTRAL
MED-0197,2025-10-01,5,CENTRAL
MED-0197,2025-11-01,0,WEST
MED-0197,2025-12-01,0,CENTRAL
MED-0198,2022-01-01,0,NORTH
MED-0198,2022-02-01,0,CENTRAL
MED-0198,2022-03-01,0,CENTRAL
MED-0198,2022-04-01,0,SOUTH
MED-0198,2022-05-01,12,CENTRAL
MED-0198,2022-06-01,0,CENTRAL
MED-0198,2022-07-01,0,CENTRAL
MED-0198,2022-08-01,0,CENTRAL
MED-0198,2022-09-01,0,NORTH
MED-0198,2022-10-01,14,CENTRAL
MED-0198,2022-11-01,0,CENTRAL
MED-0198,2022-12-01,0,CENTRAL
MED-0198,2023-01-01,0,CENTRAL
MED-0198,2023-02-01,0,CENTRAL
MED-0198,2023-03-01,0,CENTRAL
MED-0198,2023-04-01,0,CENTRAL
MED-0198,2023-05-01,0,CENTRAL
MED-0198,2023-06-01,0,CENTRAL
MED-0198,2023-07-01,0,CENTRAL
MED-0198,2023-08-01,0,CENTRAL
MED-0198,2023-09-01,0,CENTRAL
MED-0198,2023-10-01,0,CENTRAL
MED-0198,2023-11-01,0,WEST
MED-0198,2023-12-01,0,EAST
MED-0198,2024-01-01,0,WEST
MED-0198,2024-02-01,0,CENTRAL
MED-0198,2024-03-01,0,SOUTH
MED-0198,2024-04-01,0,CENTRAL
MED-0198,2024-05-01,0,SOUTH
MED-0198,2024-06-01,0,CENTRAL
MED-0198,2024-07-01,0,CENTRAL
MED-0198,2024-08-01,0,NORTH
MED-0198,2024-09-01,0,CENTRAL
MED-0198,2024-10-01,0,CENTRAL
MED-0198,2024-11-01,0,CENTRAL
MED-0198,2024-12-01,30,EAST
MED-0198,2025-01-01,0,CENTRAL
MED-0198,2025-02-01,0,CENTRAL
MED-0198,2025-03-01,0,CENTRAL
MED-0198,2025-04-01,0,WEST
MED-0198,2025-05-01,0,CENTRAL
MED-0198,2025-06-01,0,WEST
MED-0198,2025-07-01,0,WEST
MED-0198,2025-08-01,0,CENTRAL
MED-0198,2025-09-01,0,CENTRAL
MED-0198,2025-10-01,0,CENTRAL
MED-0198,2025-11-01,0,CENTRAL
MED-0198,2025-12-01,0,CENTRAL
MED-0199,2024-01-01,0,EAST
MED-0199,2024-02-01,0,NORTH
MED-0199,2024-03-01,0,EAST
MED-0199,2024-04-01,0,SOUTH
MED-0199,2024-05-01,0,CENTRAL
MED-0199,2024-06-01,0,EAST
MED-0199,2024-07-01,0,EAST
MED-0199,2024-08-01,0,EAST
MED-0199,2024-09-01,0,NORTH
MED-0199,2024-10-01,0,EAST
MED-0199,2024-11-01,3,EAST
MED-0199,2024-12-01,0,NORTH
MED-0199,2025-01-01,0,WEST
MED-0199,2025-02-01,0,CENTRAL
MED-0199,2025-03-01,0,NORTH
MED-0199,2025-04-01,0,EAST
MED-0199,2025-05-01,0,WEST
MED-0199,2025-06-01,0,NORTH
MED-0199,2025-07-01,0,NORTH
MED-0199,2025-08-01,0,EAST
MED-0199,2025-09-01,0,EAST
MED-0199,2025-10-01,0,EAST
MED-0199,2025-11-01,0,EAST
MED-0199,2025-12-01,0,EAST
MED-0200,2023-01-01,3,EAST
MED-0200,2023-02-01,3,WEST
MED-0200,2023-03-01,3,WEST
MED-0200,2023-04-01,3,WEST
MED-0200,2023-05-01,24,WEST
MED-0200,2023-06-01,2,WEST
MED-0200,2023-07-01,6,WEST
MED-0200,2023-08-01,0,WEST
MED-0200,2023-09-01,1,EAST
MED-0200,2023-10-01,4,WEST
MED-0200,2023-11-01,2,WEST
MED-0200,2023-12-01,6,WEST
MED-0200,2024-01-01,4,WEST
MED-0200,2024-02-01,5,WEST
MED-0200,2024-03-01,3,WEST
MED-0200,2024-04-01,3,NORTH
MED-0200,2024-05-01,5,WEST
MED-0200,2024-06-01,5,WEST
MED-0200,2024-07-01,4,CENTRAL
MED-0200,2024-08-01,2,CENTRAL
MED-0200,2024-09-01,3,WEST
MED-0200,2024-10-01,3,NORTH
MED-0200,2024-11-01,0,WEST
MED-0200,2024-12-01,3,CENTRAL
MED-0200,2025-01-01,5,WEST
MED-0200,2025-02-01,4,WEST
MED-0200,2025-03-01,2,WEST
MED-0200,2025-04-01,3,WEST
MED-0200,2025-05-01,2,WEST
MED-0200,2025-06-01,9,WEST
MED-0200,2025-07-01,31,SOUTH
MED-0200,2025-08-01,6,WEST
MED-0200,2025-09-01,2,WEST
MED-0200,2025-10-01,0,WEST
MED-0200,2025-11-01,3,WEST
MED-0200,2025-12-01,4,NORTH
MED-0201,2024-01-01,0,WEST
MED-0201,2024-02-01,8,WEST
MED-0201,2024-03-01,0,WEST
MED-0201,2024-04-01,0,WEST
MED-0201,2024-05-01,0,EAST
MED-0201,2024-06-01,0,CENTRAL
MED-0201,2024-07-01,0,NORTH
MED-0201,2024-08-01,0,WEST
MED-0201,2024-09-01,0,NORTH
MED-0201,2024-10-01,0,WEST
MED-0201,2024-11-01,0,WEST
MED-0201,2024-12-01,0,WEST
MED-0201,2025-01-01,0,WEST
MED-0201,2025-02-01,0,WEST
MED-0201,2025-03-01,30,WEST
MED-0201,2025-04-01,0,CENTRAL
MED-0201,2025-05-01,0,WEST
MED-0201,2025-06-01,0,WEST
MED-0201,2025-07-01,0,WEST
MED-0201,2025-08-01,0,NORTH
MED-0201,2025-09-01,0,WEST
MED-0201,2025-10-01,0,WEST
MED-0201,2025-11-01,0,WEST
MED-0201,2025-12-01,0,CENTRAL
MED-0202,2024-01-01,0,EAST
MED-0202,2024-02-01,0,EAST
MED-0202,2024-03-01,0,EAST
MED-0202,2024-04-01,0,EAST
MED-0202,2024-05-01,0,WEST
MED-0202,2024-06-01,0,SOUTH
MED-0202,2024-07-01,0,EAST
MED-0202,2024-08-01,0,EAST
MED-0202,2024-09-01,0,EAST
MED-0202,2024-10-01,0,EAST
MED-0202,2024-11-01,0,EAST
MED-0202,2024-12-01,9,WEST
MED-0202,2025-01-01,0,EAST
MED-0202,2025-02-01,0,NORTH
MED-0202,2025-03-01,2,NORTH
MED-0202,2025-04-01,0,EAST
MED-0202,2025-05-01,0,EAST
MED-0202,2025-06-01,7,EAST
MED-0202,2025-07-01,0,SOUTH
MED-0202,2025-08-01,0,EAST
MED-0202,2025-09-01,0,EAST
MED-0202,2025-10-01,0,WEST
MED-0202,2025-11-01,0,WEST
MED-0202,2025-12-01,6,EAST
MED-0203,2022-07-01,0,WEST
MED-0203,2022-08-01,4,WEST
MED-0203,2022-09-01,6,CENTRAL
MED-0203,2022-10-01,0,SOUTH
MED-0203,2022-11-01,0,EAST
MED-0203,2022-12-01,0,SOUTH
MED-0203,2023-01-01,0,CENTRAL
MED-0203,2023-02-01,0,WEST
MED-0203,2023-03-01,0,CENTRAL
MED-0203,2023-04-01,19,CENTRAL
MED-0203,2023-05-01,0,CENTRAL
MED-0203,2023-06-01,0,CENTRAL
MED-0203,2023-07-01,0,EAST
MED-0203,2023-08-01,0,CENTRAL
MED-0203,2023-09-01,0,CENTRAL
MED-0203,2023-10-01,0,CENTRAL
MED-0203,2023-11-01,44,CENTRAL
MED-0203,2023-12-01,6,NORTH
MED-0203,2024-01-01,0,CENTRAL
MED-0203,2024-02-01,0,CENTRAL
MED-0203,2024-03-01,7,NORTH
MED-0203,2024-04-01,0,CENTRAL
MED-0203,2024-05-01,0,CENTRAL
MED-0203,2024-06-01,0,WEST
MED-0203,2024-07-01,0,SOUTH
MED-0203,2024-08-01,0,CENTRAL
MED-0203,2024-09-01,0,CENTRAL
MED-0203,2024-10-01,0,CENTRAL
MED-0203,2024-11-01,0,WEST
MED-0203,2024-12-01,0,CENTRAL
MED-0203,2025-01-01,0,CENTRAL
MED-0203,2025-02-01,0,CENTRAL
MED-0203,2025-03-01,0,CENTRAL
MED-0203,2025-04-01,0,CENTRAL
MED-0203,2025-05-01,0,WEST
MED-0203,2025-06-01,0,CENTRAL
MED-0203,2025-07-01,0,EAST
MED-0203,2025-08-01,0,WEST
MED-0203,2025-09-01,0,CENTRAL
MED-0203,2025-10-01,0,CENTRAL
MED-0203,2025-11-01,0,CENTRAL
MED-0203,2025-12-01,13,CENTRAL
MED-0204,2024-01-01,11,NORTH
MED-0204,2024-02-01,3,EAST
MED-0204,2024-03-01,5,EAST
MED-0204,2024-04-01,6,EAST
MED-0204,2024-05-01,4,EAST
MED-0204,2024-06-01,5,EAST
MED-0204,2024-07-01,5,EAST
MED-0204,2024-08-01,5,CENTRAL
MED-0204,2024-09-01,8,EAST
MED-0204,2024-10-01,4,EAST
MED-0204,2024-11-01,7,SOUTH
MED-0204,2024-12-01,8,EAST
MED-0204,2025-01-01,6,EAST
MED-0204,2025-02-01,4,SOUTH
MED-0204,2025-03-01,6,EAST
MED-0204,2025-04-01,4,EAST
MED-0204,2025-05-01,7,CENTRAL
MED-0204,2025-06-01,3,SOUTH
MED-0204,2025-07-01,0,SOUTH
MED-0204,2025-08-01,3,NORTH
MED-0204,2025-09-01,4,EAST
MED-0204,2025-10-01,2,EAST
MED-0204,2025-11-01,5,SOUTH
MED-0204,2025-12-01,7,EAST
MED-0205,2022-01-01,5,WEST
MED-0205,2022-02-01,13,WEST
MED-0205,2022-03-01,4,WEST
MED-0205,2022-04-01,9,WEST
MED-0205,2022-05-01,6,WEST
MED-0205,2022-06-01,3,WEST
MED-0205,2022-07-01,3,EAST
MED-0205,2022-08-01,4,WEST
MED-0205,2022-09-01,4,WEST
MED-0205,2022-10-01,16,WEST
MED-0205,2022-11-01,16,WEST
MED-0205,2022-12-01,2,WEST
MED-0205,2023-01-01,2,WEST
MED-0205,2023-02-01,6,WEST
MED-0205,2023-03-01,9,WEST
MED-0205,2023-04-01,1,WEST
MED-0205,2023-05-01,0,WEST
MED-0205,2023-06-01,6,WEST
MED-0205,2023-07-01,5,CENTRAL
MED-0205,2023-08-01,4,SOUTH
MED-0205,2023-09-01,0,WEST
MED-0205,2023-10-01,8,SOUTH
MED-0205,2023-11-01,0,WEST
MED-0205,2023-12-01,6,WEST
MED-0205,2024-01-01,0,WEST
MED-0205,2024-02-01,4,WEST
MED-0205,2024-03-01,12,WEST
MED-0205,2024-04-01,5,WEST
MED-0205,2024-05-01,5,WEST
MED-0205,2024-06-01,1,WEST
MED-0205,2024-07-01,4,NORTH
MED-0205,2024-08-01,6,EAST
MED-0205,2024-09-01,11,WEST
MED-0205,2024-10-01,2,NORTH
MED-0205,2024-11-01,3,WEST
MED-0205,2024-12-01,12,WEST
MED-0205,2025-01-01,16,CENTRAL
MED-0205,2025-02-01,6,WEST
MED-0205,2025-03-01,6,SOUTH
MED-0205,2025-04-01,7,WEST
MED-0205,2025-05-01,8,EAST
MED-0205,2025-06-01,3,WEST
MED-0205,2025-07-01,5,WEST
MED-0205,2025-08-01,15,WEST
MED-0205,2025-09-01,7,WEST
MED-0205,2025-10-01,12,WEST
MED-0205,2025-11-01,6,WEST
MED-0205,2025-12-01,6,EAST
MED-0206,2022-01-01,12,SOUTH
MED-0206,2022-02-01,5,NORTH
MED-0206,2022-03-01,0,EAST
MED-0206,2022-04-01,7,SOUTH
MED-0206,2022-05-01,0,SOUTH
MED-0206,2022-06-01,9,WEST
MED-0206,2022-07-01,0,EAST
MED-0206,2022-08-01,0,CENTRAL
MED-0206,2022-09-01,0,EAST
MED-0206,2022-10-01,0,SOUTH
MED-0206,2022-11-01,0,SOUTH
MED-0206,2022-12-01,0,SOUTH
MED-0206,2023-01-01,0,EAST
MED-0206,2023-02-01,0,WEST
MED-0206,2023-03-01,0,SOUTH
MED-0206,2023-04-01,0,CENTRAL
MED-0206,2023-05-01,0,SOUTH
MED-0206,2023-06-01,0,NORTH
MED-0206,2023-07-01,10,SOUTH
MED-0206,2023-08-01,0,WEST
MED-0206,2023-09-01,0,SOUTH
MED-0206,2023-10-01,0,CENTRAL
MED-0206,2023-11-01,7,SOUTH
MED-0206,2023-12-01,0,SOUTH
MED-0206,2024-01-01,6,SOUTH
MED-0206,2024-02-01,10,SOUTH
MED-0206,2024-03-01,0,SOUTH
MED-0206,2024-04-01,0,SOUTH
MED-0206,2024-05-01,0,SOUTH
MED-0206,2024-06-01,0,SOUTH
MED-0206,2024-07-01,0,WEST
MED-0206,2024-08-01,0,SOUTH
MED-0206,2024-09-01,0,SOUTH
MED-0206,2024-10-01,0,SOUTH
MED-0206,2024-11-01,0,SOUTH
MED-0206,2024-12-01,0,SOUTH
MED-0206,2025-01-01,10,SOUTH
MED-0206,2025-02-01,5,WEST
MED-0206,2025-03-01,0,EAST
MED-0206,2025-04-01,8,SOUTH
MED-0206,2025-05-01,0,SOUTH
MED-0206,2025-06-01,0,NORTH
MED-0206,2025-07-01,0,SOUTH
MED-0206,2025-08-01,2,SOUTH
MED-0206,2025-09-01,0,SOUTH
MED-0206,2025-10-01,0,SOUTH
MED-0206,2025-11-01,12,NORTH
MED-0206,2025-12-01,0,SOUTH
MED-0207,2022-01-01,0,EAST
MED-0207,2022-02-01,0,EAST
MED-0207,2022-03-01,1,EAST
MED-0207,2022-04-01,4,EAST
MED-0207,2022-05-01,0,EAST
MED-0207,2022-06-01,0,EAST
MED-0207,2022-07-01,0,CENTRAL
MED-0207,2022-08-01,0,EAST
MED-0207,2022-09-01,0,EAST
MED-0207,2022-10-01,0,EAST
MED-0207,2022-11-01,0,EAST
MED-0207,2022-12-01,0,EAST
MED-0207,2023-01-01,7,EAST
MED-0207,2023-02-01,0,NORTH
MED-0207,2023-03-01,4,SOUTH
MED-0207,2023-04-01,0,EAST
MED-0207,2023-05-01,4,NORTH
MED-0207,2023-06-01,0,EAST
MED-0207,2023-07-01,0,CENTRAL
MED-0207,2023-08-01,8,EAST
MED-0207,2023-09-01,0,NORTH
MED-0207,2023-10-01,0,EAST
MED-0207,2023-11-01,6,EAST
MED-0207,2023-12-01,0,CENTRAL
MED-0207,2024-01-01,0,WEST
MED-0207,2024-02-01,4,EAST
MED-0207,2024-03-01,0,WEST
MED-0207,2024-04-01,3,EAST
MED-0207,2024-05-01,2,EAST
MED-0207,2024-06-01,1,EAST
MED-0207,2024-07-01,3,EAST
MED-0207,2024-08-01,2,EAST
MED-0207,2024-09-01,4,EAST
MED-0207,2024-10-01,0,NORTH
MED-0207,2024-11-01,0,EAST
MED-0207,2024-12-01,0,SOUTH
MED-0207,2025-01-01,0,EAST
MED-0207,2025-02-01,0,EAST
MED-0207,2025-03-01,0,EAST
MED-0207,2025-04-01,0,EAST
MED-0207,2025-05-01,0,SOUTH
MED-0207,2025-06-01,0,WEST
MED-0207,2025-07-01,0,WEST
MED-0207,2025-08-01,0,EAST
MED-0207,2025-09-01,0,NORTH
MED-0207,2025-10-01,0,EAST
MED-0207,2025-11-01,0,EAST
MED-0207,2025-12-01,0,EAST
MED-0208,2022-01-01,0,EAST
MED-0208,2022-02-01,0,EAST
MED-0208,2022-03-01,0,EAST
MED-0208,2022-04-01,0,EAST
MED-0208,2022-05-01,0,EAST
MED-0208,2022-06-01,0,EAST
MED-0208,2022-07-01,0,EAST
MED-0208,2022-08-01,0,WEST
MED-0208,2022-09-01,0,NORTH
MED-0208,2022-10-01,0,EAST
MED-0208,2022-11-01,0,EAST
MED-0208,2022-12-01,9,EAST
MED-0208,2023-01-01,0,WEST
MED-0208,2023-02-01,0,EAST
MED-0208,2023-03-01,0,EAST
MED-0208,2023-04-01,0,EAST
MED-0208,2023-05-01,0,CENTRAL
MED-0208,2023-06-01,0,EAST
MED-0208,2023-07-01,0,EAST
MED-0208,2023-08-01,16,EAST
MED-0208,2023-09-01,0,EAST
MED-0208,2023-10-01,0,EAST
MED-0208,2023-11-01,0,EAST
MED-0208,2023-12-01,0,CENTRAL
MED-0208,2024-01-01,0,SOUTH
MED-0208,2024-02-01,0,EAST
MED-0208,2024-03-01,0,EAST
MED-0208,2024-04-01,0,EAST
MED-0208,2024-05-01,0,SOUTH
MED-0208,2024-06-01,0,EAST
MED-0208,2024-07-01,0,EAST
MED-0208,2024-08-01,0,EAST
MED-0208,2024-09-01,0,SOUTH
MED-0208,2024-10-01,0,CENTRAL
MED-0208,2024-11-01,0,EAST
MED-0208,2024-12-01,0,EAST
MED-0208,2025-01-01,0,EAST
MED-0208,2025-02-01,0,EAST
MED-0208,2025-03-01,0,EAST
MED-0208,2025-04-01,0,EAST
MED-0208,2025-05-01,0,EAST
MED-0208,2025-06-01,0,NORTH
MED-0208,2025-07-01,37,CENTRAL
MED-0208,2025-08-01,0,EAST
MED-0208,2025-09-01,0,EAST
MED-0208,2025-10-01,0,SOUTH
MED-0208,2025-11-01,0,CENTRAL
MED-0208,2025-12-01,0,SOUTH
MED-0209,2022-01-01,0,SOUTH
MED-0209,2022-02-01,6,SOUTH
MED-0209,2022-03-01,0,SOUTH
MED-0209,2022-04-01,6,SOUTH
MED-0209,2022-05-01,0,SOUTH
MED-0209,2022-06-01,0,WEST
MED-0209,2022-07-01,0,SOUTH
MED-0209,2022-08-01,0,SOUTH
MED-0209,2022-09-01,0,SOUTH
MED-0209,2022-10-01,0,SOUTH
MED-0209,2022-11-01,4,SOUTH
MED-0209,2022-12-01,4,SOUTH
MED-0209,2023-01-01,0,SOUTH
MED-0209,2023-02-01,0,CENTRAL
MED-0209,2023-03-01,0,CENTRAL
MED-0209,2023-04-01,7,SOUTH
MED-0209,2023-05-01,0,SOUTH
MED-0209,2023-06-01,0,SOUTH
MED-0209,2023-07-01,0,EAST
MED-0209,2023-08-01,0,SOUTH
MED-0209,2023-09-01,0,SOUTH
MED-0209,2023-10-01,5,SOUTH
MED-0209,2023-11-01,0,SOUTH
MED-0209,2023-12-01,2,EAST
MED-0209,2024-01-01,7,SOUTH
MED-0209,2024-02-01,0,NORTH
MED-0209,2024-03-01,0,SOUTH
MED-0209,2024-04-01,0,SOUTH
MED-0209,2024-05-01,4,SOUTH
MED-0209,2024-06-01,0,WEST
MED-0209,2024-07-01,0,NORTH
MED-0209,2024-08-01,0,CENTRAL
MED-0209,2024-09-01,0,WEST
MED-0209,2024-10-01,0,SOUTH
MED-0209,2024-11-01,0,SOUTH
MED-0209,2024-12-01,0,SOUTH
MED-0209,2025-01-01,0,SOUTH
MED-0209,2025-02-01,0,EAST
MED-0209,2025-03-01,0,SOUTH
MED-0209,2025-04-01,0,SOUTH
MED-0209,2025-05-01,0,CENTRAL
MED-0209,2025-06-01,5,NORTH
MED-0209,2025-07-01,0,SOUTH
MED-0209,2025-08-01,0,CENTRAL
MED-0209,2025-09-01,0,SOUTH
MED-0209,2025-10-01,7,SOUTH
MED-0209,2025-11-01,0,WEST
MED-0209,2025-12-01,0,SOUTH
MED-0210,2022-07-01,8,CENTRAL
MED-0210,2022-08-01,0,SOUTH
MED-0210,2022-09-01,0,SOUTH
MED-0210,2022-10-01,0,SOUTH
MED-0210,2022-11-01,0,SOUTH
MED-0210,2022-12-01,0,SOUTH
MED-0210,2023-01-01,0,SOUTH
MED-0210,2023-02-01,0,NORTH
MED-0210,2023-03-01,0,SOUTH
MED-0210,2023-04-01,0,SOUTH
MED-0210,2023-05-01,34,SOUTH
MED-0210,2023-06-01,0,SOUTH
MED-0210,2023-07-01,0,SOUTH
MED-0210,2023-08-01,0,CENTRAL
MED-0210,2023-09-01,0,SOUTH
MED-0210,2023-10-01,0,SOUTH
MED-0210,2023-11-01,0,SOUTH
MED-0210,2023-12-01,0,SOUTH
MED-0210,2024-01-01,0,SOUTH
MED-0210,2024-02-01,15,WEST
MED-0210,2024-03-01,0,SOUTH
MED-0210,2024-04-01,0,SOUTH
MED-0210,2024-05-01,0,EAST
MED-0210,2024-06-01,15,SOUTH
MED-0210,2024-07-01,0,EAST
MED-0210,2024-08-01,0,WEST
MED-0210,2024-09-01,0,WEST
MED-0210,2024-10-01,0,SOUTH
MED-0210,2024-11-01,0,NORTH
MED-0210,2024-12-01,0,SOUTH
MED-0210,2025-01-01,0,SOUTH
MED-0210,2025-02-01,0,SOUTH
MED-0210,2025-03-01,0,SOUTH
MED-0210,2025-04-01,0,CENTRAL
MED-0210,2025-05-01,0,SOUTH
MED-0210,2025-06-01,0,EAST
MED-0210,2025-07-01,0,SOUTH
MED-0210,2025-08-01,0,CENTRAL
MED-0210,2025-09-01,0,EAST
MED-0210,2025-10-01,0,SOUTH
MED-0210,2025-11-01,0,SOUTH
MED-0210,2025-12-01,0,SOUTH
MED-0211,2022-01-01,5,EAST
MED-0211,2022-02-01,5,EAST
MED-0211,2022-03-01,1,EAST
MED-0211,2022-04-01,0,EAST
MED-0211,2022-05-01,2,EAST
MED-0211,2022-06-01,6,EAST
MED-0211,2022-07-01,3,EAST
MED-0211,2022-08-01,5,EAST
MED-0211,2022-09-01,5,EAST
MED-0211,2022-10-01,6,EAST
MED-0211,2022-11-01,1,CENTRAL
MED-0211,2022-12-01,6,EAST
MED-0211,2023-01-01,6,EAST
MED-0211,2023-02-01,3,EAST
MED-0211,2023-03-01,3,EAST
MED-0211,2023-04-01,2,EAST
MED-0211,2023-05-01,2,EAST
MED-0211,2023-06-01,0,EAST
MED-0211,2023-07-01,7,EAST
MED-0211,2023-08-01,2,EAST
MED-0211,2023-09-01,6,NORTH
MED-0211,2023-10-01,7,EAST
MED-0211,2023-11-01,4,EAST
MED-0211,2023-12-01,6,EAST
MED-0211,2024-01-01,8,EAST
MED-0211,2024-02-01,2,EAST
MED-0211,2024-03-01,5,EAST
MED-0211,2024-04-01,5,EAST
MED-0211,2024-05-01,2,EAST
MED-0211,2024-06-01,5,EAST
MED-0211,2024-07-01,5,EAST
MED-0211,2024-08-01,3,SOUTH
MED-0211,2024-09-01,8,EAST
MED-0211,2024-10-01,9,SOUTH
MED-0211,2024-11-01,6,EAST
MED-0211,2024-12-01,7,EAST
MED-0211,2025-01-01,4,EAST
MED-0211,2025-02-01,9,EAST
MED-0211,2025-03-01,7,EAST
MED-0211,2025-04-01,5,SOUTH
MED-0211,2025-05-01,3,EAST
MED-0211,2025-06-01,6,EAST
MED-0211,2025-07-01,5,EAST
MED-0211,2025-08-01,2,SOUTH
MED-0211,2025-09-01,7,EAST
MED-0211,2025-10-01,6,NORTH
MED-0211,2025-11-01,1,EAST
MED-0211,2025-12-01,8,EAST
MED-0212,2022-01-01,0,WEST
MED-0212,2022-02-01,0,WEST
MED-0212,2022-03-01,0,SOUTH
MED-0212,2022-04-01,8,WEST
MED-0212,2022-05-01,0,WEST
MED-0212,2022-06-01,17,SOUTH
MED-0212,2022-07-01,0,WEST
MED-0212,2022-08-01,16,WEST
MED-0212,2022-09-01,14,WEST
MED-0212,2022-10-01,0,WEST
MED-0212,2022-11-01,0,WEST
MED-0212,2022-12-01,0,CENTRAL
MED-0212,2023-01-01,0,WEST
MED-0212,2023-02-01,0,NORTH
MED-0212,2023-03-01,0,NORTH
MED-0212,2023-04-01,32,WEST
MED-0212,2023-05-01,0,SOUTH
MED-0212,2023-06-01,0,WEST
MED-0212,2023-07-01,0,WEST
MED-0212,2023-08-01,0,WEST
MED-0212,2023-09-01,0,CENTRAL
MED-0212,2023-10-01,12,EAST
MED-0212,2023-11-01,9,SOUTH
MED-0212,2023-12-01,0,WEST
MED-0212,2024-01-01,0,CENTRAL
MED-0212,2024-02-01,0,WEST
MED-0212,2024-03-01,14,WEST
MED-0212,2024-04-01,0,WEST
MED-0212,2024-05-01,0,WEST
MED-0212,2024-06-01,0,SOUTH
MED-0212,2024-07-01,0,WEST
MED-0212,2024-08-01,11,EAST
MED-0212,2024-09-01,6,NORTH
MED-0212,2024-10-01,11,WEST
MED-0212,2024-11-01,0,WEST
MED-0212,2024-12-01,0,CENTRAL
MED-0212,2025-01-01,18,NORTH
MED-0212,2025-02-01,0,WEST
MED-0212,2025-03-01,0,CENTRAL
MED-0212,2025-04-01,0,CENTRAL
MED-0212,2025-05-01,0,WEST
MED-0212,2025-06-01,0,SOUTH
MED-0212,2025-07-01,0,WEST
MED-0212,2025-08-01,0,WEST
MED-0212,2025-09-01,0,WEST
MED-0212,2025-10-01,0,WEST
MED-0212,2025-11-01,0,WEST
MED-0212,2025-12-01,0,EAST
MED-0213,2022-01-01,0,WEST
MED-0213,2022-02-01,3,WEST
MED-0213,2022-03-01,2,NORTH
MED-0213,2022-04-01,1,WEST
MED-0213,2022-05-01,7,NORTH
MED-0213,2022-06-01,4,EAST
MED-0213,2022-07-01,0,NORTH
MED-0213,2022-08-01,2,WEST
MED-0213,2022-09-01,6,WEST
MED-0213,2022-10-01,4,WEST
MED-0213,2022-11-01,0,WEST
MED-0213,2022-12-01,6,CENTRAL
MED-0213,2023-01-01,6,CENTRAL
MED-0213,2023-02-01,0,NORTH
MED-0213,2023-03-01,6,NORTH
MED-0213,2023-04-01,8,WEST
MED-0213,2023-05-01,4,WEST
MED-0213,2023-06-01,10,WEST
MED-0213,2023-07-01,3,WEST
MED-0213,2023-08-01,9,WEST
MED-0213,2023-09-01,4,WEST
MED-0213,2023-10-01,7,WEST
MED-0213,2023-11-01,19,CENTRAL
MED-0213,2023-12-01,3,WEST
MED-0213,2024-01-01,4,CENTRAL
MED-0213,2024-02-01,2,WEST
MED-0213,2024-03-01,0,WEST
MED-0213,2024-04-01,0,WEST
MED-0213,2024-05-01,1,WEST
MED-0213,2024-06-01,5,WEST
MED-0213,2024-07-01,8,EAST
MED-0213,2024-08-01,5,WEST
MED-0213,2024-09-01,4,SOUTH
MED-0213,2024-10-01,21,WEST
MED-0213,2024-11-01,5,WEST
MED-0213,2024-12-01,2,WEST
MED-0213,2025-01-01,5,WEST
MED-0213,2025-02-01,1,WEST
MED-0213,2025-03-01,6,WEST
MED-0213,2025-04-01,16,WEST
MED-0213,2025-05-01,3,WEST
MED-0213,2025-06-01,4,WEST
MED-0213,2025-07-01,5,WEST
MED-0213,2025-08-01,0,CENTRAL
MED-0213,2025-09-01,2,WEST
MED-0213,2025-10-01,2,WEST
MED-0213,2025-11-01,3,SOUTH
MED-0213,2025-12-01,6,WEST
MED-0214,2023-07-01,5,CENTRAL
MED-0214,2023-08-01,5,CENTRAL
MED-0214,2023-09-01,5,CENTRAL
MED-0214,2023-10-01,6,SOUTH
MED-0214,2023-11-01,4,CENTRAL
MED-0214,2023-12-01,7,WEST
MED-0214,2024-01-01,6,CENTRAL
MED-0214,2024-02-01,6,EAST
MED-0214,2024-03-01,4,CENTRAL
MED-0214,2024-04-01,9,CENTRAL
MED-0214,2024-05-01,3,WEST
MED-0214,2024-06-01,10,CENTRAL
MED-0214,2024-07-01,8,SOUTH
MED-0214,2024-08-01,7,CENTRAL
MED-0214,2024-09-01,9,CENTRAL
MED-0214,2024-10-01,14,EAST
MED-0214,2024-11-01,4,EAST
MED-0214,2024-12-01,7,CENTRAL
MED-0214,2025-01-01,5,CENTRAL
MED-0214,2025-02-01,9,CENTRAL
MED-0214,2025-03-01,18,CENTRAL
MED-0214,2025-04-01,18,CENTRAL
MED-0214,2025-05-01,4,SOUTH
MED-0214,2025-06-01,6,CENTRAL
MED-0214,2025-07-01,4,EAST
MED-0214,2025-08-01,5,CENTRAL
MED-0214,2025-09-01,6,CENTRAL
MED-0214,2025-10-01,4,CENTRAL
MED-0214,2025-11-01,6,WEST
MED-0214,2025-12-01,10,CENTRAL
MED-0215,2022-07-01,6,WEST
MED-0215,2022-08-01,0,WEST
MED-0215,2022-09-01,0,WEST
MED-0215,2022-10-01,13,NORTH
MED-0215,2022-11-01,5,WEST
MED-0215,2022-12-01,0,WEST
MED-0215,2023-01-01,2,WEST
MED-0215,2023-02-01,0,EAST
MED-0215,2023-03-01,0,NORTH
MED-0215,2023-04-01,0,WEST
MED-0215,2023-05-01,0,WEST
MED-0215,2023-06-01,0,WEST
MED-0215,2023-07-01,7,WEST
MED-0215,2023-08-01,0,WEST
MED-0215,2023-09-01,0,NORTH
MED-0215,2023-10-01,0,WEST
MED-0215,2023-11-01,0,WEST
MED-0215,2023-12-01,5,CENTRAL
MED-0215,2024-01-01,0,EAST
MED-0215,2024-02-01,8,WEST
MED-0215,2024-03-01,11,WEST
MED-0215,2024-04-01,8,WEST
MED-0215,2024-05-01,0,WEST
MED-0215,2024-06-01,6,WEST
MED-0215,2024-07-01,2,WEST
MED-0215,2024-08-01,0,WEST
MED-0215,2024-09-01,0,SOUTH
MED-0215,2024-10-01,0,WEST
MED-0215,2024-11-01,0,WEST
MED-0215,2024-12-01,0,NORTH
MED-0215,2025-01-01,5,WEST
MED-0215,2025-02-01,7,WEST
MED-0215,2025-03-01,0,WEST
MED-0215,2025-04-01,0,EAST
MED-0215,2025-05-01,0,WEST
MED-0215,2025-06-01,0,WEST
MED-0215,2025-07-01,8,WEST
MED-0215,2025-08-01,0,SOUTH
MED-0215,2025-09-01,8,WEST
MED-0215,2025-10-01,0,WEST
MED-0215,2025-11-01,0,WEST
MED-0215,2025-12-01,0,SOUTH
MED-0216,2022-07-01,0,EAST
MED-0216,2022-08-01,1,NORTH
MED-0216,2022-09-01,1,EAST
MED-0216,2022-10-01,7,EAST
MED-0216,2022-11-01,6,EAST
MED-0216,2022-12-01,4,EAST
MED-0216,2023-01-01,2,WEST
MED-0216,2023-02-01,4,EAST
MED-0216,2023-03-01,10,EAST
MED-0216,2023-04-01,5,EAST
MED-0216,2023-05-01,2,CENTRAL
MED-0216,2023-06-01,6,SOUTH
MED-0216,2023-07-01,6,SOUTH
MED-0216,2023-08-01,2,EAST
MED-0216,2023-09-01,5,EAST
MED-0216,2023-10-01,5,EAST
MED-0216,2023-11-01,2,EAST
MED-0216,2023-12-01,9,EAST
MED-0216,2024-01-01,7,SOUTH
MED-0216,2024-02-01,4,SOUTH
MED-0216,2024-03-01,6,NORTH
MED-0216,2024-04-01,5,EAST
MED-0216,2024-05-01,5,EAST
MED-0216,2024-06-01,4,CENTRAL
MED-0216,2024-07-01,6,EAST
MED-0216,2024-08-01,3,EAST
MED-0216,2024-09-01,7,EAST
MED-0216,2024-10-01,3,EAST
MED-0216,2024-11-01,7,NORTH
MED-0216,2024-12-01,4,CENTRAL
MED-0216,2025-01-01,5,SOUTH
MED-0216,2025-02-01,9,EAST
MED-0216,2025-03-01,3,EAST
MED-0216,2025-04-01,4,SOUTH
MED-0216,2025-05-01,3,EAST
MED-0216,2025-06-01,2,EAST
MED-0216,2025-07-01,3,SOUTH
MED-0216,2025-08-01,2,EAST
MED-0216,2025-09-01,9,EAST
MED-0216,2025-10-01,2,EAST
MED-0216,2025-11-01,6,EAST
MED-0216,2025-12-01,5,EAST
MED-0217,2024-01-01,0,EAST
MED-0217,2024-02-01,4,EAST
MED-0217,2024-03-01,0,EAST
MED-0217,2024-04-01,0,CENTRAL
MED-0217,2024-05-01,0,NORTH
MED-0217,2024-06-01,0,EAST
MED-0217,2024-07-01,0,EAST
MED-0217,2024-08-01,0,EAST
MED-0217,2024-09-01,0,EAST
MED-0217,2024-10-01,0,EAST
MED-0217,2024-11-01,0,EAST
MED-0217,2024-12-01,3,EAST
MED-0217,2025-01-01,0,EAST
MED-0217,2025-02-01,7,EAST
MED-0217,2025-03-01,0,EAST
MED-0217,2025-04-01,0,EAST
MED-0217,2025-05-01,0,EAST
MED-0217,2025-06-01,0,EAST
MED-0217,2025-07-01,4,EAST
MED-0217,2025-08-01,0,SOUTH
MED-0217,2025-09-01,6,EAST
MED-0217,2025-10-01,6,SOUTH
MED-0217,2025-11-01,5,SOUTH
MED-0217,2025-12-01,0,SOUTH
MED-0218,2022-01-01,0,CENTRAL
MED-0218,2022-02-01,0,CENTRAL
MED-0218,2022-03-01,0,WEST
MED-0218,2022-04-01,0,CENTRAL
MED-0218,2022-05-01,15,CENTRAL
MED-0218,2022-06-01,0,CENTRAL
MED-0218,2022-07-01,0,CENTRAL
MED-0218,2022-08-01,0,CENTRAL
MED-0218,2022-09-01,0,CENTRAL
MED-0218,2022-10-01,0,CENTRAL
MED-0218,2022-11-01,0,CENTRAL
MED-0218,2022-12-01,0,CENTRAL
MED-0218,2023-01-01,12,WEST
MED-0218,2023-02-01,0,SOUTH
MED-0218,2023-03-01,0,CENTRAL
MED-0218,2023-04-01,0,SOUTH
MED-0218,2023-05-01,0,CENTRAL
MED-0218,2023-06-01,0,CENTRAL
MED-0218,2023-07-01,0,CENTRAL
MED-0218,2023-08-01,0,CENTRAL
MED-0218,2023-09-01,0,EAST
MED-0218,2023-10-01,50,CENTRAL
MED-0218,2023-11-01,0,CENTRAL
MED-0218,2023-12-01,0,WEST
MED-0218,2024-01-01,0,CENTRAL
MED-0218,2024-02-01,0,CENTRAL
MED-0218,2024-03-01,0,WEST
MED-0218,2024-04-01,0,CENTRAL
MED-0218,2024-05-01,0,CENTRAL
MED-0218,2024-06-01,0,CENTRAL
MED-0218,2024-07-01,0,CENTRAL
MED-0218,2024-08-01,3,NORTH
MED-0218,2024-09-01,0,NORTH
MED-0218,2024-10-01,0,SOUTH
MED-0218,2024-11-01,11,CENTRAL
MED-0218,2024-12-01,0,SOUTH
MED-0218,2025-01-01,0,EAST
MED-0218,2025-02-01,0,NORTH
MED-0218,2025-03-01,9,CENTRAL
MED-0218,2025-04-01,0,CENTRAL
MED-0218,2025-05-01,9,CENTRAL
MED-0218,2025-06-01,10,EAST
MED-0218,2025-07-01,0,CENTRAL
MED-0218,2025-08-01,0,CENTRAL
MED-0218,2025-09-01,8,CENTRAL
MED-0218,2025-10-01,0,SOUTH
MED-0218,2025-11-01,0,CENTRAL
MED-0218,2025-12-01,0,SOUTH
MED-0219,2022-07-01,3,WEST
MED-0219,2022-08-01,0,NORTH
MED-0219,2022-09-01,0,WEST
MED-0219,2022-10-01,0,CENTRAL
MED-0219,2022-11-01,0,EAST
MED-0219,2022-12-01,0,WEST
MED-0219,2023-01-01,2,WEST
MED-0219,2023-02-01,0,WEST
MED-0219,2023-03-01,2,WEST
MED-0219,2023-04-01,0,WEST
MED-0219,2023-05-01,0,WEST
MED-0219,2023-06-01,0,WEST
MED-0219,2023-07-01,0,SOUTH
MED-0219,2023-08-01,4,WEST
MED-0219,2023-09-01,2,WEST
MED-0219,2023-10-01,2,WEST
MED-0219,2023-11-01,0,WEST
MED-0219,2023-12-01,0,CENTRAL
MED-0219,2024-01-01,5,SOUTH
MED-0219,2024-02-01,0,WEST
MED-0219,2024-03-01,5,WEST
MED-0219,2024-04-01,3,NORTH
MED-0219,2024-05-01,0,WEST
MED-0219,2024-06-01,5,WEST
MED-0219,2024-07-01,6,WEST
MED-0219,2024-08-01,0,WEST
MED-0219,2024-09-01,0,WEST
MED-0219,2024-10-01,0,WEST
MED-0219,2024-11-01,0,NORTH
MED-0219,2024-12-01,2,WEST
MED-0219,2025-01-01,0,WEST
MED-0219,2025-02-01,0,WEST
MED-0219,2025-03-01,7,WEST
MED-0219,2025-04-01,0,NORTH
MED-0219,2025-05-01,0,CENTRAL
MED-0219,2025-06-01,0,WEST
MED-0219,2025-07-01,0,WEST
MED-0219,2025-08-01,0,WEST
MED-0219,2025-09-01,0,WEST
MED-0219,2025-10-01,4,WEST
MED-0219,2025-11-01,0,EAST
MED-0219,2025-12-01,4,WEST
MED-0220,2022-01-01,0,SOUTH
MED-0220,2022-02-01,3,EAST
MED-0220,2022-03-01,5,SOUTH
MED-0220,2022-04-01,0,SOUTH
MED-0220,2022-05-01,0,SOUTH
MED-0220,2022-06-01,0,SOUTH
MED-0220,2022-07-01,0,SOUTH
MED-0220,2022-08-01,0,SOUTH
MED-0220,2022-09-01,0,EAST
MED-0220,2022-10-01,0,CENTRAL
MED-0220,2022-11-01,0,SOUTH
MED-0220,2022-12-01,19,SOUTH
MED-0220,2023-01-01,0,SOUTH
MED-0220,2023-02-01,0,CENTRAL
MED-0220,2023-03-01,0,SOUTH
MED-0220,2023-04-01,3,CENTRAL
MED-0220,2023-05-01,0,EAST
MED-0220,2023-06-01,24,SOUTH
MED-0220,2023-07-01,0,SOUTH
MED-0220,2023-08-01,0,SOUTH
MED-0220,2023-09-01,8,SOUTH
MED-0220,2023-10-01,0,SOUTH
MED-0220,2023-11-01,3,SOUTH
MED-0220,2023-12-01,0,SOUTH
MED-0220,2024-01-01,0,WEST
MED-0220,2024-02-01,0,SOUTH
MED-0220,2024-03-01,4,SOUTH
MED-0220,2024-04-01,0,CENTRAL
MED-0220,2024-05-01,0,WEST
MED-0220,2024-06-01,0,SOUTH
MED-0220,2024-07-01,0,SOUTH
MED-0220,2024-08-01,0,CENTRAL
MED-0220,2024-09-01,6,WEST
MED-0220,2024-10-01,0,NORTH
MED-0220,2024-11-01,0,SOUTH
MED-0220,2024-12-01,0,SOUTH
MED-0220,2025-01-01,0,SOUTH
MED-0220,2025-02-01,0,SOUTH
MED-0220,2025-03-01,0,SOUTH
MED-0220,2025-04-01,0,WEST
MED-0220,2025-05-01,0,SOUTH
MED-0220,2025-06-01,26,EAST
MED-0220,2025-07-01,0,SOUTH
MED-0220,2025-08-01,10,SOUTH
MED-0220,2025-09-01,0,SOUTH
MED-0220,2025-10-01,0,SOUTH
MED-0220,2025-11-01,0,SOUTH
MED-0220,2025-12-01,0,SOUTH
MED-0221,2023-07-01,0,NORTH
MED-0221,2023-08-01,0,NORTH
MED-0221,2023-09-01,1,SOUTH
MED-0221,2023-10-01,0,NORTH
MED-0221,2023-11-01,0,NORTH
MED-0221,2023-12-01,0,CENTRAL
MED-0221,2024-01-01,0,EAST
MED-0221,2024-02-01,5,NORTH
MED-0221,2024-03-01,0,NORTH
MED-0221,2024-04-01,0,NORTH
MED-0221,2024-05-01,0,NORTH
MED-0221,2024-06-01,0,NORTH
MED-0221,2024-07-01,0,CENTRAL
MED-0221,2024-08-01,0,NORTH
MED-0221,2024-09-01,0,NORTH
MED-0221,2024-10-01,0,EAST
MED-0221,2024-11-01,0,WEST
MED-0221,2024-12-01,5,CENTRAL
MED-0221,2025-01-01,8,NORTH
MED-0221,2025-02-01,0,NORTH
MED-0221,2025-03-01,0,CENTRAL
MED-0221,2025-04-01,0,EAST
MED-0221,2025-05-01,0,NORTH
MED-0221,2025-06-01,0,NORTH
MED-0221,2025-07-01,0,NORTH
MED-0221,2025-08-01,0,WEST
MED-0221,2025-09-01,0,NORTH
MED-0221,2025-10-01,0,NORTH
MED-0221,2025-11-01,0,NORTH
MED-0221,2025-12-01,0,NORTH
MED-0222,2023-01-01,7,WEST
MED-0222,2023-02-01,11,WEST
MED-0222,2023-03-01,3,WEST
MED-0222,2023-04-01,2,SOUTH
MED-0222,2023-05-01,6,NORTH
MED-0222,2023-06-01,3,WEST
MED-0222,2023-07-01,10,WEST
MED-0222,2023-08-01,6,WEST
MED-0222,2023-09-01,7,WEST
MED-0222,2023-10-01,8,WEST
MED-0222,2023-11-01,7,WEST
MED-0222,2023-12-01,4,WEST
MED-0222,2024-01-01,7,WEST
MED-0222,2024-02-01,7,WEST
MED-0222,2024-03-01,8,WEST
MED-0222,2024-04-01,7,WEST
MED-0222,2024-05-01,7,WEST
MED-0222,2024-06-01,8,EAST
MED-0222,2024-07-01,5,WEST
MED-0222,2024-08-01,2,WEST
MED-0222,2024-09-01,6,WEST
MED-0222,2024-10-01,8,WEST
MED-0222,2024-11-01,5,WEST
MED-0222,2024-12-01,5,WEST
MED-0222,2025-01-01,7,NORTH
MED-0222,2025-02-01,6,CENTRAL
MED-0222,2025-03-01,6,WEST
MED-0222,2025-04-01,8,WEST
MED-0222,2025-05-01,11,WEST
MED-0222,2025-06-01,6,WEST
MED-0222,2025-07-01,7,CENTRAL
MED-0222,2025-08-01,2,WEST
MED-0222,2025-09-01,8,WEST
MED-0222,2025-10-01,5,WEST
MED-0222,2025-11-01,6,WEST
MED-0222,2025-12-01,6,WEST
MED-0223,2024-01-01,0,CENTRAL
MED-0223,2024-02-01,0,CENTRAL
MED-0223,2024-03-01,8,WEST
MED-0223,2024-04-01,0,CENTRAL
MED-0223,2024-05-01,0,CENTRAL
MED-0223,2024-06-01,0,NORTH
MED-0223,2024-07-01,0,CENTRAL
MED-0223,2024-08-01,15,CENTRAL
MED-0223,2024-09-01,0,EAST
MED-0223,2024-10-01,0,CENTRAL
MED-0223,2024-11-01,0,CENTRAL
MED-0223,2024-12-01,0,CENTRAL
MED-0223,2025-01-01,0,EAST
MED-0223,2025-02-01,10,CENTRAL
MED-0223,2025-03-01,0,CENTRAL
MED-0223,2025-04-01,0,CENTRAL
MED-0223,2025-05-01,0,CENTRAL
MED-0223,2025-06-01,0,CENTRAL
MED-0223,2025-07-01,0,SOUTH
MED-0223,2025-08-01,18,CENTRAL
MED-0223,2025-09-01,0,CENTRAL
MED-0223,2025-10-01,0,CENTRAL
MED-0223,2025-11-01,0,CENTRAL
MED-0223,2025-12-01,0,EAST
MED-0224,2024-07-01,0,WEST
MED-0224,2024-08-01,0,SOUTH
MED-0224,2024-09-01,3,WEST
MED-0224,2024-10-01,0,WEST
MED-0224,2024-11-01,0,WEST
MED-0224,2024-12-01,0,SOUTH
MED-0224,2025-01-01,2,WEST
MED-0224,2025-02-01,0,WEST
MED-0224,2025-03-01,0,WEST
MED-0224,2025-04-01,0,WEST
MED-0224,2025-05-01,0,WEST
MED-0224,2025-06-01,0,WEST
MED-0224,2025-07-01,0,WEST
MED-0224,2025-08-01,11,WEST
MED-0224,2025-09-01,0,WEST
MED-0224,2025-10-01,1,CENTRAL
MED-0224,2025-11-01,0,WEST
MED-0224,2025-12-01,0,WEST
MED-0225,2022-01-01,0,EAST
MED-0225,2022-02-01,0,SOUTH
MED-0225,2022-03-01,0,WEST
MED-0225,2022-04-01,0,SOUTH
MED-0225,2022-05-01,6,NORTH
MED-0225,2022-06-01,0,WEST
MED-0225,2022-07-01,0,WEST
MED-0225,2022-08-01,3,WEST
MED-0225,2022-09-01,0,WEST
MED-0225,2022-10-01,0,CENTRAL
MED-0225,2022-11-01,7,WEST
MED-0225,2022-12-01,4,WEST
MED-0225,2023-01-01,0,WEST
MED-0225,2023-02-01,7,WEST
MED-0225,2023-03-01,0,WEST
MED-0225,2023-04-01,0,WEST
MED-0225,2023-05-01,0,WEST
MED-0225,2023-06-01,0,WEST
MED-0225,2023-07-01,4,WEST
MED-0225,2023-08-01,0,WEST
MED-0225,2023-09-01,0,WEST
MED-0225,2023-10-01,0,CENTRAL
MED-0225,2023-11-01,0,WEST
MED-0225,2023-12-01,6,WEST
MED-0225,2024-01-01,0,WEST
MED-0225,2024-02-01,0,CENTRAL
MED-0225,2024-03-01,13,WEST
MED-0225,2024-04-01,0,WEST
MED-0225,2024-05-01,0,WEST
MED-0225,2024-06-01,0,WEST
MED-0225,2024-07-01,0,WEST
MED-0225,2024-08-01,3,WEST
MED-0225,2024-09-01,0,WEST
MED-0225,2024-10-01,0,WEST
MED-0225,2024-11-01,0,WEST
MED-0225,2024-12-01,0,CENTRAL
MED-0225,2025-01-01,0,WEST
MED-0225,2025-02-01,0,WEST
MED-0225,2025-03-01,4,CENTRAL
MED-0225,2025-04-01,0,WEST
MED-0225,2025-05-01,5,WEST
MED-0225,2025-06-01,8,NORTH
MED-0225,2025-07-01,0,WEST
MED-0225,2025-08-01,0,WEST
MED-0225,2025-09-01,8,WEST
MED-0225,2025-10-01,6,EAST
MED-0225,2025-11-01,0,WEST
MED-0225,2025-12-01,0,WEST
MED-0226,2023-01-01,0,NORTH
MED-0226,2023-02-01,0,NORTH
MED-0226,2023-03-01,0,NORTH
MED-0226,2023-04-01,0,NORTH
MED-0226,2023-05-01,0,NORTH
MED-0226,2023-06-01,0,NORTH
MED-0226,2023-07-01,0,SOUTH
MED-0226,2023-08-01,0,NORTH
MED-0226,2023-09-01,0,NORTH
MED-0226,2023-10-01,0,NORTH
MED-0226,2023-11-01,9,NORTH
MED-0226,2023-12-01,0,SOUTH
MED-0226,2024-01-01,0,NORTH
MED-0226,2024-02-01,0,NORTH
MED-0226,2024-03-01,0,SOUTH
MED-0226,2024-04-01,0,NORTH
MED-0226,2024-05-01,0,NORTH
MED-0226,2024-06-01,0,NORTH
MED-0226,2024-07-01,0,SOUTH
MED-0226,2024-08-01,0,NORTH
MED-0226,2024-09-01,0,NORTH
MED-0226,2024-10-01,2,NORTH
MED-0226,2024-11-01,0,NORTH
MED-0226,2024-12-01,0,NORTH
MED-0226,2025-01-01,0,NORTH
MED-0226,2025-02-01,0,NORTH
MED-0226,2025-03-01,0,NORTH
MED-0226,2025-04-01,0,NORTH
MED-0226,2025-05-01,0,NORTH
MED-0226,2025-06-01,0,SOUTH
MED-0226,2025-07-01,26,NORTH
MED-0226,2025-08-01,0,NORTH
MED-0226,2025-09-01,0,NORTH
MED-0226,2025-10-01,0,WEST
MED-0226,2025-11-01,0,CENTRAL
MED-0226,2025-12-01,4,NORTH
MED-0227,2024-07-01,0,WEST
MED-0227,2024-08-01,0,CENTRAL
MED-0227,2024-09-01,0,SOUTH
MED-0227,2024-10-01,0,EAST
MED-0227,2024-11-01,0,WEST
MED-0227,2024-12-01,4,WEST
MED-0227,2025-01-01,0,WEST
MED-0227,2025-02-01,0,WEST
MED-0227,2025-03-01,0,WEST
MED-0227,2025-04-01,0,CENTRAL
MED-0227,2025-05-01,0,SOUTH
MED-0227,2025-06-01,0,WEST
MED-0227,2025-07-01,5,WEST
MED-0227,2025-08-01,0,WEST
MED-0227,2025-09-01,3,NORTH
MED-0227,2025-10-01,8,WEST
MED-0227,2025-11-01,6,WEST
MED-0227,2025-12-01,6,CENTRAL
MED-0228,2024-07-01,0,CENTRAL
MED-0228,2024-08-01,0,CENTRAL
MED-0228,2024-09-01,0,WEST
MED-0228,2024-10-01,0,CENTRAL
MED-0228,2024-11-01,0,CENTRAL
MED-0228,2024-12-01,0,SOUTH
MED-0228,2025-01-01,2,CENTRAL
MED-0228,2025-02-01,0,CENTRAL
MED-0228,2025-03-01,8,CENTRAL
MED-0228,2025-04-01,0,CENTRAL
MED-0228,2025-05-01,0,NORTH
MED-0228,2025-06-01,0,SOUTH
MED-0228,2025-07-01,3,CENTRAL
MED-0228,2025-08-01,0,CENTRAL
MED-0228,2025-09-01,0,CENTRAL
MED-0228,2025-10-01,0,CENTRAL
MED-0228,2025-11-01,0,WEST
MED-0228,2025-12-01,0,CENTRAL
MED-0229,2024-01-01,0,CENTRAL
MED-0229,2024-02-01,0,EAST
MED-0229,2024-03-01,0,EAST
MED-0229,2024-04-01,0,SOUTH
MED-0229,2024-05-01,0,EAST
MED-0229,2024-06-01,0,NORTH
MED-0229,2024-07-01,0,NORTH
MED-0229,2024-08-01,0,SOUTH
MED-0229,2024-09-01,0,EAST
MED-0229,2024-10-01,0,EAST
MED-0229,2024-11-01,0,EAST
MED-0229,2024-12-01,3,EAST
MED-0229,2025-01-01,0,EAST
MED-0229,2025-02-01,0,EAST
MED-0229,2025-03-01,0,EAST
MED-0229,2025-04-01,0,EAST
MED-0229,2025-05-01,0,EAST
MED-0229,2025-06-01,0,EAST
MED-0229,2025-07-01,0,EAST
MED-0229,2025-08-01,0,NORTH
MED-0229,2025-09-01,0,EAST
MED-0229,2025-10-01,0,EAST
MED-0229,2025-11-01,0,EAST
MED-0229,2025-12-01,0,NORTH
MED-0230,2022-07-01,0,WEST
MED-0230,2022-08-01,0,WEST
MED-0230,2022-09-01,0,WEST
MED-0230,2022-10-01,3,SOUTH
MED-0230,2022-11-01,0,WEST
MED-0230,2022-12-01,0,WEST
MED-0230,2023-01-01,0,WEST
MED-0230,2023-02-01,0,SOUTH
MED-0230,2023-03-01,0,SOUTH
MED-0230,2023-04-01,0,WEST
MED-0230,2023-05-01,0,WEST
MED-0230,2023-06-01,12,WEST
MED-0230,2023-07-01,11,SOUTH
MED-0230,2023-08-01,0,WEST
MED-0230,2023-09-01,0,WEST
MED-0230,2023-10-01,5,EAST
MED-0230,2023-11-01,5,SOUTH
MED-0230,2023-12-01,0,CENTRAL
MED-0230,2024-01-01,6,WEST
MED-0230,2024-02-01,9,SOUTH
MED-0230,2024-03-01,0,WEST
MED-0230,2024-04-01,0,WEST
MED-0230,2024-05-01,0,WEST
MED-0230,2024-06-01,0,WEST
MED-0230,2024-07-01,0,WEST
MED-0230,2024-08-01,10,SOUTH
MED-0230,2024-09-01,0,WEST
MED-0230,2024-10-01,9,WEST
MED-0230,2024-11-01,0,NORTH
MED-0230,2024-12-01,0,SOUTH
MED-0230,2025-01-01,0,SOUTH
MED-0230,2025-02-01,0,CENTRAL
MED-0230,2025-03-01,9,WEST
MED-0230,2025-04-01,4,NORTH
MED-0230,2025-05-01,0,NORTH
MED-0230,2025-06-01,0,WEST
MED-0230,2025-07-01,0,WEST
MED-0230,2025-08-01,5,WEST
MED-0230,2025-09-01,2,WEST
MED-0230,2025-10-01,2,EAST
MED-0230,2025-11-01,0,WEST
MED-0230,2025-12-01,0,SOUTH
MED-0231,2024-01-01,4,CENTRAL
MED-0231,2024-02-01,0,WEST
MED-0231,2024-03-01,6,CENTRAL
MED-0231,2024-04-01,0,CENTRAL
MED-0231,2024-05-01,0,CENTRAL
MED-0231,2024-06-01,0,CENTRAL
MED-0231,2024-07-01,0,CENTRAL
MED-0231,2024-08-01,0,SOUTH
MED-0231,2024-09-01,5,CENTRAL
MED-0231,2024-10-01,4,CENTRAL
MED-0231,2024-11-01,8,CENTRAL
MED-0231,2024-12-01,0,SOUTH
MED-0231,2025-01-01,7,SOUTH
MED-0231,2025-02-01,0,CENTRAL
MED-0231,2025-03-01,0,CENTRAL
MED-0231,2025-04-01,0,CENTRAL
MED-0231,2025-05-01,0,CENTRAL
MED-0231,2025-06-01,10,CENTRAL
MED-0231,2025-07-01,0,SOUTH
MED-0231,2025-08-01,0,CENTRAL
MED-0231,2025-09-01,0,SOUTH
MED-0231,2025-10-01,0,SOUTH
MED-0231,2025-11-01,0,EAST
MED-0231,2025-12-01,0,CENTRAL
MED-0232,2022-01-01,2,SOUTH
MED-0232,2022-02-01,4,CENTRAL
MED-0232,2022-03-01,0,SOUTH
MED-0232,2022-04-01,0,SOUTH
MED-0232,2022-05-01,0,SOUTH
MED-0232,2022-06-01,0,SOUTH
MED-0232,2022-07-01,0,NORTH
MED-0232,2022-08-01,0,SOUTH
MED-0232,2022-09-01,10,SOUTH
MED-0232,2022-10-01,3,NORTH
MED-0232,2022-11-01,0,EAST
MED-0232,2022-12-01,0,SOUTH
MED-0232,2023-01-01,4,SOUTH
MED-0232,2023-02-01,0,SOUTH
MED-0232,2023-03-01,0,SOUTH
MED-0232,2023-04-01,0,SOUTH
MED-0232,2023-05-01,0,SOUTH
MED-0232,2023-06-01,0,WEST
MED-0232,2023-07-01,0,CENTRAL
MED-0232,2023-08-01,2,SOUTH
MED-0232,2023-09-01,0,NORTH
MED-0232,2023-10-01,0,NORTH
MED-0232,2023-11-01,7,SOUTH
MED-0232,2023-12-01,0,SOUTH
MED-0232,2024-01-01,3,CENTRAL
MED-0232,2024-02-01,0,SOUTH
MED-0232,2024-03-01,2,SOUTH
MED-0232,2024-04-01,0,SOUTH
MED-0232,2024-05-01,0,CENTRAL
MED-0232,2024-06-01,7,CENTRAL
MED-0232,2024-07-01,0,SOUTH
MED-0232,2024-08-01,0,SOUTH
MED-0232,2024-09-01,0,SOUTH
MED-0232,2024-10-01,0,SOUTH
MED-0232,2024-11-01,0,SOUTH
MED-0232,2024-12-01,6,SOUTH
MED-0232,2025-01-01,0,CENTRAL
MED-0232,2025-02-01,4,SOUTH
MED-0232,2025-03-01,12,SOUTH
MED-0232,2025-04-01,0,CENTRAL
MED-0232,2025-05-01,0,SOUTH
MED-0232,2025-06-01,0,EAST
MED-0232,2025-07-01,0,WEST
MED-0232,2025-08-01,0,NORTH
MED-0232,2025-09-01,0,SOUTH
MED-0232,2025-10-01,3,CENTRAL
MED-0232,2025-11-01,0,SOUTH
MED-0232,2025-12-01,0,SOUTH
MED-0233,2023-01-01,0,NORTH
MED-0233,2023-02-01,0,WEST
MED-0233,2023-03-01,0,NORTH
MED-0233,2023-04-01,0,NORTH
MED-0233,2023-05-01,0,NORTH
MED-0233,2023-06-01,0,CENTRAL
MED-0233,2023-07-01,0,NORTH
MED-0233,2023-08-01,0,NORTH
MED-0233,2023-09-01,13,NORTH
MED-0233,2023-10-01,0,NORTH
MED-0233,2023-11-01,0,NORTH
MED-0233,2023-12-01,0,NORTH
MED-0233,2024-01-01,0,NORTH
MED-0233,2024-02-01,0,EAST
MED-0233,2024-03-01,0,NORTH
MED-0233,2024-04-01,0,NORTH
MED-0233,2024-05-01,0,NORTH
MED-0233,2024-06-01,0,NORTH
MED-0233,2024-07-01,0,NORTH
MED-0233,2024-08-01,0,NORTH
MED-0233,2024-09-01,0,NORTH
MED-0233,2024-10-01,10,NORTH
MED-0233,2024-11-01,10,EAST
MED-0233,2024-12-01,0,NORTH
MED-0233,2025-01-01,0,NORTH
MED-0233,2025-02-01,6,NORTH
MED-0233,2025-03-01,0,NORTH
MED-0233,2025-04-01,0,NORTH
MED-0233,2025-05-01,0,CENTRAL
MED-0233,2025-06-01,0,EAST
MED-0233,2025-07-01,0,NORTH
MED-0233,2025-08-01,0,NORTH
MED-0233,2025-09-01,0,WEST
MED-0233,2025-10-01,0,NORTH
MED-0233,2025-11-01,0,NORTH
MED-0233,2025-12-01,0,NORTH
MED-0234,2022-07-01,0,WEST
MED-0234,2022-08-01,0,WEST
MED-0234,2022-09-01,0,WEST
MED-0234,2022-10-01,9,WEST
MED-0234,2022-11-01,10,SOUTH
MED-0234,2022-12-01,0,WEST
MED-0234,2023-01-01,8,CENTRAL
MED-0234,2023-02-01,0,WEST
MED-0234,2023-03-01,0,NORTH
MED-0234,2023-04-01,11,WEST
MED-0234,2023-05-01,0,CENTRAL
MED-0234,2023-06-01,0,NORTH
MED-0234,2023-07-01,0,WEST
MED-0234,2023-08-01,15,NORTH
MED-0234,2023-09-01,0,CENTRAL
MED-0234,2023-10-01,2,WEST
MED-0234,2023-11-01,0,WEST
MED-0234,2023-12-01,0,EAST
MED-0234,2024-01-01,0,CENTRAL
MED-0234,2024-02-01,0,NORTH
MED-0234,2024-03-01,0,SOUTH
MED-0234,2024-04-01,0,WEST
MED-0234,2024-05-01,2,SOUTH
MED-0234,2024-06-01,0,EAST
MED-0234,2024-07-01,0,WEST
MED-0234,2024-08-01,0,WEST
MED-0234,2024-09-01,0,WEST
MED-0234,2024-10-01,8,CENTRAL
MED-0234,2024-11-01,0,WEST
MED-0234,2024-12-01,0,NORTH
MED-0234,2025-01-01,0,CENTRAL
MED-0234,2025-02-01,0,SOUTH
MED-0234,2025-03-01,0,WEST
MED-0234,2025-04-01,0,WEST
MED-0234,2025-05-01,0,CENTRAL
MED-0234,2025-06-01,17,SOUTH
MED-0234,2025-07-01,7,WEST
MED-0234,2025-08-01,0,SOUTH
MED-0234,2025-09-01,0,WEST
MED-0234,2025-10-01,0,WEST
MED-0234,2025-11-01,10,NORTH
MED-0234,2025-12-01,0,WEST
MED-0235,2022-01-01,5,NORTH
MED-0235,2022-02-01,0,SOUTH
MED-0235,2022-03-01,4,NORTH
MED-0235,2022-04-01,1,NORTH
MED-0235,2022-05-01,0,NORTH
MED-0235,2022-06-01,2,NORTH
MED-0235,2022-07-01,2,CENTRAL
MED-0235,2022-08-01,10,NORTH
MED-0235,2022-09-01,1,NORTH
MED-0235,2022-10-01,6,EAST
MED-0235,2022-11-01,2,NORTH
MED-0235,2022-12-01,3,NORTH
MED-0235,2023-01-01,2,NORTH
MED-0235,2023-02-01,7,WEST
MED-0235,2023-03-01,3,NORTH
MED-0235,2023-04-01,4,NORTH
MED-0235,2023-05-01,2,NORTH
MED-0235,2023-06-01,7,NORTH
MED-0235,2023-07-01,1,CENTRAL
MED-0235,2023-08-01,0,WEST
MED-0235,2023-09-01,0,EAST
MED-0235,2023-10-01,2,NORTH
MED-0235,2023-11-01,0,NORTH
MED-0235,2023-12-01,5,CENTRAL
MED-0235,2024-01-01,4,NORTH
MED-0235,2024-02-01,3,NORTH
MED-0235,2024-03-01,4,NORTH
MED-0235,2024-04-01,3,NORTH
MED-0235,2024-05-01,5,NORTH
MED-0235,2024-06-01,1,NORTH
MED-0235,2024-07-01,2,CENTRAL
MED-0235,2024-08-01,0,NORTH
MED-0235,2024-09-01,3,SOUTH
MED-0235,2024-10-01,10,NORTH
MED-0235,2024-11-01,11,NORTH
MED-0235,2024-12-01,4,CENTRAL
MED-0235,2025-01-01,2,NORTH
MED-0235,2025-02-01,5,CENTRAL
MED-0235,2025-03-01,4,NORTH
MED-0235,2025-04-01,1,NORTH
MED-0235,2025-05-01,3,NORTH
MED-0235,2025-06-01,2,NORTH
MED-0235,2025-07-01,1,CENTRAL
MED-0235,2025-08-01,4,WEST
MED-0235,2025-09-01,2,EAST
MED-0235,2025-10-01,5,NORTH
MED-0235,2025-11-01,3,NORTH
MED-0235,2025-12-01,0,NORTH
MED-0236,2022-01-01,0,SOUTH
MED-0236,2022-02-01,0,EAST
MED-0236,2022-03-01,0,EAST
MED-0236,2022-04-01,0,EAST
MED-0236,2022-05-01,0,EAST
MED-0236,2022-06-01,0,EAST
MED-0236,2022-07-01,0,EAST
MED-0236,2022-08-01,0,SOUTH
MED-0236,2022-09-01,0,WEST
MED-0236,2022-10-01,0,EAST
MED-0236,2022-11-01,0,EAST
MED-0236,2022-12-01,0,SOUTH
MED-0236,2023-01-01,0,EAST
MED-0236,2023-02-01,0,EAST
MED-0236,2023-03-01,0,NORTH
MED-0236,2023-04-01,1,NORTH
MED-0236,2023-05-01,4,EAST
MED-0236,2023-06-01,0,EAST
MED-0236,2023-07-01,0,EAST
MED-0236,2023-08-01,0,WEST
MED-0236,2023-09-01,0,EAST
MED-0236,2023-10-01,0,EAST
MED-0236,2023-11-01,0,EAST
MED-0236,2023-12-01,0,EAST
MED-0236,2024-01-01,12,EAST
MED-0236,2024-02-01,0,EAST
MED-0236,2024-03-01,0,EAST
MED-0236,2024-04-01,0,EAST
MED-0236,2024-05-01,0,EAST
MED-0236,2024-06-01,0,EAST
MED-0236,2024-07-01,0,EAST
MED-0236,2024-08-01,0,NORTH
MED-0236,2024-09-01,0,EAST
MED-0236,2024-10-01,0,EAST
MED-0236,2024-11-01,0,EAST
MED-0236,2024-12-01,1,SOUTH
MED-0236,2025-01-01,0,EAST
MED-0236,2025-02-01,0,EAST
MED-0236,2025-03-01,0,EAST
MED-0236,2025-04-01,0,EAST
MED-0236,2025-05-01,0,EAST
MED-0236,2025-06-01,0,EAST
MED-0236,2025-07-01,7,SOUTH
MED-0236,2025-08-01,0,EAST
MED-0236,2025-09-01,0,EAST
MED-0236,2025-10-01,0,EAST
MED-0236,2025-11-01,0,WEST
MED-0236,2025-12-01,8,SOUTH
MED-0237,2022-07-01,7,WEST
MED-0237,2022-08-01,4,WEST
MED-0237,2022-09-01,5,SOUTH
MED-0237,2022-10-01,6,WEST
MED-0237,2022-11-01,6,WEST
MED-0237,2022-12-01,10,EAST
MED-0237,2023-01-01,8,WEST
MED-0237,2023-02-01,5,WEST
MED-0237,2023-03-01,5,WEST
MED-0237,2023-04-01,8,WEST
MED-0237,2023-05-01,11,SOUTH
MED-0237,2023-06-01,5,WEST
MED-0237,2023-07-01,0,WEST
MED-0237,2023-08-01,1,CENTRAL
MED-0237,2023-09-01,3,WEST
MED-0237,2023-10-01,7,EAST
MED-0237,2023-11-01,4,WEST
MED-0237,2023-12-01,11,EAST
MED-0237,2024-01-01,7,WEST
MED-0237,2024-02-01,6,WEST
MED-0237,2024-03-01,6,WEST
MED-0237,2024-04-01,10,EAST
MED-0237,2024-05-01,3,WEST
MED-0237,2024-06-01,7,WEST
MED-0237,2024-07-01,5,CENTRAL
MED-0237,2024-08-01,3,WEST
MED-0237,2024-09-01,6,CENTRAL
MED-0237,2024-10-01,6,NORTH
MED-0237,2024-11-01,4,CENTRAL
MED-0237,2024-12-01,11,WEST
MED-0237,2025-01-01,6,WEST
MED-0237,2025-02-01,3,WEST
MED-0237,2025-03-01,22,SOUTH
MED-0237,2025-04-01,6,CENTRAL
MED-0237,2025-05-01,4,EAST
MED-0237,2025-06-01,4,WEST
MED-0237,2025-07-01,8,WEST
MED-0237,2025-08-01,2,WEST
MED-0237,2025-09-01,8,SOUTH
MED-0237,2025-10-01,5,WEST
MED-0237,2025-11-01,5,WEST
MED-0237,2025-12-01,5,WEST
MED-0238,2023-07-01,8,WEST
MED-0238,2023-08-01,5,EAST
MED-0238,2023-09-01,11,WEST
MED-0238,2023-10-01,3,WEST
MED-0238,2023-11-01,5,WEST
MED-0238,2023-12-01,2,SOUTH
MED-0238,2024-01-01,11,WEST
MED-0238,2024-02-01,6,WEST
MED-0238,2024-03-01,10,WEST
MED-0238,2024-04-01,5,NORTH
MED-0238,2024-05-01,6,CENTRAL
MED-0238,2024-06-01,6,WEST
MED-0238,2024-07-01,4,WEST
MED-0238,2024-08-01,11,WEST
MED-0238,2024-09-01,6,WEST
MED-0238,2024-10-01,4,NORTH
MED-0238,2024-11-01,6,WEST
MED-0238,2024-12-01,6,NORTH
MED-0238,2025-01-01,4,WEST
MED-0238,2025-02-01,3,WEST
MED-0238,2025-03-01,2,WEST
MED-0238,2025-04-01,9,EAST
MED-0238,2025-05-01,7,WEST
MED-0238,2025-06-01,3,WEST
MED-0238,2025-07-01,3,WEST
MED-0238,2025-08-01,5,SOUTH
MED-0238,2025-09-01,6,WEST
MED-0238,2025-10-01,5,WEST
MED-0238,2025-11-01,9,WEST
MED-0238,2025-12-01,4,WEST
MED-0239,2024-01-01,4,CENTRAL
MED-0239,2024-02-01,0,EAST
MED-0239,2024-03-01,0,SOUTH
MED-0239,2024-04-01,0,WEST
MED-0239,2024-05-01,6,NORTH
MED-0239,2024-06-01,4,EAST
MED-0239,2024-07-01,0,EAST
MED-0239,2024-08-01,10,CENTRAL
MED-0239,2024-09-01,0,EAST
MED-0239,2024-10-01,0,EAST
MED-0239,2024-11-01,0,EAST
MED-0239,2024-12-01,0,EAST
MED-0239,2025-01-01,0,SOUTH
MED-0239,2025-02-01,0,EAST
MED-0239,2025-03-01,7,SOUTH
MED-0239,2025-04-01,0,EAST
MED-0239,2025-05-01,0,NORTH
MED-0239,2025-06-01,9,EAST
MED-0239,2025-07-01,0,SOUTH
MED-0239,2025-08-01,0,EAST
MED-0239,2025-09-01,0,WEST
MED-0239,2025-10-01,0,EAST
MED-0239,2025-11-01,0,EAST
MED-0239,2025-12-01,0,EAST
MED-0240,2022-01-01,3,CENTRAL
MED-0240,2022-02-01,7,EAST
MED-0240,2022-03-01,6,SOUTH
MED-0240,2022-04-01,5,EAST
MED-0240,2022-05-01,2,EAST
MED-0240,2022-06-01,4,EAST
MED-0240,2022-07-01,10,EAST
MED-0240,2022-08-01,4,EAST
MED-0240,2022-09-01,2,EAST
MED-0240,2022-10-01,10,EAST
MED-0240,2022-11-01,5,EAST
MED-0240,2022-12-01,3,SOUTH
MED-0240,2023-01-01,2,EAST
MED-0240,2023-02-01,2,EAST
MED-0240,2023-03-01,4,WEST
MED-0240,2023-04-01,3,EAST
MED-0240,2023-05-01,10,EAST
MED-0240,2023-06-01,6,EAST
MED-0240,2023-07-01,7,EAST
MED-0240,2023-08-01,6,SOUTH
MED-0240,2023-09-01,3,NORTH
MED-0240,2023-10-01,5,EAST
MED-0240,2023-11-01,2,EAST
MED-0240,2023-12-01,3,EAST
MED-0240,2024-01-01,3,WEST
MED-0240,2024-02-01,1,EAST
MED-0240,2024-03-01,9,WEST
MED-0240,2024-04-01,5,WEST
MED-0240,2024-05-01,9,CENTRAL
MED-0240,2024-06-01,8,EAST
MED-0240,2024-07-01,6,EAST
MED-0240,2024-08-01,6,EAST
MED-0240,2024-09-01,3,CENTRAL
MED-0240,2024-10-01,6,NORTH
MED-0240,2024-11-01,3,WEST
MED-0240,2024-12-01,3,EAST
MED-0240,2025-01-01,5,EAST
MED-0240,2025-02-01,3,EAST
MED-0240,2025-03-01,4,WEST
MED-0240,2025-04-01,5,EAST
MED-0240,2025-05-01,4,EAST
MED-0240,2025-06-01,3,NORTH
MED-0240,2025-07-01,4,EAST
MED-0240,2025-08-01,4,EAST
MED-0240,2025-09-01,6,EAST
MED-0240,2025-10-01,3,NORTH
MED-0240,2025-11-01,3,EAST
MED-0240,2025-12-01,8,EAST
MED-0241,2024-07-01,0,WEST
MED-0241,2024-08-01,0,CENTRAL
MED-0241,2024-09-01,0,CENTRAL
MED-0241,2024-10-01,4,CENTRAL
MED-0241,2024-11-01,0,CENTRAL
MED-0241,2024-12-01,1,WEST
MED-0241,2025-01-01,0,CENTRAL
MED-0241,2025-02-01,0,CENTRAL
MED-0241,2025-03-01,4,NORTH
MED-0241,2025-04-01,0,NORTH
MED-0241,2025-05-01,0,CENTRAL
MED-0241,2025-06-01,0,CENTRAL
MED-0241,2025-07-01,4,CENTRAL
MED-0241,2025-08-01,4,CENTRAL
MED-0241,2025-09-01,5,CENTRAL
MED-0241,2025-10-01,0,CENTRAL
MED-0241,2025-11-01,4,CENTRAL
MED-0241,2025-12-01,0,CENTRAL
MED-0242,2024-01-01,0,EAST
MED-0242,2024-02-01,0,NORTH
MED-0242,2024-03-01,0,NORTH
MED-0242,2024-04-01,0,NORTH
MED-0242,2024-05-01,0,NORTH
MED-0242,2024-06-01,0,NORTH
MED-0242,2024-07-01,0,NORTH
MED-0242,2024-08-01,0,WEST
MED-0242,2024-09-01,0,EAST
MED-0242,2024-10-01,0,WEST
MED-0242,2024-11-01,0,NORTH
MED-0242,2024-12-01,0,NORTH
MED-0242,2025-01-01,0,NORTH
MED-0242,2025-02-01,0,CENTRAL
MED-0242,2025-03-01,0,NORTH
MED-0242,2025-04-01,0,NORTH
MED-0242,2025-05-01,0,SOUTH
MED-0242,2025-06-01,0,WEST
MED-0242,2025-07-01,0,NORTH
MED-0242,2025-08-01,0,NORTH
MED-0242,2025-09-01,0,WEST
MED-0242,2025-10-01,2,NORTH
MED-0242,2025-11-01,0,NORTH
MED-0242,2025-12-01,0,NORTH
MED-0243,2022-01-01,0,EAST
MED-0243,2022-02-01,0,EAST
MED-0243,2022-03-01,0,EAST
MED-0243,2022-04-01,0,EAST
MED-0243,2022-05-01,0,EAST
MED-0243,2022-06-01,0,WEST
MED-0243,2022-07-01,14,WEST
MED-0243,2022-08-01,0,NORTH
MED-0243,2022-09-01,0,CENTRAL
MED-0243,2022-10-01,0,EAST
MED-0243,2022-11-01,0,EAST
MED-0243,2022-12-01,0,SOUTH
MED-0243,2023-01-01,0,EAST
MED-0243,2023-02-01,12,EAST
MED-0243,2023-03-01,15,EAST
MED-0243,2023-04-01,9,EAST
MED-0243,2023-05-01,0,EAST
MED-0243,2023-06-01,0,EAST
MED-0243,2023-07-01,0,EAST
MED-0243,2023-08-01,0,SOUTH
MED-0243,2023-09-01,9,EAST
MED-0243,2023-10-01,14,EAST
MED-0243,2023-11-01,0,CENTRAL
MED-0243,2023-12-01,0,EAST
MED-0243,2024-01-01,0,CENTRAL
MED-0243,2024-02-01,0,EAST
MED-0243,2024-03-01,0,EAST
MED-0243,2024-04-01,0,EAST
MED-0243,2024-05-01,0,EAST
MED-0243,2024-06-01,0,EAST
MED-0243,2024-07-01,0,CENTRAL
MED-0243,2024-08-01,0,EAST
MED-0243,2024-09-01,0,CENTRAL
MED-0243,2024-10-01,0,EAST
MED-0243,2024-11-01,32,EAST
MED-0243,2024-12-01,0,CENTRAL
MED-0243,2025-01-01,0,EAST
MED-0243,2025-02-01,0,EAST
MED-0243,2025-03-01,0,NORTH
MED-0243,2025-04-01,0,CENTRAL
MED-0243,2025-05-01,0,EAST
MED-0243,2025-06-01,7,EAST
MED-0243,2025-07-01,0,EAST
MED-0243,2025-08-01,58,CENTRAL
MED-0243,2025-09-01,15,EAST
MED-0243,2025-10-01,0,SOUTH
MED-0243,2025-11-01,0,EAST
MED-0243,2025-12-01,11,WEST
MED-0244,2023-07-01,2,CENTRAL
MED-0244,2023-08-01,1,WEST
MED-0244,2023-09-01,5,CENTRAL
MED-0244,2023-10-01,1,EAST
MED-0244,2023-11-01,7,EAST
MED-0244,2023-12-01,3,EAST
MED-0244,2024-01-01,2,SOUTH
MED-0244,2024-02-01,4,EAST
MED-0244,2024-03-01,2,WEST
MED-0244,2024-04-01,3,EAST
MED-0244,2024-05-01,3,EAST
MED-0244,2024-06-01,2,CENTRAL
MED-0244,2024-07-01,7,SOUTH
MED-0244,2024-08-01,5,SOUTH
MED-0244,2024-09-01,5,WEST
MED-0244,2024-10-01,6,EAST
MED-0244,2024-11-01,4,EAST
MED-0244,2024-12-01,1,EAST
MED-0244,2025-01-01,1,WEST
MED-0244,2025-02-01,5,EAST
MED-0244,2025-03-01,4,EAST
MED-0244,2025-04-01,4,EAST
MED-0244,2025-05-01,5,EAST
MED-0244,2025-06-01,4,WEST
MED-0244,2025-07-01,4,NORTH
MED-0244,2025-08-01,0,CENTRAL
MED-0244,2025-09-01,3,SOUTH
MED-0244,2025-10-01,3,EAST
MED-0244,2025-11-01,3,NORTH
MED-0244,2025-12-01,6,EAST
MED-0245,2023-07-01,0,SOUTH
MED-0245,2023-08-01,0,SOUTH
MED-0245,2023-09-01,0,NORTH
MED-0245,2023-10-01,0,EAST
MED-0245,2023-11-01,0,SOUTH
MED-0245,2023-12-01,0,NORTH
MED-0245,2024-01-01,3,CENTRAL
MED-0245,2024-02-01,0,EAST
MED-0245,2024-03-01,4,SOUTH
MED-0245,2024-04-01,2,SOUTH
MED-0245,2024-05-01,0,SOUTH
MED-0245,2024-06-01,1,SOUTH
MED-0245,2024-07-01,0,CENTRAL
MED-0245,2024-08-01,0,SOUTH
MED-0245,2024-09-01,0,SOUTH
MED-0245,2024-10-01,1,SOUTH
MED-0245,2024-11-01,0,SOUTH
MED-0245,2024-12-01,5,SOUTH
MED-0245,2025-01-01,0,SOUTH
MED-0245,2025-02-01,0,NORTH
MED-0245,2025-03-01,0,SOUTH
MED-0245,2025-04-01,2,NORTH
MED-0245,2025-05-01,0,SOUTH
MED-0245,2025-06-01,0,SOUTH
MED-0245,2025-07-01,0,SOUTH
MED-0245,2025-08-01,0,SOUTH
MED-0245,2025-09-01,0,SOUTH
MED-0245,2025-10-01,6,SOUTH
MED-0245,2025-11-01,0,SOUTH
MED-0245,2025-12-01,0,SOUTH
MED-0246,2023-07-01,5,SOUTH
MED-0246,2023-08-01,3,SOUTH
MED-0246,2023-09-01,5,CENTRAL
MED-0246,2023-10-01,2,SOUTH
MED-0246,2023-11-01,6,SOUTH
MED-0246,2023-12-01,6,NORTH
MED-0246,2024-01-01,8,EAST
MED-0246,2024-02-01,2,SOUTH
MED-0246,2024-03-01,3,SOUTH
MED-0246,2024-04-01,4,EAST
MED-0246,2024-05-01,3,NORTH
MED-0246,2024-06-01,5,SOUTH
MED-0246,2024-07-01,4,SOUTH
MED-0246,2024-08-01,8,SOUTH
MED-0246,2024-09-01,5,SOUTH
MED-0246,2024-10-01,6,SOUTH
MED-0246,2024-11-01,3,SOUTH
MED-0246,2024-12-01,5,NORTH
MED-0246,2025-01-01,7,SOUTH
MED-0246,2025-02-01,8,EAST
MED-0246,2025-03-01,3,CENTRAL
MED-0246,2025-04-01,4,NORTH
MED-0246,2025-05-01,2,SOUTH
MED-0246,2025-06-01,6,SOUTH
MED-0246,2025-07-01,5,SOUTH
MED-0246,2025-08-01,4,NORTH
MED-0246,2025-09-01,3,SOUTH
MED-0246,2025-10-01,6,WEST
MED-0246,2025-11-01,6,SOUTH
MED-0246,2025-12-01,2,SOUTH
MED-0247,2024-07-01,0,CENTRAL
MED-0247,2024-08-01,6,CENTRAL
MED-0247,2024-09-01,4,CENTRAL
MED-0247,2024-10-01,8,CENTRAL
MED-0247,2024-11-01,7,CENTRAL
MED-0247,2024-12-01,0,CENTRAL
MED-0247,2025-01-01,0,CENTRAL
MED-0247,2025-02-01,7,CENTRAL
MED-0247,2025-03-01,0,CENTRAL
MED-0247,2025-04-01,0,CENTRAL
MED-0247,2025-05-01,0,WEST
MED-0247,2025-06-01,0,CENTRAL
MED-0247,2025-07-01,0,CENTRAL
MED-0247,2025-08-01,0,CENTRAL
MED-0247,2025-09-01,0,CENTRAL
MED-0247,2025-10-01,0,CENTRAL
MED-0247,2025-11-01,0,CENTRAL
MED-0247,2025-12-01,0,SOUTH
MED-0248,2023-01-01,0,SOUTH
MED-0248,2023-02-01,0,SOUTH
MED-0248,2023-03-01,0,SOUTH
MED-0248,2023-04-01,4,SOUTH
MED-0248,2023-05-01,0,SOUTH
MED-0248,2023-06-01,0,SOUTH
MED-0248,2023-07-01,4,SOUTH
MED-0248,2023-08-01,4,SOUTH
MED-0248,2023-09-01,8,WEST
MED-0248,2023-10-01,0,SOUTH
MED-0248,2023-11-01,5,SOUTH
MED-0248,2023-12-01,0,EAST
MED-0248,2024-01-01,0,SOUTH
MED-0248,2024-02-01,5,SOUTH
MED-0248,2024-03-01,5,SOUTH
MED-0248,2024-04-01,0,SOUTH
MED-0248,2024-05-01,1,SOUTH
MED-0248,2024-06-01,0,WEST
MED-0248,2024-07-01,0,WEST
MED-0248,2024-08-01,0,NORTH
MED-0248,2024-09-01,0,SOUTH
MED-0248,2024-10-01,0,WEST
MED-0248,2024-11-01,1,SOUTH
MED-0248,2024-12-01,3,SOUTH
MED-0248,2025-01-01,3,SOUTH
MED-0248,2025-02-01,2,SOUTH
MED-0248,2025-03-01,0,SOUTH
MED-0248,2025-04-01,0,NORTH
MED-0248,2025-05-01,0,SOUTH
MED-0248,2025-06-01,0,SOUTH
MED-0248,2025-07-01,0,WEST
MED-0248,2025-08-01,5,SOUTH
MED-0248,2025-09-01,4,SOUTH
MED-0248,2025-10-01,3,WEST
MED-0248,2025-11-01,0,SOUTH
MED-0248,2025-12-01,3,EAST
MED-0249,2022-01-01,0,EAST
MED-0249,2022-02-01,0,EAST
MED-0249,2022-03-01,17,CENTRAL
MED-0249,2022-04-01,0,SOUTH
MED-0249,2022-05-01,0,EAST
MED-0249,2022-06-01,12,EAST
MED-0249,2022-07-01,0,NORTH
MED-0249,2022-08-01,7,EAST
MED-0249,2022-09-01,14,CENTRAL
MED-0249,2022-10-01,0,EAST
MED-0249,2022-11-01,0,EAST
MED-0249,2022-12-01,15,EAST
MED-0249,2023-01-01,0,EAST
MED-0249,2023-02-01,0,EAST
MED-0249,2023-03-01,0,WEST
MED-0249,2023-04-01,0,EAST
MED-0249,2023-05-01,0,EAST
MED-0249,2023-06-01,15,EAST
MED-0249,2023-07-01,0,EAST
MED-0249,2023-08-01,0,CENTRAL
MED-0249,2023-09-01,0,EAST
MED-0249,2023-10-01,0,EAST
MED-0249,2023-11-01,0,SOUTH
MED-0249,2023-12-01,0,NORTH
MED-0249,2024-01-01,21,NORTH
MED-0249,2024-02-01,0,SOUTH
MED-0249,2024-03-01,0,WEST
MED-0249,2024-04-01,15,EAST
MED-0249,2024-05-01,18,EAST
MED-0249,2024-06-01,13,EAST
MED-0249,2024-07-01,0,WEST
MED-0249,2024-08-01,0,CENTRAL
MED-0249,2024-09-01,0,CENTRAL
MED-0249,2024-10-01,0,EAST
MED-0249,2024-11-01,0,EAST
MED-0249,2024-12-01,0,CENTRAL
MED-0249,2025-01-01,6,EAST
MED-0249,2025-02-01,0,SOUTH
MED-0249,2025-03-01,0,EAST
MED-0249,2025-04-01,11,EAST
MED-0249,2025-05-01,0,CENTRAL
MED-0249,2025-06-01,11,EAST
MED-0249,2025-07-01,0,EAST
MED-0249,2025-08-01,0,CENTRAL
MED-0249,2025-09-01,0,EAST
MED-0249,2025-10-01,0,EAST
MED-0249,2025-11-01,0,EAST
MED-0249,2025-12-01,0,EAST
MED-0250,2022-01-01,0,SOUTH
MED-0250,2022-02-01,0,NORTH
MED-0250,2022-03-01,0,NORTH
MED-0250,2022-04-01,0,NORTH
MED-0250,2022-05-01,0,NORTH
MED-0250,2022-06-01,0,CENTRAL
MED-0250,2022-07-01,8,NORTH
MED-0250,2022-08-01,0,NORTH
MED-0250,2022-09-01,0,CENTRAL
MED-0250,2022-10-01,0,NORTH
MED-0250,2022-11-01,0,NORTH
MED-0250,2022-12-01,0,NORTH
MED-0250,2023-01-01,0,NORTH
MED-0250,2023-02-01,9,NORTH
MED-0250,2023-03-01,0,WEST
MED-0250,2023-04-01,0,NORTH
MED-0250,2023-05-01,0,NORTH
MED-0250,2023-06-01,0,NORTH
MED-0250,2023-07-01,0,NORTH
MED-0250,2023-08-01,5,NORTH
MED-0250,2023-09-01,0,NORTH
MED-0250,2023-10-01,0,NORTH
MED-0250,2023-11-01,0,NORTH
MED-0250,2023-12-01,0,SOUTH
MED-0250,2024-01-01,0,NORTH
MED-0250,2024-02-01,0,NORTH
MED-0250,2024-03-01,0,NORTH
MED-0250,2024-04-01,0,SOUTH
MED-0250,2024-05-01,0,NORTH
MED-0250,2024-06-01,0,NORTH
MED-0250,2024-07-01,0,SOUTH
MED-0250,2024-08-01,0,SOUTH
MED-0250,2024-09-01,29,NORTH
MED-0250,2024-10-01,6,NORTH
MED-0250,2024-11-01,0,NORTH
MED-0250,2024-12-01,0,NORTH
MED-0250,2025-01-01,0,NORTH
MED-0250,2025-02-01,0,NORTH
MED-0250,2025-03-01,0,SOUTH
MED-0250,2025-04-01,0,NORTH
MED-0250,2025-05-01,0,NORTH
MED-0250,2025-06-01,0,NORTH
MED-0250,2025-07-01,6,NORTH
MED-0250,2025-08-01,0,NORTH
MED-0250,2025-09-01,6,NORTH
MED-0250,2025-10-01,0,NORTH
MED-0250,2025-11-01,0,NORTH
MED-0250,2025-12-01,0,WEST
MED-0251,2022-01-01,7,NORTH
MED-0251,2022-02-01,5,NORTH
MED-0251,2022-03-01,5,NORTH
MED-0251,2022-04-01,5,NORTH
MED-0251,2022-05-01,4,NORTH
MED-0251,2022-06-01,15,NORTH
MED-0251,2022-07-01,8,EAST
MED-0251,2022-08-01,5,EAST
MED-0251,2022-09-01,6,NORTH
MED-0251,2022-10-01,4,SOUTH
MED-0251,2022-11-01,6,NORTH
MED-0251,2022-12-01,4,NORTH
MED-0251,2023-01-01,9,NORTH
MED-0251,2023-02-01,5,SOUTH
MED-0251,2023-03-01,6,NORTH
MED-0251,2023-04-01,8,WEST
MED-0251,2023-05-01,2,NORTH
MED-0251,2023-06-01,4,NORTH
MED-0251,2023-07-01,5,SOUTH
MED-0251,2023-08-01,3,NORTH
MED-0251,2023-09-01,5,WEST
MED-0251,2023-10-01,8,EAST
MED-0251,2023-11-01,11,CENTRAL
MED-0251,2023-12-01,9,NORTH
MED-0251,2024-01-01,8,NORTH
MED-0251,2024-02-01,6,NORTH
MED-0251,2024-03-01,5,NORTH
MED-0251,2024-04-01,5,NORTH
MED-0251,2024-05-01,0,NORTH
MED-0251,2024-06-01,21,CENTRAL
MED-0251,2024-07-01,7,NORTH
MED-0251,2024-08-01,6,NORTH
MED-0251,2024-09-01,5,NORTH
MED-0251,2024-10-01,7,NORTH
MED-0251,2024-11-01,8,CENTRAL
MED-0251,2024-12-01,7,EAST
MED-0251,2025-01-01,5,EAST
MED-0251,2025-02-01,4,WEST
MED-0251,2025-03-01,7,NORTH
MED-0251,2025-04-01,4,SOUTH
MED-0251,2025-05-01,7,NORTH
MED-0251,2025-06-01,2,NORTH
MED-0251,2025-07-01,6,NORTH
MED-0251,2025-08-01,6,NORTH
MED-0251,2025-09-01,1,NORTH
MED-0251,2025-10-01,8,NORTH
MED-0251,2025-11-01,3,SOUTH
MED-0251,2025-12-01,6,NORTH
MED-0252,2022-07-01,4,EAST
MED-0252,2022-08-01,3,EAST
MED-0252,2022-09-01,7,EAST
MED-0252,2022-10-01,4,EAST
MED-0252,2022-11-01,5,EAST
MED-0252,2022-12-01,6,EAST
MED-0252,2023-01-01,3,EAST
MED-0252,2023-02-01,4,EAST
MED-0252,2023-03-01,4,NORTH
MED-0252,2023-04-01,7,EAST
MED-0252,2023-05-01,8,EAST
MED-0252,2023-06-01,7,EAST
MED-0252,2023-07-01,3,EAST
MED-0252,2023-08-01,2,EAST
MED-0252,2023-09-01,5,EAST
MED-0252,2023-10-01,3,EAST
MED-0252,2023-11-01,4,EAST
MED-0252,2023-12-01,3,WEST
MED-0252,2024-01-01,2,EAST
MED-0252,2024-02-01,2,EAST
MED-0252,2024-03-01,4,WEST
MED-0252,2024-04-01,8,EAST
MED-0252,2024-05-01,4,EAST
MED-0252,2024-06-01,5,EAST
MED-0252,2024-07-01,5,EAST
MED-0252,2024-08-01,3,EAST
MED-0252,2024-09-01,2,NORTH
MED-0252,2024-10-01,5,SOUTH
MED-0252,2024-11-01,1,EAST
MED-0252,2024-12-01,5,SOUTH
MED-0252,2025-01-01,22,EAST
MED-0252,2025-02-01,2,EAST
MED-0252,2025-03-01,5,EAST
MED-0252,2025-04-01,3,EAST
MED-0252,2025-05-01,4,EAST
MED-0252,2025-06-01,2,EAST
MED-0252,2025-07-01,4,CENTRAL
MED-0252,2025-08-01,4,EAST
MED-0252,2025-09-01,3,EAST
MED-0252,2025-10-01,7,EAST
MED-0252,2025-11-01,8,EAST
MED-0252,2025-12-01,3,EAST
MED-0253,2022-01-01,0,NORTH
MED-0253,2022-02-01,0,NORTH
MED-0253,2022-03-01,0,NORTH
MED-0253,2022-04-01,0,CENTRAL
MED-0253,2022-05-01,18,NORTH
MED-0253,2022-06-01,0,WEST
MED-0253,2022-07-01,0,NORTH
MED-0253,2022-08-01,0,NORTH
MED-0253,2022-09-01,9,NORTH
MED-0253,2022-10-01,0,NORTH
MED-0253,2022-11-01,0,NORTH
MED-0253,2022-12-01,0,NORTH
MED-0253,2023-01-01,0,NORTH
MED-0253,2023-02-01,0,EAST
MED-0253,2023-03-01,0,NORTH
MED-0253,2023-04-01,0,NORTH
MED-0253,2023-05-01,0,NORTH
MED-0253,2023-06-01,0,NORTH
MED-0253,2023-07-01,59,NORTH
MED-0253,2023-08-01,0,NORTH
MED-0253,2023-09-01,0,EAST
MED-0253,2023-10-01,0,NORTH
MED-0253,2023-11-01,0,NORTH
MED-0253,2023-12-01,0,NORTH
MED-0253,2024-01-01,0,WEST
MED-0253,2024-02-01,0,NORTH
MED-0253,2024-03-01,0,NORTH
MED-0253,2024-04-01,0,NORTH
MED-0253,2024-05-01,0,NORTH
MED-0253,2024-06-01,0,NORTH
MED-0253,2024-07-01,0,NORTH
MED-0253,2024-08-01,8,NORTH
MED-0253,2024-09-01,0,EAST
MED-0253,2024-10-01,0,NORTH
MED-0253,2024-11-01,0,NORTH
MED-0253,2024-12-01,0,NORTH
MED-0253,2025-01-01,0,EAST
MED-0253,2025-02-01,0,NORTH
MED-0253,2025-03-01,0,NORTH
MED-0253,2025-04-01,0,WEST
MED-0253,2025-05-01,0,EAST
MED-0253,2025-06-01,0,NORTH
MED-0253,2025-07-01,0,NORTH
MED-0253,2025-08-01,0,NORTH
MED-0253,2025-09-01,0,NORTH
MED-0253,2025-10-01,0,NORTH
MED-0253,2025-11-01,0,WEST
MED-0253,2025-12-01,0,NORTH
MED-0254,2022-01-01,0,EAST
MED-0254,2022-02-01,0,EAST
MED-0254,2022-03-01,0,EAST
MED-0254,2022-04-01,0,EAST
MED-0254,2022-05-01,12,NORTH
MED-0254,2022-06-01,13,EAST
MED-0254,2022-07-01,0,WEST
MED-0254,2022-08-01,0,EAST
MED-0254,2022-09-01,0,EAST
MED-0254,2022-10-01,0,CENTRAL
MED-0254,2022-11-01,0,EAST
MED-0254,2022-12-01,17,EAST
MED-0254,2023-01-01,0,EAST
MED-0254,2023-02-01,0,EAST
MED-0254,2023-03-01,0,EAST
MED-0254,2023-04-01,0,EAST
MED-0254,2023-05-01,9,CENTRAL
MED-0254,2023-06-01,0,WEST
MED-0254,2023-07-01,0,EAST
MED-0254,2023-08-01,0,EAST
MED-0254,2023-09-01,0,EAST
MED-0254,2023-10-01,0,EAST
MED-0254,2023-11-01,0,NORTH
MED-0254,2023-12-01,0,EAST
MED-0254,2024-01-01,0,WEST
MED-0254,2024-02-01,0,EAST
MED-0254,2024-03-01,0,EAST
MED-0254,2024-04-01,0,EAST
MED-0254,2024-05-01,0,EAST
MED-0254,2024-06-01,0,CENTRAL
MED-0254,2024-07-01,0,SOUTH
MED-0254,2024-08-01,0,EAST
MED-0254,2024-09-01,0,EAST
MED-0254,2024-10-01,0,WEST
MED-0254,2024-11-01,0,SOUTH
MED-0254,2024-12-01,0,WEST
MED-0254,2025-01-01,0,EAST
MED-0254,2025-02-01,11,EAST
MED-0254,2025-03-01,0,CENTRAL
MED-0254,2025-04-01,0,NORTH
MED-0254,2025-05-01,0,EAST
MED-0254,2025-06-01,0,EAST
MED-0254,2025-07-01,0,EAST
MED-0254,2025-08-01,0,CENTRAL
MED-0254,2025-09-01,0,EAST
MED-0254,2025-10-01,24,EAST
MED-0254,2025-11-01,18,WEST
MED-0254,2025-12-01,0,EAST
MED-0255,2024-07-01,4,CENTRAL
MED-0255,2024-08-01,4,SOUTH
MED-0255,2024-09-01,6,SOUTH
MED-0255,2024-10-01,5,SOUTH
MED-0255,2024-11-01,6,WEST
MED-0255,2024-12-01,2,WEST
MED-0255,2025-01-01,5,EAST
MED-0255,2025-02-01,1,SOUTH
MED-0255,2025-03-01,3,NORTH
MED-0255,2025-04-01,3,SOUTH
MED-0255,2025-05-01,2,WEST
MED-0255,2025-06-01,7,WEST
MED-0255,2025-07-01,4,EAST
MED-0255,2025-08-01,4,CENTRAL
MED-0255,2025-09-01,4,CENTRAL
MED-0255,2025-10-01,5,SOUTH
MED-0255,2025-11-01,6,SOUTH
MED-0255,2025-12-01,4,NORTH
MED-0256,2023-01-01,0,EAST
MED-0256,2023-02-01,0,NORTH
MED-0256,2023-03-01,0,EAST
MED-0256,2023-04-01,0,EAST
MED-0256,2023-05-01,0,EAST
MED-0256,2023-06-01,0,CENTRAL
MED-0256,2023-07-01,0,EAST
MED-0256,2023-08-01,0,NORTH
MED-0256,2023-09-01,0,EAST
MED-0256,2023-10-01,0,EAST
MED-0256,2023-11-01,11,SOUTH
MED-0256,2023-12-01,10,EAST
MED-0256,2024-01-01,0,SOUTH
MED-0256,2024-02-01,0,CENTRAL
MED-0256,2024-03-01,68,EAST
MED-0256,2024-04-01,0,EAST
MED-0256,2024-05-01,0,EAST
MED-0256,2024-06-01,0,SOUTH
MED-0256,2024-07-01,0,CENTRAL
MED-0256,2024-08-01,13,EAST
MED-0256,2024-09-01,0,EAST
MED-0256,2024-10-01,12,SOUTH
MED-0256,2024-11-01,0,NORTH
MED-0256,2024-12-01,0,WEST
MED-0256,2025-01-01,3,EAST
MED-0256,2025-02-01,0,WEST
MED-0256,2025-03-01,0,EAST
MED-0256,2025-04-01,0,CENTRAL
MED-0256,2025-05-01,0,EAST
MED-0256,2025-06-01,0,EAST
MED-0256,2025-07-01,0,EAST
MED-0256,2025-08-01,0,EAST
MED-0256,2025-09-01,0,EAST
MED-0256,2025-10-01,0,EAST
MED-0256,2025-11-01,0,NORTH
MED-0256,2025-12-01,0,CENTRAL
MED-0257,2022-01-01,1,WEST
MED-0257,2022-02-01,5,WEST
MED-0257,2022-03-01,5,CENTRAL
MED-0257,2022-04-01,4,WEST
MED-0257,2022-05-01,6,WEST
MED-0257,2022-06-01,7,WEST
MED-0257,2022-07-01,5,WEST
MED-0257,2022-08-01,4,WEST
MED-0257,2022-09-01,2,SOUTH
MED-0257,2022-10-01,7,WEST
MED-0257,2022-11-01,8,WEST
MED-0257,2022-12-01,3,WEST
MED-0257,2023-01-01,2,WEST
MED-0257,2023-02-01,5,SOUTH
MED-0257,2023-03-01,6,WEST
MED-0257,2023-04-01,5,WEST
MED-0257,2023-05-01,5,NORTH
MED-0257,2023-06-01,6,WEST
MED-0257,2023-07-01,1,WEST
MED-0257,2023-08-01,4,WEST
MED-0257,2023-09-01,7,WEST
MED-0257,2023-10-01,6,WEST
MED-0257,2023-11-01,2,WEST
MED-0257,2023-12-01,1,WEST
MED-0257,2024-01-01,3,SOUTH
MED-0257,2024-02-01,0,WEST
MED-0257,2024-03-01,2,WEST
MED-0257,2024-04-01,4,WEST
MED-0257,2024-05-01,2,EAST
MED-0257,2024-06-01,3,WEST
MED-0257,2024-07-01,2,NORTH
MED-0257,2024-08-01,2,WEST
MED-0257,2024-09-01,1,SOUTH
MED-0257,2024-10-01,9,WEST
MED-0257,2024-11-01,5,WEST
MED-0257,2024-12-01,1,EAST
MED-0257,2025-01-01,5,WEST
MED-0257,2025-02-01,1,EAST
MED-0257,2025-03-01,3,WEST
MED-0257,2025-04-01,6,WEST
MED-0257,2025-05-01,8,CENTRAL
MED-0257,2025-06-01,1,WEST
MED-0257,2025-07-01,5,CENTRAL
MED-0257,2025-08-01,3,WEST
MED-0257,2025-09-01,5,WEST
MED-0257,2025-10-01,4,WEST
MED-0257,2025-11-01,0,WEST
MED-0257,2025-12-01,4,WEST
MED-0258,2022-01-01,8,WEST
MED-0258,2022-02-01,6,WEST
MED-0258,2022-03-01,4,WEST
MED-0258,2022-04-01,7,CENTRAL
MED-0258,2022-05-01,7,SOUTH
MED-0258,2022-06-01,4,CENTRAL
MED-0258,2022-07-01,5,WEST
MED-0258,2022-08-01,10,SOUTH
MED-0258,2022-09-01,6,WEST
MED-0258,2022-10-01,5,WEST
MED-0258,2022-11-01,6,WEST
MED-0258,2022-12-01,5,WEST
MED-0258,2023-01-01,7,NORTH
MED-0258,2023-02-01,6,WEST
MED-0258,2023-03-01,7,WEST
MED-0258,2023-04-01,6,CENTRAL
MED-0258,2023-05-01,3,WEST
MED-0258,2023-06-01,5,WEST
MED-0258,2023-07-01,1,WEST
MED-0258,2023-08-01,7,CENTRAL
MED-0258,2023-09-01,6,EAST
MED-0258,2023-10-01,3,WEST
MED-0258,2023-11-01,4,WEST
MED-0258,2023-12-01,7,CENTRAL
MED-0258,2024-01-01,3,WEST
MED-0258,2024-02-01,3,SOUTH
MED-0258,2024-03-01,6,WEST
MED-0258,2024-04-01,7,WEST
MED-0258,2024-05-01,5,SOUTH
MED-0258,2024-06-01,4,WEST
MED-0258,2024-07-01,4,WEST
MED-0258,2024-08-01,9,WEST
MED-0258,2024-09-01,6,WEST
MED-0258,2024-10-01,3,WEST
MED-0258,2024-11-01,8,EAST
MED-0258,2024-12-01,4,WEST
MED-0258,2025-01-01,3,WEST
MED-0258,2025-02-01,0,EAST
MED-0258,2025-03-01,5,WEST
MED-0258,2025-04-01,4,WEST
MED-0258,2025-05-01,9,WEST
MED-0258,2025-06-01,5,WEST
MED-0258,2025-07-01,6,NORTH
MED-0258,2025-08-01,6,NORTH
MED-0258,2025-09-01,5,NORTH
MED-0258,2025-10-01,7,WEST
MED-0258,2025-11-01,9,SOUTH
MED-0258,2025-12-01,4,WEST
MED-0259,2024-07-01,5,EAST
MED-0259,2024-08-01,4,EAST
MED-0259,2024-09-01,1,EAST
MED-0259,2024-10-01,3,SOUTH
MED-0259,2024-11-01,1,NORTH
MED-0259,2024-12-01,3,EAST
MED-0259,2025-01-01,8,SOUTH
MED-0259,2025-02-01,3,EAST
MED-0259,2025-03-01,0,EAST
MED-0259,2025-04-01,2,EAST
MED-0259,2025-05-01,5,EAST
MED-0259,2025-06-01,2,WEST
MED-0259,2025-07-01,5,EAST
MED-0259,2025-08-01,3,WEST
MED-0259,2025-09-01,1,EAST
MED-0259,2025-10-01,0,EAST
MED-0259,2025-11-01,3,NORTH
MED-0259,2025-12-01,5,EAST
MED-0260,2022-01-01,4,SOUTH
MED-0260,2022-02-01,7,CENTRAL
MED-0260,2022-03-01,1,CENTRAL
MED-0260,2022-04-01,4,CENTRAL
MED-0260,2022-05-01,2,CENTRAL
MED-0260,2022-06-01,5,CENTRAL
MED-0260,2022-07-01,9,CENTRAL
MED-0260,2022-08-01,7,CENTRAL
MED-0260,2022-09-01,6,CENTRAL
MED-0260,2022-10-01,0,CENTRAL
MED-0260,2022-11-01,5,CENTRAL
MED-0260,2022-12-01,5,CENTRAL
MED-0260,2023-01-01,1,CENTRAL
MED-0260,2023-02-01,2,CENTRAL
MED-0260,2023-03-01,3,WEST
MED-0260,2023-04-01,3,WEST
MED-0260,2023-05-01,5,CENTRAL
MED-0260,2023-06-01,3,EAST
MED-0260,2023-07-01,6,CENTRAL
MED-0260,2023-08-01,4,CENTRAL
MED-0260,2023-09-01,1,CENTRAL
MED-0260,2023-10-01,6,CENTRAL
MED-0260,2023-11-01,5,CENTRAL
MED-0260,2023-12-01,6,CENTRAL
MED-0260,2024-01-01,5,CENTRAL
MED-0260,2024-02-01,4,CENTRAL
MED-0260,2024-03-01,7,NORTH
MED-0260,2024-04-01,4,CENTRAL
MED-0260,2024-05-01,4,NORTH
MED-0260,2024-06-01,3,CENTRAL
MED-0260,2024-07-01,2,CENTRAL
MED-0260,2024-08-01,4,CENTRAL
MED-0260,2024-09-01,3,CENTRAL
MED-0260,2024-10-01,4,CENTRAL
MED-0260,2024-11-01,2,CENTRAL
MED-0260,2024-12-01,2,CENTRAL
MED-0260,2025-01-01,2,NORTH
MED-0260,2025-02-01,5,CENTRAL
MED-0260,2025-03-01,3,CENTRAL
MED-0260,2025-04-01,1,CENTRAL
MED-0260,2025-05-01,3,CENTRAL
MED-0260,2025-06-01,2,CENTRAL
MED-0260,2025-07-01,4,CENTRAL
MED-0260,2025-08-01,4,CENTRAL
MED-0260,2025-09-01,4,EAST
MED-0260,2025-10-01,2,CENTRAL
MED-0260,2025-11-01,8,CENTRAL
MED-0260,2025-12-01,5,EAST
MED-0261,2023-01-01,6,WEST
MED-0261,2023-02-01,9,NORTH
MED-0261,2023-03-01,9,NORTH
MED-0261,2023-04-01,7,EAST
MED-0261,2023-05-01,9,NORTH
MED-0261,2023-06-01,0,NORTH
MED-0261,2023-07-01,5,NORTH
MED-0261,2023-08-01,6,NORTH
MED-0261,2023-09-01,7,NORTH
MED-0261,2023-10-01,14,CENTRAL
MED-0261,2023-11-01,4,NORTH
MED-0261,2023-12-01,6,WEST
MED-0261,2024-01-01,2,SOUTH
MED-0261,2024-02-01,5,NORTH
MED-0261,2024-03-01,3,EAST
MED-0261,2024-04-01,10,CENTRAL
MED-0261,2024-05-01,3,CENTRAL
MED-0261,2024-06-01,2,NORTH
MED-0261,2024-07-01,5,NORTH
MED-0261,2024-08-01,8,NORTH
MED-0261,2024-09-01,5,NORTH
MED-0261,2024-10-01,4,NORTH
MED-0261,2024-11-01,7,NORTH
MED-0261,2024-12-01,7,SOUTH
MED-0261,2025-01-01,5,NORTH
MED-0261,2025-02-01,8,NORTH
MED-0261,2025-03-01,3,EAST
MED-0261,2025-04-01,9,NORTH
MED-0261,2025-05-01,4,NORTH
MED-0261,2025-06-01,11,NORTH
MED-0261,2025-07-01,7,WEST
MED-0261,2025-08-01,6,NORTH
MED-0261,2025-09-01,9,NORTH
MED-0261,2025-10-01,3,NORTH
MED-0261,2025-11-01,7,NORTH
MED-0261,2025-12-01,7,NORTH
MED-0262,2022-07-01,3,EAST
MED-0262,2022-08-01,8,EAST
MED-0262,2022-09-01,4,EAST
MED-0262,2022-10-01,6,EAST
MED-0262,2022-11-01,5,EAST
MED-0262,2022-12-01,3,EAST
MED-0262,2023-01-01,1,EAST
MED-0262,2023-02-01,1,EAST
MED-0262,2023-03-01,2,EAST
MED-0262,2023-04-01,2,EAST
MED-0262,2023-05-01,6,EAST
MED-0262,2023-06-01,4,EAST
MED-0262,2023-07-01,3,EAST
MED-0262,2023-08-01,2,EAST
MED-0262,2023-09-01,2,NORTH
MED-0262,2023-10-01,2,EAST
MED-0262,2023-11-01,6,EAST
MED-0262,2023-12-01,2,SOUTH
MED-0262,2024-01-01,4,EAST
MED-0262,2024-02-01,9,EAST
MED-0262,2024-03-01,4,EAST
MED-0262,2024-04-01,1,EAST
MED-0262,2024-05-01,2,EAST
MED-0262,2024-06-01,4,CENTRAL
MED-0262,2024-07-01,7,WEST
MED-0262,2024-08-01,6,EAST
MED-0262,2024-09-01,4,EAST
MED-0262,2024-10-01,6,EAST
MED-0262,2024-11-01,3,EAST
MED-0262,2024-12-01,2,SOUTH
MED-0262,2025-01-01,3,EAST
MED-0262,2025-02-01,3,EAST
MED-0262,2025-03-01,2,EAST
MED-0262,2025-04-01,0,EAST
MED-0262,2025-05-01,0,EAST
MED-0262,2025-06-01,9,CENTRAL
MED-0262,2025-07-01,2,EAST
MED-0262,2025-08-01,6,EAST
MED-0262,2025-09-01,8,EAST
MED-0262,2025-10-01,6,WEST
MED-0262,2025-11-01,6,EAST
MED-0262,2025-12-01,1,EAST
MED-0263,2023-07-01,0,EAST
MED-0263,2023-08-01,7,EAST
MED-0263,2023-09-01,0,EAST
MED-0263,2023-10-01,3,EAST
MED-0263,2023-11-01,0,SOUTH
MED-0263,2023-12-01,0,EAST
MED-0263,2024-01-01,5,EAST
MED-0263,2024-02-01,0,EAST
MED-0263,2024-03-01,0,EAST
MED-0263,2024-04-01,1,EAST
MED-0263,2024-05-01,0,EAST
MED-0263,2024-06-01,0,EAST
MED-0263,2024-07-01,0,WEST
MED-0263,2024-08-01,0,EAST
MED-0263,2024-09-01,4,EAST
MED-0263,2024-10-01,0,NORTH
MED-0263,2024-11-01,4,EAST
MED-0263,2024-12-01,0,EAST
MED-0263,2025-01-01,0,EAST
MED-0263,2025-02-01,0,EAST
MED-0263,2025-03-01,0,SOUTH
MED-0263,2025-04-01,0,EAST
MED-0263,2025-05-01,0,EAST
MED-0263,2025-06-01,0,EAST
MED-0263,2025-07-01,0,EAST
MED-0263,2025-08-01,0,EAST
MED-0263,2025-09-01,7,EAST
MED-0263,2025-10-01,0,EAST
MED-0263,2025-11-01,0,EAST
MED-0263,2025-12-01,7,EAST
MED-0264,2022-01-01,0,EAST
MED-0264,2022-02-01,0,CENTRAL
MED-0264,2022-03-01,0,EAST
MED-0264,2022-04-01,3,EAST
MED-0264,2022-05-01,0,WEST
MED-0264,2022-06-01,4,SOUTH
MED-0264,2022-07-01,0,SOUTH
MED-0264,2022-08-01,0,EAST
MED-0264,2022-09-01,0,WEST
MED-0264,2022-10-01,4,EAST
MED-0264,2022-11-01,0,WEST
MED-0264,2022-12-01,0,SOUTH
MED-0264,2023-01-01,0,EAST
MED-0264,2023-02-01,0,EAST
MED-0264,2023-03-01,3,EAST
MED-0264,2023-04-01,5,EAST
MED-0264,2023-05-01,3,EAST
MED-0264,2023-06-01,0,EAST
MED-0264,2023-07-01,5,EAST
MED-0264,2023-08-01,1,EAST
MED-0264,2023-09-01,1,EAST
MED-0264,2023-10-01,0,WEST
MED-0264,2023-11-01,0,NORTH
MED-0264,2023-12-01,4,EAST
MED-0264,2024-01-01,0,EAST
MED-0264,2024-02-01,2,SOUTH
MED-0264,2024-03-01,0,EAST
MED-0264,2024-04-01,0,EAST
MED-0264,2024-05-01,0,EAST
MED-0264,2024-06-01,0,EAST
MED-0264,2024-07-01,11,CENTRAL
MED-0264,2024-08-01,0,NORTH
MED-0264,2024-09-01,0,EAST
MED-0264,2024-10-01,0,EAST
MED-0264,2024-11-01,0,SOUTH
MED-0264,2024-12-01,0,EAST
MED-0264,2025-01-01,0,CENTRAL
MED-0264,2025-02-01,0,EAST
MED-0264,2025-03-01,0,EAST
MED-0264,2025-04-01,7,EAST
MED-0264,2025-05-01,0,CENTRAL
MED-0264,2025-06-01,0,NORTH
MED-0264,2025-07-01,0,CENTRAL
MED-0264,2025-08-01,1,EAST
MED-0264,2025-09-01,0,EAST
MED-0264,2025-10-01,0,EAST
MED-0264,2025-11-01,0,EAST
MED-0264,2025-12-01,0,EAST
MED-0265,2024-01-01,0,EAST
MED-0265,2024-02-01,0,EAST
MED-0265,2024-03-01,4,EAST
MED-0265,2024-04-01,0,EAST
MED-0265,2024-05-01,0,EAST
MED-0265,2024-06-01,3,EAST
MED-0265,2024-07-01,0,EAST
MED-0265,2024-08-01,0,EAST
MED-0265,2024-09-01,0,SOUTH
MED-0265,2024-10-01,0,NORTH
MED-0265,2024-11-01,0,WEST
MED-0265,2024-12-01,0,EAST
MED-0265,2025-01-01,0,EAST
MED-0265,2025-02-01,0,EAST
MED-0265,2025-03-01,0,EAST
MED-0265,2025-04-01,0,EAST
MED-0265,2025-05-01,0,EAST
MED-0265,2025-06-01,13,WEST
MED-0265,2025-07-01,0,EAST
MED-0265,2025-08-01,3,SOUTH
MED-0265,2025-09-01,3,CENTRAL
MED-0265,2025-10-01,0,EAST
MED-0265,2025-11-01,0,CENTRAL
MED-0265,2025-12-01,0,EAST
MED-0266,2024-07-01,0,EAST
MED-0266,2024-08-01,0,EAST
MED-0266,2024-09-01,0,EAST
MED-0266,2024-10-01,2,CENTRAL
MED-0266,2024-11-01,0,EAST
MED-0266,2024-12-01,5,EAST
MED-0266,2025-01-01,0,EAST
MED-0266,2025-02-01,0,EAST
MED-0266,2025-03-01,0,NORTH
MED-0266,2025-04-01,0,NORTH
MED-0266,2025-05-01,6,EAST
MED-0266,2025-06-01,0,EAST
MED-0266,2025-07-01,0,SOUTH
MED-0266,2025-08-01,6,EAST
MED-0266,2025-09-01,0,EAST
MED-0266,2025-10-01,0,NORTH
MED-0266,2025-11-01,1,EAST
MED-0266,2025-12-01,0,SOUTH
MED-0267,2022-01-01,5,NORTH
MED-0267,2022-02-01,2,NORTH
MED-0267,2022-03-01,1,NORTH
MED-0267,2022-04-01,2,NORTH
MED-0267,2022-05-01,2,NORTH
MED-0267,2022-06-01,1,SOUTH
MED-0267,2022-07-01,4,NORTH
MED-0267,2022-08-01,1,SOUTH
MED-0267,2022-09-01,2,WEST
MED-0267,2022-10-01,1,CENTRAL
MED-0267,2022-11-01,5,NORTH
MED-0267,2022-12-01,1,NORTH
MED-0267,2023-01-01,2,EAST
MED-0267,2023-02-01,7,CENTRAL
MED-0267,2023-03-01,1,WEST
MED-0267,2023-04-01,4,NORTH
MED-0267,2023-05-01,2,NORTH
MED-0267,2023-06-01,1,EAST
MED-0267,2023-07-01,3,NORTH
MED-0267,2023-08-01,1,NORTH
MED-0267,2023-09-01,1,SOUTH
MED-0267,2023-10-01,4,CENTRAL
MED-0267,2023-11-01,3,NORTH
MED-0267,2023-12-01,2,NORTH
MED-0267,2024-01-01,4,EAST
MED-0267,2024-02-01,3,NORTH
MED-0267,2024-03-01,4,NORTH
MED-0267,2024-04-01,2,NORTH
MED-0267,2024-05-01,2,EAST
MED-0267,2024-06-01,2,NORTH
MED-0267,2024-07-01,5,NORTH
MED-0267,2024-08-01,5,NORTH
MED-0267,2024-09-01,2,NORTH
MED-0267,2024-10-01,4,NORTH
MED-0267,2024-11-01,2,NORTH
MED-0267,2024-12-01,5,NORTH
MED-0267,2025-01-01,5,NORTH
MED-0267,2025-02-01,0,NORTH
MED-0267,2025-03-01,6,CENTRAL
MED-0267,2025-04-01,4,NORTH
MED-0267,2025-05-01,3,EAST
MED-0267,2025-06-01,1,NORTH
MED-0267,2025-07-01,1,EAST
MED-0267,2025-08-01,3,WEST
MED-0267,2025-09-01,3,WEST
MED-0267,2025-10-01,3,NORTH
MED-0267,2025-11-01,3,WEST
MED-0267,2025-12-01,3,NORTH
MED-0268,2022-07-01,1,CENTRAL
MED-0268,2022-08-01,3,CENTRAL
MED-0268,2022-09-01,2,SOUTH
MED-0268,2022-10-01,2,CENTRAL
MED-0268,2022-11-01,2,SOUTH
MED-0268,2022-12-01,2,EAST
MED-0268,2023-01-01,4,EAST
MED-0268,2023-02-01,1,CENTRAL
MED-0268,2023-03-01,5,WEST
MED-0268,2023-04-01,4,CENTRAL
MED-0268,2023-05-01,0,CENTRAL
MED-0268,2023-06-01,2,WEST
MED-0268,2023-07-01,4,CENTRAL
MED-0268,2023-08-01,7,CENTRAL
MED-0268,2023-09-01,2,CENTRAL
MED-0268,2023-10-01,4,CENTRAL
MED-0268,2023-11-01,5,EAST
MED-0268,2023-12-01,5,EAST
MED-0268,2024-01-01,2,SOUTH
MED-0268,2024-02-01,4,CENTRAL
MED-0268,2024-03-01,2,CENTRAL
MED-0268,2024-04-01,3,CENTRAL
MED-0268,2024-05-01,4,CENTRAL
MED-0268,2024-06-01,2,CENTRAL
MED-0268,2024-07-01,1,CENTRAL
MED-0268,2024-08-01,4,WEST
MED-0268,2024-09-01,3,SOUTH
MED-0268,2024-10-01,3,NORTH
MED-0268,2024-11-01,5,CENTRAL
MED-0268,2024-12-01,3,CENTRAL
MED-0268,2025-01-01,4,CENTRAL
MED-0268,2025-02-01,2,EAST
MED-0268,2025-03-01,1,EAST
MED-0268,2025-04-01,6,CENTRAL
MED-0268,2025-05-01,0,SOUTH
MED-0268,2025-06-01,0,WEST
MED-0268,2025-07-01,1,CENTRAL
MED-0268,2025-08-01,2,NORTH
MED-0268,2025-09-01,2,CENTRAL
MED-0268,2025-10-01,4,WEST
MED-0268,2025-11-01,2,CENTRAL
MED-0268,2025-12-01,5,CENTRAL
MED-0269,2024-01-01,0,CENTRAL
MED-0269,2024-02-01,0,EAST
MED-0269,2024-03-01,0,EAST
MED-0269,2024-04-01,0,SOUTH
MED-0269,2024-05-01,0,EAST
MED-0269,2024-06-01,0,EAST
MED-0269,2024-07-01,18,CENTRAL
MED-0269,2024-08-01,0,EAST
MED-0269,2024-09-01,0,SOUTH
MED-0269,2024-10-01,0,EAST
MED-0269,2024-11-01,0,EAST
MED-0269,2024-12-01,0,EAST
MED-0269,2025-01-01,0,EAST
MED-0269,2025-02-01,0,EAST
MED-0269,2025-03-01,0,SOUTH
MED-0269,2025-04-01,0,EAST
MED-0269,2025-05-01,0,EAST
MED-0269,2025-06-01,0,EAST
MED-0269,2025-07-01,0,EAST
MED-0269,2025-08-01,0,NORTH
MED-0269,2025-09-01,0,NORTH
MED-0269,2025-10-01,0,EAST
MED-0269,2025-11-01,0,EAST
MED-0269,2025-12-01,12,SOUTH
MED-0270,2022-01-01,1,CENTRAL
MED-0270,2022-02-01,3,CENTRAL
MED-0270,2022-03-01,3,NORTH
MED-0270,2022-04-01,5,CENTRAL
MED-0270,2022-05-01,0,CENTRAL
MED-0270,2022-06-01,7,CENTRAL
MED-0270,2022-07-01,7,SOUTH
MED-0270,2022-08-01,5,CENTRAL
MED-0270,2022-09-01,4,CENTRAL
MED-0270,2022-10-01,6,CENTRAL
MED-0270,2022-11-01,2,CENTRAL
MED-0270,2022-12-01,4,CENTRAL
MED-0270,2023-01-01,6,CENTRAL
MED-0270,2023-02-01,3,SOUTH
MED-0270,2023-03-01,6,CENTRAL
MED-0270,2023-04-01,4,CENTRAL
MED-0270,2023-05-01,6,CENTRAL
MED-0270,2023-06-01,4,CENTRAL
MED-0270,2023-07-01,4,CENTRAL
MED-0270,2023-08-01,2,CENTRAL
MED-0270,2023-09-01,3,CENTRAL
MED-0270,2023-10-01,4,CENTRAL
MED-0270,2023-11-01,1,CENTRAL
MED-0270,2023-12-01,4,CENTRAL
MED-0270,2024-01-01,2,NORTH
MED-0270,2024-02-01,1,NORTH
MED-0270,2024-03-01,5,CENTRAL
MED-0270,2024-04-01,8,CENTRAL
MED-0270,2024-05-01,4,CENTRAL
MED-0270,2024-06-01,2,CENTRAL
MED-0270,2024-07-01,7,CENTRAL
MED-0270,2024-08-01,3,WEST
MED-0270,2024-09-01,6,CENTRAL
MED-0270,2024-10-01,5,CENTRAL
MED-0270,2024-11-01,2,CENTRAL
MED-0270,2024-12-01,3,EAST
MED-0270,2025-01-01,5,CENTRAL
MED-0270,2025-02-01,2,SOUTH
MED-0270,2025-03-01,4,NORTH
MED-0270,2025-04-01,2,NORTH
MED-0270,2025-05-01,4,CENTRAL
MED-0270,2025-06-01,39,EAST
MED-0270,2025-07-01,4,CENTRAL
MED-0270,2025-08-01,3,CENTRAL
MED-0270,2025-09-01,5,CENTRAL
MED-0270,2025-10-01,3,CENTRAL
MED-0270,2025-11-01,7,CENTRAL
MED-0270,2025-12-01,3,CENTRAL
MED-0271,2024-01-01,0,WEST
MED-0271,2024-02-01,0,WEST
MED-0271,2024-03-01,0,WEST
MED-0271,2024-04-01,0,CENTRAL
MED-0271,2024-05-01,0,WEST
MED-0271,2024-06-01,0,SOUTH
MED-0271,2024-07-01,0,CENTRAL
MED-0271,2024-08-01,0,WEST
MED-0271,2024-09-01,5,WEST
MED-0271,2024-10-01,0,CENTRAL
MED-0271,2024-11-01,0,SOUTH
MED-0271,2024-12-01,0,WEST
MED-0271,2025-01-01,6,WEST
MED-0271,2025-02-01,4,WEST
MED-0271,2025-03-01,0,WEST
MED-0271,2025-04-01,6,NORTH
MED-0271,2025-05-01,0,WEST
MED-0271,2025-06-01,0,WEST
MED-0271,2025-07-01,2,SOUTH
MED-0271,2025-08-01,0,CENTRAL
MED-0271,2025-09-01,3,WEST
MED-0271,2025-10-01,0,WEST
MED-0271,2025-11-01,0,WEST
MED-0271,2025-12-01,7,NORTH
MED-0272,2024-01-01,6,CENTRAL
MED-0272,2024-02-01,0,WEST
MED-0272,2024-03-01,0,SOUTH
MED-0272,2024-04-01,0,CENTRAL
MED-0272,2024-05-01,0,CENTRAL
MED-0272,2024-06-01,3,WEST
MED-0272,2024-07-01,5,CENTRAL
MED-0272,2024-08-01,6,WEST
MED-0272,2024-09-01,0,CENTRAL
MED-0272,2024-10-01,4,CENTRAL
MED-0272,2024-11-01,2,SOUTH
MED-0272,2024-12-01,0,CENTRAL
MED-0272,2025-01-01,1,CENTRAL
MED-0272,2025-02-01,0,EAST
MED-0272,2025-03-01,0,CENTRAL
MED-0272,2025-04-01,0,WEST
MED-0272,2025-05-01,5,CENTRAL
MED-0272,2025-06-01,0,CENTRAL
MED-0272,2025-07-01,0,CENTRAL
MED-0272,2025-08-01,0,EAST
MED-0272,2025-09-01,4,CENTRAL
MED-0272,2025-10-01,0,CENTRAL
MED-0272,2025-11-01,0,CENTRAL
MED-0272,2025-12-01,0,CENTRAL
MED-0273,2022-01-01,18,WEST
MED-0273,2022-02-01,5,WEST
MED-0273,2022-03-01,14,SOUTH
MED-0273,2022-04-01,0,WEST
MED-0273,2022-05-01,0,WEST
MED-0273,2022-06-01,18,WEST
MED-0273,2022-07-01,21,WEST
MED-0273,2022-08-01,15,WEST
MED-0273,2022-09-01,0,WEST
MED-0273,2022-10-01,0,SOUTH
MED-0273,2022-11-01,0,WEST
MED-0273,2022-12-01,0,WEST
MED-0273,2023-01-01,0,WEST
MED-0273,2023-02-01,0,EAST
MED-0273,2023-03-01,0,EAST
MED-0273,2023-04-01,0,WEST
MED-0273,2023-05-01,18,SOUTH
MED-0273,2023-06-01,0,WEST
MED-0273,2023-07-01,0,CENTRAL
MED-0273,2023-08-01,0,CENTRAL
MED-0273,2023-09-01,0,CENTRAL
MED-0273,2023-10-01,0,WEST
MED-0273,2023-11-01,0,WEST
MED-0273,2023-12-01,0,NORTH
MED-0273,2024-01-01,0,WEST
MED-0273,2024-02-01,0,WEST
MED-0273,2024-03-01,0,EAST
MED-0273,2024-04-01,0,WEST
MED-0273,2024-05-01,68,WEST
MED-0273,2024-06-01,0,CENTRAL
MED-0273,2024-07-01,0,WEST
MED-0273,2024-08-01,12,WEST
MED-0273,2024-09-01,0,WEST
MED-0273,2024-10-01,0,EAST
MED-0273,2024-11-01,0,WEST
MED-0273,2024-12-01,0,SOUTH
MED-0273,2025-01-01,5,SOUTH
MED-0273,2025-02-01,0,EAST
MED-0273,2025-03-01,0,EAST
MED-0273,2025-04-01,15,WEST
MED-0273,2025-05-01,0,WEST
MED-0273,2025-06-01,0,WEST
MED-0273,2025-07-01,5,NORTH
MED-0273,2025-08-01,14,WEST
MED-0273,2025-09-01,0,EAST
MED-0273,2025-10-01,0,WEST
MED-0273,2025-11-01,0,WEST
MED-0273,2025-12-01,23,EAST
MED-0274,2022-01-01,0,WEST
MED-0274,2022-02-01,3,EAST
MED-0274,2022-03-01,5,SOUTH
MED-0274,2022-04-01,2,EAST
MED-0274,2022-05-01,0,WEST
MED-0274,2022-06-01,4,WEST
MED-0274,2022-07-01,0,WEST
MED-0274,2022-08-01,0,NORTH
MED-0274,2022-09-01,0,WEST
MED-0274,2022-10-01,1,WEST
MED-0274,2022-11-01,2,NORTH
MED-0274,2022-12-01,0,NORTH
MED-0274,2023-01-01,0,WEST
MED-0274,2023-02-01,0,WEST
MED-0274,2023-03-01,0,WEST
MED-0274,2023-04-01,0,NORTH
MED-0274,2023-05-01,5,SOUTH
MED-0274,2023-06-01,0,NORTH
MED-0274,2023-07-01,0,WEST
MED-0274,2023-08-01,0,SOUTH
MED-0274,2023-09-01,0,WEST
MED-0274,2023-10-01,0,WEST
MED-0274,2023-11-01,0,CENTRAL
MED-0274,2023-12-01,10,WEST
MED-0274,2024-01-01,3,EAST
MED-0274,2024-02-01,0,SOUTH
MED-0274,2024-03-01,0,WEST
MED-0274,2024-04-01,0,WEST
MED-0274,2024-05-01,0,WEST
MED-0274,2024-06-01,0,EAST
MED-0274,2024-07-01,0,WEST
MED-0274,2024-08-01,0,WEST
MED-0274,2024-09-01,7,WEST
MED-0274,2024-10-01,2,WEST
MED-0274,2024-11-01,0,WEST
MED-0274,2024-12-01,5,EAST
MED-0274,2025-01-01,0,WEST
MED-0274,2025-02-01,0,CENTRAL
MED-0274,2025-03-01,0,WEST
MED-0274,2025-04-01,0,WEST
MED-0274,2025-05-01,0,WEST
MED-0274,2025-06-01,0,WEST
MED-0274,2025-07-01,0,CENTRAL
MED-0274,2025-08-01,0,WEST
MED-0274,2025-09-01,0,EAST
MED-0274,2025-10-01,5,EAST
MED-0274,2025-11-01,0,NORTH
MED-0274,2025-12-01,0,WEST
MED-0275,2023-01-01,3,WEST
MED-0275,2023-02-01,11,SOUTH
MED-0275,2023-03-01,8,WEST
MED-0275,2023-04-01,9,WEST
MED-0275,2023-05-01,4,WEST
MED-0275,2023-06-01,9,WEST
MED-0275,2023-07-01,8,WEST
MED-0275,2023-08-01,3,SOUTH
MED-0275,2023-09-01,3,NORTH
MED-0275,2023-10-01,2,WEST
MED-0275,2023-11-01,19,WEST
MED-0275,2023-12-01,10,WEST
MED-0275,2024-01-01,15,WEST
MED-0275,2024-02-01,3,WEST
MED-0275,2024-03-01,7,WEST
MED-0275,2024-04-01,9,WEST
MED-0275,2024-05-01,3,WEST
MED-0275,2024-06-01,7,WEST
MED-0275,2024-07-01,8,WEST
MED-0275,2024-08-01,5,WEST
MED-0275,2024-09-01,3,WEST
MED-0275,2024-10-01,21,WEST
MED-0275,2024-11-01,15,CENTRAL
MED-0275,2024-12-01,2,WEST
MED-0275,2025-01-01,6,WEST
MED-0275,2025-02-01,3,WEST
MED-0275,2025-03-01,5,WEST
MED-0275,2025-04-01,11,SOUTH
MED-0275,2025-05-01,1,SOUTH
MED-0275,2025-06-01,6,WEST
MED-0275,2025-07-01,8,WEST
MED-0275,2025-08-01,11,WEST
MED-0275,2025-09-01,8,WEST
MED-0275,2025-10-01,12,NORTH
MED-0275,2025-11-01,10,WEST
MED-0275,2025-12-01,3,WEST
MED-0276,2023-07-01,0,CENTRAL
MED-0276,2023-08-01,3,EAST
MED-0276,2023-09-01,0,CENTRAL
MED-0276,2023-10-01,0,CENTRAL
MED-0276,2023-11-01,0,CENTRAL
MED-0276,2023-12-01,0,SOUTH
MED-0276,2024-01-01,0,CENTRAL
MED-0276,2024-02-01,0,CENTRAL
MED-0276,2024-03-01,0,CENTRAL
MED-0276,2024-04-01,0,CENTRAL
MED-0276,2024-05-01,9,CENTRAL
MED-0276,2024-06-01,0,CENTRAL
MED-0276,2024-07-01,0,CENTRAL
MED-0276,2024-08-01,0,CENTRAL
MED-0276,2024-09-01,0,SOUTH
MED-0276,2024-10-01,0,CENTRAL
MED-0276,2024-11-01,0,WEST
MED-0276,2024-12-01,0,NORTH
MED-0276,2025-01-01,4,CENTRAL
MED-0276,2025-02-01,17,CENTRAL
MED-0276,2025-03-01,0,CENTRAL
MED-0276,2025-04-01,0,CENTRAL
MED-0276,2025-05-01,0,CENTRAL
MED-0276,2025-06-01,0,CENTRAL
MED-0276,2025-07-01,0,CENTRAL
MED-0276,2025-08-01,0,CENTRAL
MED-0276,2025-09-01,0,CENTRAL
MED-0276,2025-10-01,0,CENTRAL
MED-0276,2025-11-01,16,CENTRAL
MED-0276,2025-12-01,12,NORTH
MED-0277,2022-01-01,0,SOUTH
MED-0277,2022-02-01,0,CENTRAL
MED-0277,2022-03-01,0,EAST
MED-0277,2022-04-01,0,WEST
MED-0277,2022-05-01,0,SOUTH
MED-0277,2022-06-01,0,SOUTH
MED-0277,2022-07-01,0,SOUTH
MED-0277,2022-08-01,0,CENTRAL
MED-0277,2022-09-01,0,SOUTH
MED-0277,2022-10-01,9,NORTH
MED-0277,2022-11-01,0,SOUTH
MED-0277,2022-12-01,0,SOUTH
MED-0277,2023-01-01,0,WEST
MED-0277,2023-02-01,0,NORTH
MED-0277,2023-03-01,0,SOUTH
MED-0277,2023-04-01,0,SOUTH
MED-0277,2023-05-01,0,SOUTH
MED-0277,2023-06-01,0,NORTH
MED-0277,2023-07-01,0,SOUTH
MED-0277,2023-08-01,0,SOUTH
MED-0277,2023-09-01,0,SOUTH
MED-0277,2023-10-01,0,SOUTH
MED-0277,2023-11-01,0,EAST
MED-0277,2023-12-01,0,SOUTH
MED-0277,2024-01-01,0,SOUTH
MED-0277,2024-02-01,0,WEST
MED-0277,2024-03-01,35,WEST
MED-0277,2024-04-01,0,SOUTH
MED-0277,2024-05-01,0,SOUTH
MED-0277,2024-06-01,0,SOUTH
MED-0277,2024-07-01,10,SOUTH
MED-0277,2024-08-01,0,EAST
MED-0277,2024-09-01,0,SOUTH
MED-0277,2024-10-01,0,SOUTH
MED-0277,2024-11-01,0,SOUTH
MED-0277,2024-12-01,0,SOUTH
MED-0277,2025-01-01,0,SOUTH
MED-0277,2025-02-01,4,SOUTH
MED-0277,2025-03-01,0,EAST
MED-0277,2025-04-01,0,CENTRAL
MED-0277,2025-05-01,0,WEST
MED-0277,2025-06-01,0,SOUTH
MED-0277,2025-07-01,0,WEST
MED-0277,2025-08-01,0,SOUTH
MED-0277,2025-09-01,0,CENTRAL
MED-0277,2025-10-01,0,SOUTH
MED-0277,2025-11-01,0,SOUTH
MED-0277,2025-12-01,0,SOUTH
MED-0278,2022-07-01,0,NORTH
MED-0278,2022-08-01,7,EAST
MED-0278,2022-09-01,0,WEST
MED-0278,2022-10-01,0,CENTRAL
MED-0278,2022-11-01,0,NORTH
MED-0278,2022-12-01,7,NORTH
MED-0278,2023-01-01,0,NORTH
MED-0278,2023-02-01,0,NORTH
MED-0278,2023-03-01,0,NORTH
MED-0278,2023-04-01,0,NORTH
MED-0278,2023-05-01,0,NORTH
MED-0278,2023-06-01,4,NORTH
MED-0278,2023-07-01,0,NORTH
MED-0278,2023-08-01,8,NORTH
MED-0278,2023-09-01,0,SOUTH
MED-0278,2023-10-01,4,NORTH
MED-0278,2023-11-01,0,NORTH
MED-0278,2023-12-01,0,NORTH
MED-0278,2024-01-01,6,SOUTH
MED-0278,2024-02-01,6,EAST
MED-0278,2024-03-01,0,NORTH
MED-0278,2024-04-01,0,SOUTH
MED-0278,2024-05-01,4,NORTH
MED-0278,2024-06-01,0,NORTH
MED-0278,2024-07-01,7,NORTH
MED-0278,2024-08-01,4,NORTH
MED-0278,2024-09-01,5,NORTH
MED-0278,2024-10-01,0,NORTH
MED-0278,2024-11-01,0,NORTH
MED-0278,2024-12-01,6,SOUTH
MED-0278,2025-01-01,0,NORTH
MED-0278,2025-02-01,6,WEST
MED-0278,2025-03-01,0,NORTH
MED-0278,2025-04-01,0,NORTH
MED-0278,2025-05-01,0,NORTH
MED-0278,2025-06-01,0,NORTH
MED-0278,2025-07-01,4,SOUTH
MED-0278,2025-08-01,5,NORTH
MED-0278,2025-09-01,0,NORTH
MED-0278,2025-10-01,0,NORTH
MED-0278,2025-11-01,0,WEST
MED-0278,2025-12-01,6,NORTH
MED-0279,2023-07-01,7,CENTRAL
MED-0279,2023-08-01,3,CENTRAL
MED-0279,2023-09-01,7,CENTRAL
MED-0279,2023-10-01,6,CENTRAL
MED-0279,2023-11-01,4,CENTRAL
MED-0279,2023-12-01,4,CENTRAL
MED-0279,2024-01-01,5,CENTRAL
MED-0279,2024-02-01,3,SOUTH
MED-0279,2024-03-01,7,CENTRAL
MED-0279,2024-04-01,3,EAST
MED-0279,2024-05-01,6,NORTH
MED-0279,2024-06-01,10,CENTRAL
MED-0279,2024-07-01,3,CENTRAL
MED-0279,2024-08-01,7,SOUTH
MED-0279,2024-09-01,10,CENTRAL
MED-0279,2024-10-01,2,CENTRAL
MED-0279,2024-11-01,5,CENTRAL
MED-0279,2024-12-01,8,CENTRAL
MED-0279,2025-01-01,4,CENTRAL
MED-0279,2025-02-01,4,SOUTH
MED-0279,2025-03-01,3,WEST
MED-0279,2025-04-01,4,CENTRAL
MED-0279,2025-05-01,10,NORTH
MED-0279,2025-06-01,5,NORTH
MED-0279,2025-07-01,9,CENTRAL
MED-0279,2025-08-01,2,CENTRAL
MED-0279,2025-09-01,3,CENTRAL
MED-0279,2025-10-01,1,SOUTH
MED-0279,2025-11-01,3,SOUTH
MED-0279,2025-12-01,4,WEST
MED-0280,2022-01-01,0,SOUTH
MED-0280,2022-02-01,1,CENTRAL
MED-0280,2022-03-01,0,NORTH
MED-0280,2022-04-01,6,CENTRAL
MED-0280,2022-05-01,0,CENTRAL
MED-0280,2022-06-01,2,CENTRAL
MED-0280,2022-07-01,0,CENTRAL
MED-0280,2022-08-01,0,CENTRAL
MED-0280,2022-09-01,3,CENTRAL
MED-0280,2022-10-01,4,CENTRAL
MED-0280,2022-11-01,0,SOUTH
MED-0280,2022-12-01,0,SOUTH
MED-0280,2023-01-01,3,SOUTH
MED-0280,2023-02-01,0,CENTRAL
MED-0280,2023-03-01,0,WEST
MED-0280,2023-04-01,0,WEST
MED-0280,2023-05-01,2,WEST
MED-0280,2023-06-01,0,WEST
MED-0280,2023-07-01,0,CENTRAL
MED-0280,2023-08-01,2,CENTRAL
MED-0280,2023-09-01,3,CENTRAL
MED-0280,2023-10-01,2,EAST
MED-0280,2023-11-01,4,CENTRAL
MED-0280,2023-12-01,0,CENTRAL
MED-0280,2024-01-01,0,CENTRAL
MED-0280,2024-02-01,0,CENTRAL
MED-0280,2024-03-01,0,CENTRAL
MED-0280,2024-04-01,2,SOUTH
MED-0280,2024-05-01,0,CENTRAL
MED-0280,2024-06-01,0,CENTRAL
MED-0280,2024-07-01,5,EAST
MED-0280,2024-08-01,0,EAST
MED-0280,2024-09-01,0,CENTRAL
MED-0280,2024-10-01,8,WEST
MED-0280,2024-11-01,2,CENTRAL
MED-0280,2024-12-01,0,NORTH
MED-0280,2025-01-01,0,EAST
MED-0280,2025-02-01,0,EAST
MED-0280,2025-03-01,0,CENTRAL
MED-0280,2025-04-01,0,CENTRAL
MED-0280,2025-05-01,3,CENTRAL
MED-0280,2025-06-01,0,CENTRAL
MED-0280,2025-07-01,0,CENTRAL
MED-0280,2025-08-01,2,CENTRAL
MED-0280,2025-09-01,0,CENTRAL
MED-0280,2025-10-01,0,CENTRAL
MED-0280,2025-11-01,3,WEST
MED-0280,2025-12-01,2,EAST
MED-0281,2023-01-01,4,CENTRAL
MED-0281,2023-02-01,0,CENTRAL
MED-0281,2023-03-01,4,CENTRAL
MED-0281,2023-04-01,8,WEST
MED-0281,2023-05-01,6,CENTRAL
MED-0281,2023-06-01,4,WEST
MED-0281,2023-07-01,2,CENTRAL
MED-0281,2023-08-01,2,NORTH
MED-0281,2023-09-01,5,CENTRAL
MED-0281,2023-10-01,4,CENTRAL
MED-0281,2023-11-01,5,CENTRAL
MED-0281,2023-12-01,3,CENTRAL
MED-0281,2024-01-01,4,WEST
MED-0281,2024-02-01,3,SOUTH
MED-0281,2024-03-01,9,CENTRAL
MED-0281,2024-04-01,6,EAST
MED-0281,2024-05-01,1,CENTRAL
MED-0281,2024-06-01,8,CENTRAL
MED-0281,2024-07-01,6,CENTRAL
MED-0281,2024-08-01,4,CENTRAL
MED-0281,2024-09-01,3,CENTRAL
MED-0281,2024-10-01,3,SOUTH
MED-0281,2024-11-01,8,EAST
MED-0281,2024-12-01,5,CENTRAL
MED-0281,2025-01-01,4,CENTRAL
MED-0281,2025-02-01,6,NORTH
MED-0281,2025-03-01,1,CENTRAL
MED-0281,2025-04-01,4,CENTRAL
MED-0281,2025-05-01,6,CENTRAL
MED-0281,2025-06-01,5,CENTRAL
MED-0281,2025-07-01,6,CENTRAL
MED-0281,2025-08-01,5,SOUTH
MED-0281,2025-09-01,3,CENTRAL
MED-0281,2025-10-01,2,CENTRAL
MED-0281,2025-11-01,7,CENTRAL
MED-0281,2025-12-01,5,WEST
MED-0282,2022-01-01,0,CENTRAL
MED-0282,2022-02-01,0,NORTH
MED-0282,2022-03-01,1,NORTH
MED-0282,2022-04-01,0,NORTH
MED-0282,2022-05-01,6,NORTH
MED-0282,2022-06-01,0,NORTH
MED-0282,2022-07-01,3,NORTH
MED-0282,2022-08-01,0,NORTH
MED-0282,2022-09-01,0,SOUTH
MED-0282,2022-10-01,0,NORTH
MED-0282,2022-11-01,6,CENTRAL
MED-0282,2022-12-01,0,NORTH
MED-0282,2023-01-01,0,NORTH
MED-0282,2023-02-01,0,NORTH
MED-0282,2023-03-01,0,EAST
MED-0282,2023-04-01,0,NORTH
MED-0282,2023-05-01,3,NORTH
MED-0282,2023-06-01,4,NORTH
MED-0282,2023-07-01,0,NORTH
MED-0282,2023-08-01,0,NORTH
MED-0282,2023-09-01,0,NORTH
MED-0282,2023-10-01,0,NORTH
MED-0282,2023-11-01,0,NORTH
MED-0282,2023-12-01,0,NORTH
MED-0282,2024-01-01,1,CENTRAL
MED-0282,2024-02-01,0,NORTH
MED-0282,2024-03-01,0,WEST
MED-0282,2024-04-01,0,WEST
MED-0282,2024-05-01,0,NORTH
MED-0282,2024-06-01,5,NORTH
MED-0282,2024-07-01,0,NORTH
MED-0282,2024-08-01,0,SOUTH
MED-0282,2024-09-01,0,NORTH
MED-0282,2024-10-01,5,NORTH
MED-0282,2024-11-01,4,NORTH
MED-0282,2024-12-01,3,NORTH
MED-0282,2025-01-01,0,NORTH
MED-0282,2025-02-01,0,NORTH
MED-0282,2025-03-01,0,NORTH
MED-0282,2025-04-01,0,NORTH
MED-0282,2025-05-01,4,NORTH
MED-0282,2025-06-01,0,NORTH
MED-0282,2025-07-01,2,NORTH
MED-0282,2025-08-01,4,NORTH
MED-0282,2025-09-01,0,NORTH
MED-0282,2025-10-01,0,NORTH
MED-0282,2025-11-01,0,NORTH
MED-0282,2025-12-01,3,EAST
MED-0283,2022-01-01,0,CENTRAL
MED-0283,2022-02-01,0,CENTRAL
MED-0283,2022-03-01,0,CENTRAL
MED-0283,2022-04-01,0,SOUTH
MED-0283,2022-05-01,0,CENTRAL
MED-0283,2022-06-01,0,EAST
MED-0283,2022-07-01,0,CENTRAL
MED-0283,2022-08-01,4,CENTRAL
MED-0283,2022-09-01,0,CENTRAL
MED-0283,2022-10-01,0,CENTRAL
MED-0283,2022-11-01,0,CENTRAL
MED-0283,2022-12-01,0,CENTRAL
MED-0283,2023-01-01,0,EAST
MED-0283,2023-02-01,5,CENTRAL
MED-0283,2023-03-01,0,CENTRAL
MED-0283,2023-04-01,0,CENTRAL
MED-0283,2023-05-01,3,CENTRAL
MED-0283,2023-06-01,0,CENTRAL
MED-0283,2023-07-01,0,CENTRAL
MED-0283,2023-08-01,0,CENTRAL
MED-0283,2023-09-01,0,SOUTH
MED-0283,2023-10-01,4,CENTRAL
MED-0283,2023-11-01,0,CENTRAL
MED-0283,2023-12-01,0,CENTRAL
MED-0283,2024-01-01,6,CENTRAL
MED-0283,2024-02-01,0,CENTRAL
MED-0283,2024-03-01,0,CENTRAL
MED-0283,2024-04-01,0,WEST
MED-0283,2024-05-01,0,CENTRAL
MED-0283,2024-06-01,4,CENTRAL
MED-0283,2024-07-01,0,CENTRAL
MED-0283,2024-08-01,0,CENTRAL
MED-0283,2024-09-01,0,CENTRAL
MED-0283,2024-10-01,2,SOUTH
MED-0283,2024-11-01,0,CENTRAL
MED-0283,2024-12-01,0,CENTRAL
MED-0283,2025-01-01,0,CENTRAL
MED-0283,2025-02-01,0,CENTRAL
MED-0283,2025-03-01,0,CENTRAL
MED-0283,2025-04-01,0,CENTRAL
MED-0283,2025-05-01,0,CENTRAL
MED-0283,2025-06-01,12,CENTRAL
MED-0283,2025-07-01,0,CENTRAL
MED-0283,2025-08-01,3,CENTRAL
MED-0283,2025-09-01,0,EAST
MED-0283,2025-10-01,0,CENTRAL
MED-0283,2025-11-01,4,CENTRAL
MED-0283,2025-12-01,0,CENTRAL
MED-0284,2024-07-01,0,CENTRAL
MED-0284,2024-08-01,0,CENTRAL
MED-0284,2024-09-01,0,CENTRAL
MED-0284,2024-10-01,0,NORTH
MED-0284,2024-11-01,0,CENTRAL
MED-0284,2024-12-01,0,CENTRAL
MED-0284,2025-01-01,4,CENTRAL
MED-0284,2025-02-01,0,CENTRAL
MED-0284,2025-03-01,0,SOUTH
MED-0284,2025-04-01,0,EAST
MED-0284,2025-05-01,2,EAST
MED-0284,2025-06-01,0,CENTRAL
MED-0284,2025-07-01,0,NORTH
MED-0284,2025-08-01,4,CENTRAL
MED-0284,2025-09-01,3,CENTRAL
MED-0284,2025-10-01,0,CENTRAL
MED-0284,2025-11-01,0,CENTRAL
MED-0284,2025-12-01,3,CENTRAL
MED-0285,2022-01-01,1,SOUTH
MED-0285,2022-02-01,1,SOUTH
MED-0285,2022-03-01,3,SOUTH
MED-0285,2022-04-01,5,SOUTH
MED-0285,2022-05-01,2,SOUTH
MED-0285,2022-06-01,3,SOUTH
MED-0285,2022-07-01,5,SOUTH
MED-0285,2022-08-01,3,SOUTH
MED-0285,2022-09-01,8,WEST
MED-0285,2022-10-01,13,SOUTH
MED-0285,2022-11-01,2,SOUTH
MED-0285,2022-12-01,4,SOUTH
MED-0285,2023-01-01,6,SOUTH
MED-0285,2023-02-01,8,CENTRAL
MED-0285,2023-03-01,0,EAST
MED-0285,2023-04-01,3,EAST
MED-0285,2023-05-01,6,SOUTH
MED-0285,2023-06-01,6,SOUTH
MED-0285,2023-07-01,2,EAST
MED-0285,2023-08-01,6,NORTH
MED-0285,2023-09-01,3,CENTRAL
MED-0285,2023-10-01,3,SOUTH
MED-0285,2023-11-01,6,SOUTH
MED-0285,2023-12-01,7,SOUTH
MED-0285,2024-01-01,7,SOUTH
MED-0285,2024-02-01,7,SOUTH
MED-0285,2024-03-01,6,SOUTH
MED-0285,2024-04-01,1,SOUTH
MED-0285,2024-05-01,2,SOUTH
MED-0285,2024-06-01,4,EAST
MED-0285,2024-07-01,7,SOUTH
MED-0285,2024-08-01,5,SOUTH
MED-0285,2024-09-01,0,SOUTH
MED-0285,2024-10-01,4,SOUTH
MED-0285,2024-11-01,5,SOUTH
MED-0285,2024-12-01,4,SOUTH
MED-0285,2025-01-01,4,SOUTH
MED-0285,2025-02-01,8,SOUTH
MED-0285,2025-03-01,7,NORTH
MED-0285,2025-04-01,1,SOUTH
MED-0285,2025-05-01,10,SOUTH
MED-0285,2025-06-01,0,SOUTH
MED-0285,2025-07-01,3,SOUTH
MED-0285,2025-08-01,4,SOUTH
MED-0285,2025-09-01,6,SOUTH
MED-0285,2025-10-01,8,SOUTH
MED-0285,2025-11-01,0,SOUTH
MED-0285,2025-12-01,2,SOUTH
MED-0286,2022-01-01,2,NORTH
MED-0286,2022-02-01,5,NORTH
MED-0286,2022-03-01,13,SOUTH
MED-0286,2022-04-01,26,SOUTH
MED-0286,2022-05-01,16,NORTH
MED-0286,2022-06-01,15,NORTH
MED-0286,2022-07-01,8,EAST
MED-0286,2022-08-01,8,SOUTH
MED-0286,2022-09-01,16,NORTH
MED-0286,2022-10-01,4,WEST
MED-0286,2022-11-01,21,NORTH
MED-0286,2022-12-01,4,SOUTH
MED-0286,2023-01-01,19,NORTH
MED-0286,2023-02-01,10,CENTRAL
MED-0286,2023-03-01,5,NORTH
MED-0286,2023-04-01,0,NORTH
MED-0286,2023-05-01,11,NORTH
MED-0286,2023-06-01,9,NORTH
MED-0286,2023-07-01,5,SOUTH
MED-0286,2023-08-01,6,NORTH
MED-0286,2023-09-01,6,NORTH
MED-0286,2023-10-01,8,NORTH
MED-0286,2023-11-01,11,SOUTH
MED-0286,2023-12-01,6,NORTH
MED-0286,2024-01-01,3,EAST
MED-0286,2024-02-01,10,NORTH
MED-0286,2024-03-01,12,NORTH
MED-0286,2024-04-01,0,NORTH
MED-0286,2024-05-01,7,NORTH
MED-0286,2024-06-01,10,NORTH
MED-0286,2024-07-01,7,CENTRAL
MED-0286,2024-08-01,7,SOUTH
MED-0286,2024-09-01,0,NORTH
MED-0286,2024-10-01,5,NORTH
MED-0286,2024-11-01,3,NORTH
MED-0286,2024-12-01,7,NORTH
MED-0286,2025-01-01,3,NORTH
MED-0286,2025-02-01,4,NORTH
MED-0286,2025-03-01,9,SOUTH
MED-0286,2025-04-01,8,NORTH
MED-0286,2025-05-01,20,NORTH
MED-0286,2025-06-01,1,WEST
MED-0286,2025-07-01,7,NORTH
MED-0286,2025-08-01,7,EAST
MED-0286,2025-09-01,13,NORTH
MED-0286,2025-10-01,10,NORTH
MED-0286,2025-11-01,5,CENTRAL
MED-0286,2025-12-01,9,SOUTH
MED-0287,2024-01-01,3,CENTRAL
MED-0287,2024-02-01,5,CENTRAL
MED-0287,2024-03-01,2,SOUTH
MED-0287,2024-04-01,1,CENTRAL
MED-0287,2024-05-01,2,EAST
MED-0287,2024-06-01,8,CENTRAL
MED-0287,2024-07-01,2,EAST
MED-0287,2024-08-01,4,CENTRAL
MED-0287,2024-09-01,3,NORTH
MED-0287,2024-10-01,3,CENTRAL
MED-0287,2024-11-01,2,CENTRAL
MED-0287,2024-12-01,2,CENTRAL
MED-0287,2025-01-01,3,SOUTH
MED-0287,2025-02-01,1,CENTRAL
MED-0287,2025-03-01,3,CENTRAL
MED-0287,2025-04-01,6,WEST
MED-0287,2025-05-01,4,CENTRAL
MED-0287,2025-06-01,1,CENTRAL
MED-0287,2025-07-01,5,SOUTH
MED-0287,2025-08-01,1,CENTRAL
MED-0287,2025-09-01,1,CENTRAL
MED-0287,2025-10-01,4,CENTRAL
MED-0287,2025-11-01,6,CENTRAL
MED-0287,2025-12-01,1,CENTRAL
MED-0288,2022-01-01,0,WEST
MED-0288,2022-02-01,0,WEST
MED-0288,2022-03-01,0,WEST
MED-0288,2022-04-01,0,NORTH
MED-0288,2022-05-01,0,WEST
MED-0288,2022-06-01,0,WEST
MED-0288,2022-07-01,10,WEST
MED-0288,2022-08-01,8,WEST
MED-0288,2022-09-01,6,WEST
MED-0288,2022-10-01,0,WEST
MED-0288,2022-11-01,0,EAST
MED-0288,2022-12-01,0,SOUTH
MED-0288,2023-01-01,0,NORTH
MED-0288,2023-02-01,0,WEST
MED-0288,2023-03-01,0,WEST
MED-0288,2023-04-01,24,WEST
MED-0288,2023-05-01,0,SOUTH
MED-0288,2023-06-01,0,WEST
MED-0288,2023-07-01,0,WEST
MED-0288,2023-08-01,4,WEST
MED-0288,2023-09-01,1,WEST
MED-0288,2023-10-01,0,WEST
MED-0288,2023-11-01,0,WEST
MED-0288,2023-12-01,0,WEST
MED-0288,2024-01-01,0,WEST
MED-0288,2024-02-01,0,WEST
MED-0288,2024-03-01,0,WEST
MED-0288,2024-04-01,2,WEST
MED-0288,2024-05-01,0,SOUTH
MED-0288,2024-06-01,7,EAST
MED-0288,2024-07-01,0,WEST
MED-0288,2024-08-01,0,WEST
MED-0288,2024-09-01,0,CENTRAL
MED-0288,2024-10-01,5,WEST
MED-0288,2024-11-01,0,WEST
MED-0288,2024-12-01,0,WEST
MED-0288,2025-01-01,9,NORTH
MED-0288,2025-02-01,0,WEST
MED-0288,2025-03-01,0,WEST
MED-0288,2025-04-01,0,EAST
MED-0288,2025-05-01,0,WEST
MED-0288,2025-06-01,0,CENTRAL
MED-0288,2025-07-01,0,CENTRAL
MED-0288,2025-08-01,0,WEST
MED-0288,2025-09-01,11,WEST
MED-0288,2025-10-01,0,CENTRAL
MED-0288,2025-11-01,0,WEST
MED-0288,2025-12-01,0,WEST
MED-0289,2023-07-01,8,CENTRAL
MED-0289,2023-08-01,4,CENTRAL
MED-0289,2023-09-01,7,CENTRAL
MED-0289,2023-10-01,2,WEST
MED-0289,2023-11-01,1,CENTRAL
MED-0289,2023-12-01,5,CENTRAL
MED-0289,2024-01-01,1,NORTH
MED-0289,2024-02-01,5,NORTH
MED-0289,2024-03-01,4,NORTH
MED-0289,2024-04-01,5,CENTRAL
MED-0289,2024-05-01,2,CENTRAL
MED-0289,2024-06-01,7,CENTRAL
MED-0289,2024-07-01,1,WEST
MED-0289,2024-08-01,9,CENTRAL
MED-0289,2024-09-01,8,CENTRAL
MED-0289,2024-10-01,4,CENTRAL
MED-0289,2024-11-01,6,CENTRAL
MED-0289,2024-12-01,3,CENTRAL
MED-0289,2025-01-01,5,CENTRAL
MED-0289,2025-02-01,8,SOUTH
MED-0289,2025-03-01,6,CENTRAL
MED-0289,2025-04-01,2,CENTRAL
MED-0289,2025-05-01,3,CENTRAL
MED-0289,2025-06-01,5,NORTH
MED-0289,2025-07-01,5,CENTRAL
MED-0289,2025-08-01,4,CENTRAL
MED-0289,2025-09-01,3,SOUTH
MED-0289,2025-10-01,4,CENTRAL
MED-0289,2025-11-01,2,CENTRAL
MED-0289,2025-12-01,4,CENTRAL
MED-0290,2022-07-01,4,EAST
MED-0290,2022-08-01,4,NORTH
MED-0290,2022-09-01,12,NORTH
MED-0290,2022-10-01,2,NORTH
MED-0290,2022-11-01,5,EAST
MED-0290,2022-12-01,2,NORTH
MED-0290,2023-01-01,4,NORTH
MED-0290,2023-02-01,6,EAST
MED-0290,2023-03-01,5,EAST
MED-0290,2023-04-01,4,SOUTH
MED-0290,2023-05-01,10,WEST
MED-0290,2023-06-01,7,NORTH
MED-0290,2023-07-01,3,NORTH
MED-0290,2023-08-01,5,NORTH
MED-0290,2023-09-01,32,NORTH
MED-0290,2023-10-01,7,NORTH
MED-0290,2023-11-01,7,SOUTH
MED-0290,2023-12-01,7,NORTH
MED-0290,2024-01-01,3,NORTH
MED-0290,2024-02-01,6,NORTH
MED-0290,2024-03-01,3,NORTH
MED-0290,2024-04-01,5,NORTH
MED-0290,2024-05-01,5,NORTH
MED-0290,2024-06-01,10,EAST
MED-0290,2024-07-01,3,CENTRAL
MED-0290,2024-08-01,5,NORTH
MED-0290,2024-09-01,4,NORTH
MED-0290,2024-10-01,6,NORTH
MED-0290,2024-11-01,5,NORTH
MED-0290,2024-12-01,4,WEST
MED-0290,2025-01-01,8,NORTH
MED-0290,2025-02-01,2,NORTH
MED-0290,2025-03-01,3,NORTH
MED-0290,2025-04-01,8,NORTH
MED-0290,2025-05-01,6,SOUTH
MED-0290,2025-06-01,9,NORTH
MED-0290,2025-07-01,3,NORTH
MED-0290,2025-08-01,6,NORTH
MED-0290,2025-09-01,5,NORTH
MED-0290,2025-10-01,13,NORTH
MED-0290,2025-11-01,5,NORTH
MED-0290,2025-12-01,4,NORTH
MED-0291,2022-01-01,7,EAST
MED-0291,2022-02-01,4,WEST
MED-0291,2022-03-01,0,EAST
MED-0291,2022-04-01,7,CENTRAL
MED-0291,2022-05-01,0,NORTH
MED-0291,2022-06-01,5,NORTH
MED-0291,2022-07-01,4,EAST
MED-0291,2022-08-01,10,NORTH
MED-0291,2022-09-01,1,NORTH
MED-0291,2022-10-01,3,WEST
MED-0291,2022-11-01,3,SOUTH
MED-0291,2022-12-01,5,NORTH
MED-0291,2023-01-01,5,NORTH
MED-0291,2023-02-01,2,NORTH
MED-0291,2023-03-01,4,EAST
MED-0291,2023-04-01,7,NORTH
MED-0291,2023-05-01,7,WEST
MED-0291,2023-06-01,7,SOUTH
MED-0291,2023-07-01,13,NORTH
MED-0291,2023-08-01,2,NORTH
MED-0291,2023-09-01,9,NORTH
MED-0291,2023-10-01,6,NORTH
MED-0291,2023-11-01,11,EAST
MED-0291,2023-12-01,7,NORTH
MED-0291,2024-01-01,1,CENTRAL
MED-0291,2024-02-01,11,NORTH
MED-0291,2024-03-01,6,NORTH
MED-0291,2024-04-01,11,NORTH
MED-0291,2024-05-01,17,NORTH
MED-0291,2024-06-01,5,NORTH
MED-0291,2024-07-01,7,EAST
MED-0291,2024-08-01,12,NORTH
MED-0291,2024-09-01,0,NORTH
MED-0291,2024-10-01,8,CENTRAL
MED-0291,2024-11-01,4,NORTH
MED-0291,2024-12-01,8,NORTH
MED-0291,2025-01-01,8,EAST
MED-0291,2025-02-01,6,CENTRAL
MED-0291,2025-03-01,6,CENTRAL
MED-0291,2025-04-01,5,CENTRAL
MED-0291,2025-05-01,1,NORTH
MED-0291,2025-06-01,4,NORTH
MED-0291,2025-07-01,4,SOUTH
MED-0291,2025-08-01,8,NORTH
MED-0291,2025-09-01,3,NORTH
MED-0291,2025-10-01,2,CENTRAL
MED-0291,2025-11-01,4,NORTH
MED-0291,2025-12-01,5,NORTH
MED-0292,2023-07-01,0,EAST
MED-0292,2023-08-01,5,EAST
MED-0292,2023-09-01,0,EAST
MED-0292,2023-10-01,0,EAST
MED-0292,2023-11-01,7,SOUTH
MED-0292,2023-12-01,0,EAST
MED-0292,2024-01-01,0,EAST
MED-0292,2024-02-01,0,EAST
MED-0292,2024-03-01,0,WEST
MED-0292,2024-04-01,0,CENTRAL
MED-0292,2024-05-01,0,EAST
MED-0292,2024-06-01,0,NORTH
MED-0292,2024-07-01,22,EAST
MED-0292,2024-08-01,0,CENTRAL
MED-0292,2024-09-01,0,EAST
MED-0292,2024-10-01,0,WEST
MED-0292,2024-11-01,0,EAST
MED-0292,2024-12-01,0,NORTH
MED-0292,2025-01-01,0,EAST
MED-0292,2025-02-01,0,EAST
MED-0292,2025-03-01,0,EAST
MED-0292,2025-04-01,0,EAST
MED-0292,2025-05-01,0,EAST
MED-0292,2025-06-01,0,EAST
MED-0292,2025-07-01,0,EAST
MED-0292,2025-08-01,0,EAST
MED-0292,2025-09-01,0,EAST
MED-0292,2025-10-01,6,WEST
MED-0292,2025-11-01,6,EAST
MED-0292,2025-12-01,0,EAST
MED-0293,2023-07-01,0,EAST
MED-0293,2023-08-01,0,EAST
MED-0293,2023-09-01,4,EAST
MED-0293,2023-10-01,6,SOUTH
MED-0293,2023-11-01,4,EAST
MED-0293,2023-12-01,5,NORTH
MED-0293,2024-01-01,1,EAST
MED-0293,2024-02-01,0,EAST
MED-0293,2024-03-01,0,EAST
MED-0293,2024-04-01,0,EAST
MED-0293,2024-05-01,0,WEST
MED-0293,2024-06-01,4,EAST
MED-0293,2024-07-01,0,EAST
MED-0293,2024-08-01,0,EAST
MED-0293,2024-09-01,3,EAST
MED-0293,2024-10-01,0,EAST
MED-0293,2024-11-01,2,EAST
MED-0293,2024-12-01,0,EAST
MED-0293,2025-01-01,0,NORTH
MED-0293,2025-02-01,4,WEST
MED-0293,2025-03-01,0,EAST
MED-0293,2025-04-01,0,EAST
MED-0293,2025-05-01,2,EAST
MED-0293,2025-06-01,2,EAST
MED-0293,2025-07-01,0,WEST
MED-0293,2025-08-01,3,EAST
MED-0293,2025-09-01,0,EAST
MED-0293,2025-10-01,1,EAST
MED-0293,2025-11-01,0,EAST
MED-0293,2025-12-01,6,EAST
MED-0294,2022-01-01,4,CENTRAL
MED-0294,2022-02-01,4,CENTRAL
MED-0294,2022-03-01,3,NORTH
MED-0294,2022-04-01,1,SOUTH
MED-0294,2022-05-01,4,CENTRAL
MED-0294,2022-06-01,5,CENTRAL
MED-0294,2022-07-01,5,NORTH
MED-0294,2022-08-01,4,NORTH
MED-0294,2022-09-01,6,SOUTH
MED-0294,2022-10-01,5,WEST
MED-0294,2022-11-01,4,CENTRAL
MED-0294,2022-12-01,4,CENTRAL
MED-0294,2023-01-01,4,WEST
MED-0294,2023-02-01,0,WEST
MED-0294,2023-03-01,7,CENTRAL
MED-0294,2023-04-01,5,CENTRAL
MED-0294,2023-05-01,7,CENTRAL
MED-0294,2023-06-01,9,CENTRAL
MED-0294,2023-07-01,6,NORTH
MED-0294,2023-08-01,6,EAST
MED-0294,2023-09-01,4,CENTRAL
MED-0294,2023-10-01,7,CENTRAL
MED-0294,2023-11-01,8,CENTRAL
MED-0294,2023-12-01,3,CENTRAL
MED-0294,2024-01-01,4,CENTRAL
MED-0294,2024-02-01,4,CENTRAL
MED-0294,2024-03-01,2,NORTH
MED-0294,2024-04-01,4,NORTH
MED-0294,2024-05-01,4,CENTRAL
MED-0294,2024-06-01,2,CENTRAL
MED-0294,2024-07-01,6,CENTRAL
MED-0294,2024-08-01,5,CENTRAL
MED-0294,2024-09-01,3,CENTRAL
MED-0294,2024-10-01,5,NORTH
MED-0294,2024-11-01,1,EAST
MED-0294,2024-12-01,4,CENTRAL
MED-0294,2025-01-01,1,CENTRAL
MED-0294,2025-02-01,3,CENTRAL
MED-0294,2025-03-01,5,CENTRAL
MED-0294,2025-04-01,6,CENTRAL
MED-0294,2025-05-01,6,CENTRAL
MED-0294,2025-06-01,3,CENTRAL
MED-0294,2025-07-01,5,NORTH
MED-0294,2025-08-01,9,WEST
MED-0294,2025-09-01,8,EAST
MED-0294,2025-10-01,8,CENTRAL
MED-0294,2025-11-01,4,CENTRAL
MED-0294,2025-12-01,2,CENTRAL
MED-0295,2022-01-01,0,EAST
MED-0295,2022-02-01,0,EAST
MED-0295,2022-03-01,0,CENTRAL
MED-0295,2022-04-01,0,CENTRAL
MED-0295,2022-05-01,0,CENTRAL
MED-0295,2022-06-01,0,CENTRAL
MED-0295,2022-07-01,0,NORTH
MED-0295,2022-08-01,0,CENTRAL
MED-0295,2022-09-01,0,EAST
MED-0295,2022-10-01,0,CENTRAL
MED-0295,2022-11-01,0,EAST
MED-0295,2022-12-01,0,EAST
MED-0295,2023-01-01,0,WEST
MED-0295,2023-02-01,0,CENTRAL
MED-0295,2023-03-01,0,CENTRAL
MED-0295,2023-04-01,4,EAST
MED-0295,2023-05-01,0,SOUTH
MED-0295,2023-06-01,0,CENTRAL
MED-0295,2023-07-01,0,EAST
MED-0295,2023-08-01,0,CENTRAL
MED-0295,2023-09-01,0,SOUTH
MED-0295,2023-10-01,0,CENTRAL
MED-0295,2023-11-01,0,CENTRAL
MED-0295,2023-12-01,0,SOUTH
MED-0295,2024-01-01,0,EAST
MED-0295,2024-02-01,0,CENTRAL
MED-0295,2024-03-01,0,WEST
MED-0295,2024-04-01,0,NORTH
MED-0295,2024-05-01,0,CENTRAL
MED-0295,2024-06-01,0,CENTRAL
MED-0295,2024-07-01,0,CENTRAL
MED-0295,2024-08-01,0,WEST
MED-0295,2024-09-01,0,CENTRAL
MED-0295,2024-10-01,0,EAST
MED-0295,2024-11-01,0,CENTRAL
MED-0295,2024-12-01,0,EAST
MED-0295,2025-01-01,0,CENTRAL
MED-0295,2025-02-01,0,CENTRAL
MED-0295,2025-03-01,15,CENTRAL
MED-0295,2025-04-01,0,CENTRAL
MED-0295,2025-05-01,0,CENTRAL
MED-0295,2025-06-01,0,CENTRAL
MED-0295,2025-07-01,0,CENTRAL
MED-0295,2025-08-01,0,WEST
MED-0295,2025-09-01,0,WEST
MED-0295,2025-10-01,0,CENTRAL
MED-0295,2025-11-01,0,CENTRAL
MED-0295,2025-12-01,0,CENTRAL
MED-0296,2022-01-01,0,WEST
MED-0296,2022-02-01,8,NORTH
MED-0296,2022-03-01,0,NORTH
MED-0296,2022-04-01,0,NORTH
MED-0296,2022-05-01,0,NORTH
MED-0296,2022-06-01,0,NORTH
MED-0296,2022-07-01,38,NORTH
MED-0296,2022-08-01,0,EAST
MED-0296,2022-09-01,6,NORTH
MED-0296,2022-10-01,0,NORTH
MED-0296,2022-11-01,0,WEST
MED-0296,2022-12-01,0,NORTH
MED-0296,2023-01-01,0,NORTH
MED-0296,2023-02-01,0,NORTH
MED-0296,2023-03-01,0,NORTH
MED-0296,2023-04-01,0,EAST
MED-0296,2023-05-01,0,SOUTH
MED-0296,2023-06-01,0,NORTH
MED-0296,2023-07-01,90,WEST
MED-0296,2023-08-01,0,SOUTH
MED-0296,2023-09-01,0,WEST
MED-0296,2023-10-01,0,SOUTH
MED-0296,2023-11-01,0,NORTH
MED-0296,2023-12-01,0,NORTH
MED-0296,2024-01-01,0,NORTH
MED-0296,2024-02-01,0,NORTH
MED-0296,2024-03-01,0,NORTH
MED-0296,2024-04-01,7,NORTH
MED-0296,2024-05-01,0,NORTH
MED-0296,2024-06-01,0,CENTRAL
MED-0296,2024-07-01,0,SOUTH
MED-0296,2024-08-01,6,WEST
MED-0296,2024-09-01,0,NORTH
MED-0296,2024-10-01,0,CENTRAL
MED-0296,2024-11-01,0,NORTH
MED-0296,2024-12-01,14,CENTRAL
MED-0296,2025-01-01,0,NORTH
MED-0296,2025-02-01,0,NORTH
MED-0296,2025-03-01,0,NORTH
MED-0296,2025-04-01,0,NORTH
MED-0296,2025-05-01,0,NORTH
MED-0296,2025-06-01,0,NORTH
MED-0296,2025-07-01,0,NORTH
MED-0296,2025-08-01,0,NORTH
MED-0296,2025-09-01,0,NORTH
MED-0296,2025-10-01,0,NORTH
MED-0296,2025-11-01,99,NORTH
MED-0296,2025-12-01,0,NORTH
MED-0297,2022-01-01,0,NORTH
MED-0297,2022-02-01,3,NORTH
MED-0297,2022-03-01,6,NORTH
MED-0297,2022-04-01,21,CENTRAL
MED-0297,2022-05-01,7,NORTH
MED-0297,2022-06-01,0,NORTH
MED-0297,2022-07-01,4,NORTH
MED-0297,2022-08-01,3,NORTH
MED-0297,2022-09-01,6,CENTRAL
MED-0297,2022-10-01,3,NORTH
MED-0297,2022-11-01,12,NORTH
MED-0297,2022-12-01,3,NORTH
MED-0297,2023-01-01,1,NORTH
MED-0297,2023-02-01,3,NORTH
MED-0297,2023-03-01,1,NORTH
MED-0297,2023-04-01,2,NORTH
MED-0297,2023-05-01,0,NORTH
MED-0297,2023-06-01,5,WEST
MED-0297,2023-07-01,5,CENTRAL
MED-0297,2023-08-01,3,CENTRAL
MED-0297,2023-09-01,2,NORTH
MED-0297,2023-10-01,1,CENTRAL
MED-0297,2023-11-01,5,CENTRAL
MED-0297,2023-12-01,2,SOUTH
MED-0297,2024-01-01,10,NORTH
MED-0297,2024-02-01,6,NORTH
MED-0297,2024-03-01,0,WEST
MED-0297,2024-04-01,5,NORTH
MED-0297,2024-05-01,1,SOUTH
MED-0297,2024-06-01,3,CENTRAL
MED-0297,2024-07-01,2,NORTH
MED-0297,2024-08-01,5,NORTH
MED-0297,2024-09-01,0,NORTH
MED-0297,2024-10-01,4,NORTH
MED-0297,2024-11-01,4,SOUTH
MED-0297,2024-12-01,0,NORTH
MED-0297,2025-01-01,11,NORTH
MED-0297,2025-02-01,3,EAST
MED-0297,2025-03-01,4,CENTRAL
MED-0297,2025-04-01,3,SOUTH
MED-0297,2025-05-01,5,WEST
MED-0297,2025-06-01,13,EAST
MED-0297,2025-07-01,5,NORTH
MED-0297,2025-08-01,3,NORTH
MED-0297,2025-09-01,10,NORTH
MED-0297,2025-10-01,4,CENTRAL
MED-0297,2025-11-01,25,NORTH
MED-0297,2025-12-01,1,NORTH
MED-0298,2022-07-01,0,CENTRAL
MED-0298,2022-08-01,14,CENTRAL
MED-0298,2022-09-01,0,EAST
MED-0298,2022-10-01,16,CENTRAL
MED-0298,2022-11-01,0,CENTRAL
MED-0298,2022-12-01,0,CENTRAL
MED-0298,2023-01-01,0,CENTRAL
MED-0298,2023-02-01,0,CENTRAL
MED-0298,2023-03-01,0,CENTRAL
MED-0298,2023-04-01,0,CENTRAL
MED-0298,2023-05-01,0,CENTRAL
MED-0298,2023-06-01,0,SOUTH
MED-0298,2023-07-01,12,CENTRAL
MED-0298,2023-08-01,0,EAST
MED-0298,2023-09-01,9,SOUTH
MED-0298,2023-10-01,0,EAST
MED-0298,2023-11-01,16,CENTRAL
MED-0298,2023-12-01,0,CENTRAL
MED-0298,2024-01-01,0,CENTRAL
MED-0298,2024-02-01,0,CENTRAL
MED-0298,2024-03-01,0,CENTRAL
MED-0298,2024-04-01,0,WEST
MED-0298,2024-05-01,0,EAST
MED-0298,2024-06-01,0,CENTRAL
MED-0298,2024-07-01,12,CENTRAL
MED-0298,2024-08-01,0,CENTRAL
MED-0298,2024-09-01,0,WEST
MED-0298,2024-10-01,52,CENTRAL
MED-0298,2024-11-01,0,CENTRAL
MED-0298,2024-12-01,0,CENTRAL
MED-0298,2025-01-01,15,CENTRAL
MED-0298,2025-02-01,0,CENTRAL
MED-0298,2025-03-01,11,CENTRAL
MED-0298,2025-04-01,5,CENTRAL
MED-0298,2025-05-01,0,WEST
MED-0298,2025-06-01,0,CENTRAL
MED-0298,2025-07-01,0,CENTRAL
MED-0298,2025-08-01,0,SOUTH
MED-0298,2025-09-01,0,CENTRAL
MED-0298,2025-10-01,0,CENTRAL
MED-0298,2025-11-01,76,CENTRAL
MED-0298,2025-12-01,0,CENTRAL
MED-0299,2023-01-01,0,EAST
MED-0299,2023-02-01,12,CENTRAL
MED-0299,2023-03-01,0,EAST
MED-0299,2023-04-01,0,EAST
MED-0299,2023-05-01,0,EAST
MED-0299,2023-06-01,0,EAST
MED-0299,2023-07-01,0,EAST
MED-0299,2023-08-01,0,EAST
MED-0299,2023-09-01,0,NORTH
MED-0299,2023-10-01,0,EAST
MED-0299,2023-11-01,0,SOUTH
MED-0299,2023-12-01,9,WEST
MED-0299,2024-01-01,0,EAST
MED-0299,2024-02-01,0,EAST
MED-0299,2024-03-01,0,EAST
MED-0299,2024-04-01,0,EAST
MED-0299,2024-05-01,0,EAST
MED-0299,2024-06-01,0,CENTRAL
MED-0299,2024-07-01,0,EAST
MED-0299,2024-08-01,0,EAST
MED-0299,2024-09-01,0,NORTH
MED-0299,2024-10-01,0,EAST
MED-0299,2024-11-01,0,WEST
MED-0299,2024-12-01,0,NORTH
MED-0299,2025-01-01,0,EAST
MED-0299,2025-02-01,49,EAST
MED-0299,2025-03-01,0,SOUTH
MED-0299,2025-04-01,0,CENTRAL
MED-0299,2025-05-01,0,EAST
MED-0299,2025-06-01,0,EAST
MED-0299,2025-07-01,0,EAST
MED-0299,2025-08-01,0,CENTRAL
MED-0299,2025-09-01,0,EAST
MED-0299,2025-10-01,0,EAST
MED-0299,2025-11-01,0,WEST
MED-0299,2025-12-01,0,CENTRAL
MED-0300,2022-01-01,0,WEST
MED-0300,2022-02-01,0,WEST
MED-0300,2022-03-01,0,WEST
MED-0300,2022-04-01,0,EAST
MED-0300,2022-05-01,0,WEST
MED-0300,2022-06-01,0,SOUTH
MED-0300,2022-07-01,0,EAST
MED-0300,2022-08-01,0,WEST
MED-0300,2022-09-01,0,WEST
MED-0300,2022-10-01,0,WEST
MED-0300,2022-11-01,0,WEST
MED-0300,2022-12-01,0,WEST
MED-0300,2023-01-01,0,CENTRAL
MED-0300,2023-02-01,0,WEST
MED-0300,2023-03-01,0,EAST
MED-0300,2023-04-01,4,WEST
MED-0300,2023-05-01,9,WEST
MED-0300,2023-06-01,0,NORTH
MED-0300,2023-07-01,0,WEST
MED-0300,2023-08-01,0,NORTH
MED-0300,2023-09-01,0,NORTH
MED-0300,2023-10-01,0,SOUTH
MED-0300,2023-11-01,0,WEST
MED-0300,2023-12-01,0,NORTH
MED-0300,2024-01-01,0,WEST
MED-0300,2024-02-01,28,WEST
MED-0300,2024-03-01,10,WEST
MED-0300,2024-04-01,0,WEST
MED-0300,2024-05-01,0,WEST
MED-0300,2024-06-01,0,WEST
MED-0300,2024-07-01,20,WEST
MED-0300,2024-08-01,0,WEST
MED-0300,2024-09-01,0,SOUTH
MED-0300,2024-10-01,16,WEST
MED-0300,2024-11-01,0,WEST
MED-0300,2024-12-01,9,WEST
MED-0300,2025-01-01,0,EAST
MED-0300,2025-02-01,8,WEST
MED-0300,2025-03-01,0,SOUTH
MED-0300,2025-04-01,0,WEST
MED-0300,2025-05-01,0,WEST
MED-0300,2025-06-01,0,WEST
MED-0300,2025-07-01,0,WEST
MED-0300,2025-08-01,0,WEST
MED-0300,2025-09-01,0,SOUTH
MED-0300,2025-10-01,0,WEST
MED-0300,2025-11-01,0,EAST
MED-0300,2025-12-01,0,WEST
MED-0301,2022-01-01,4,WEST
MED-0301,2022-02-01,0,SOUTH
MED-0301,2022-03-01,0,EAST
MED-0301,2022-04-01,0,SOUTH
MED-0301,2022-05-01,12,WEST
MED-0301,2022-06-01,0,SOUTH
MED-0301,2022-07-01,0,SOUTH
MED-0301,2022-08-01,0,EAST
MED-0301,2022-09-01,9,SOUTH
MED-0301,2022-10-01,0,SOUTH
MED-0301,2022-11-01,0,WEST
MED-0301,2022-12-01,12,SOUTH
MED-0301,2023-01-01,0,SOUTH
MED-0301,2023-02-01,0,SOUTH
MED-0301,2023-03-01,0,CENTRAL
MED-0301,2023-04-01,0,SOUTH
MED-0301,2023-05-01,0,NORTH
MED-0301,2023-06-01,0,EAST
MED-0301,2023-07-01,9,WEST
MED-0301,2023-08-01,0,EAST
MED-0301,2023-09-01,0,SOUTH
MED-0301,2023-10-01,0,SOUTH
MED-0301,2023-11-01,14,SOUTH
MED-0301,2023-12-01,0,WEST
MED-0301,2024-01-01,0,CENTRAL
MED-0301,2024-02-01,0,SOUTH
MED-0301,2024-03-01,0,SOUTH
MED-0301,2024-04-01,0,EAST
MED-0301,2024-05-01,0,SOUTH
MED-0301,2024-06-01,0,SOUTH
MED-0301,2024-07-01,0,SOUTH
MED-0301,2024-08-01,6,SOUTH
MED-0301,2024-09-01,0,SOUTH
MED-0301,2024-10-01,0,NORTH
MED-0301,2024-11-01,0,CENTRAL
MED-0301,2024-12-01,0,SOUTH
MED-0301,2025-01-01,0,SOUTH
MED-0301,2025-02-01,0,SOUTH
MED-0301,2025-03-01,0,SOUTH
MED-0301,2025-04-01,0,SOUTH
MED-0301,2025-05-01,0,WEST
MED-0301,2025-06-01,0,SOUTH
MED-0301,2025-07-01,8,SOUTH
MED-0301,2025-08-01,0,EAST
MED-0301,2025-09-01,0,WEST
MED-0301,2025-10-01,0,SOUTH
MED-0301,2025-11-01,0,EAST
MED-0301,2025-12-01,0,SOUTH
MED-0302,2022-07-01,4,WEST
MED-0302,2022-08-01,5,WEST
MED-0302,2022-09-01,5,WEST
MED-0302,2022-10-01,6,WEST
MED-0302,2022-11-01,5,WEST
MED-0302,2022-12-01,8,NORTH
MED-0302,2023-01-01,5,WEST
MED-0302,2023-02-01,8,WEST
MED-0302,2023-03-01,4,WEST
MED-0302,2023-04-01,32,WEST
MED-0302,2023-05-01,0,CENTRAL
MED-0302,2023-06-01,6,SOUTH
MED-0302,2023-07-01,4,WEST
MED-0302,2023-08-01,7,EAST
MED-0302,2023-09-01,6,SOUTH
MED-0302,2023-10-01,9,WEST
MED-0302,2023-11-01,5,WEST
MED-0302,2023-12-01,8,CENTRAL
MED-0302,2024-01-01,3,SOUTH
MED-0302,2024-02-01,5,CENTRAL
MED-0302,2024-03-01,7,WEST
MED-0302,2024-04-01,10,WEST
MED-0302,2024-05-01,3,WEST
MED-0302,2024-06-01,7,CENTRAL
MED-0302,2024-07-01,5,WEST
MED-0302,2024-08-01,9,WEST
MED-0302,2024-09-01,10,WEST
MED-0302,2024-10-01,6,WEST
MED-0302,2024-11-01,7,WEST
MED-0302,2024-12-01,3,WEST
MED-0302,2025-01-01,4,SOUTH
MED-0302,2025-02-01,6,WEST
MED-0302,2025-03-01,7,WEST
MED-0302,2025-04-01,5,WEST
MED-0302,2025-05-01,8,WEST
MED-0302,2025-06-01,5,WEST
MED-0302,2025-07-01,6,WEST
MED-0302,2025-08-01,4,WEST
MED-0302,2025-09-01,5,NORTH
MED-0302,2025-10-01,9,WEST
MED-0302,2025-11-01,6,NORTH
MED-0302,2025-12-01,6,WEST
MED-0303,2022-01-01,3,SOUTH
MED-0303,2022-02-01,4,SOUTH
MED-0303,2022-03-01,4,EAST
MED-0303,2022-04-01,6,SOUTH
MED-0303,2022-05-01,1,NORTH
MED-0303,2022-06-01,6,SOUTH
MED-0303,2022-07-01,7,WEST
MED-0303,2022-08-01,6,SOUTH
MED-0303,2022-09-01,2,SOUTH
MED-0303,2022-10-01,5,EAST
MED-0303,2022-11-01,3,SOUTH
MED-0303,2022-12-01,4,SOUTH
MED-0303,2023-01-01,2,SOUTH
MED-0303,2023-02-01,4,SOUTH
MED-0303,2023-03-01,6,SOUTH
MED-0303,2023-04-01,0,SOUTH
MED-0303,2023-05-01,8,SOUTH
MED-0303,2023-06-01,6,SOUTH
MED-0303,2023-07-01,5,SOUTH
MED-0303,2023-08-01,6,WEST
MED-0303,2023-09-01,5,CENTRAL
MED-0303,2023-10-01,10,SOUTH
MED-0303,2023-11-01,5,WEST
MED-0303,2023-12-01,2,SOUTH
MED-0303,2024-01-01,5,SOUTH
MED-0303,2024-02-01,0,EAST
MED-0303,2024-03-01,3,SOUTH
MED-0303,2024-04-01,6,NORTH
MED-0303,2024-05-01,7,NORTH
MED-0303,2024-06-01,9,SOUTH
MED-0303,2024-07-01,5,SOUTH
MED-0303,2024-08-01,1,SOUTH
MED-0303,2024-09-01,3,SOUTH
MED-0303,2024-10-01,4,WEST
MED-0303,2024-11-01,5,EAST
MED-0303,2024-12-01,2,CENTRAL
MED-0303,2025-01-01,3,SOUTH
MED-0303,2025-02-01,3,SOUTH
MED-0303,2025-03-01,2,SOUTH
MED-0303,2025-04-01,5,SOUTH
MED-0303,2025-05-01,6,SOUTH
MED-0303,2025-06-01,6,EAST
MED-0303,2025-07-01,6,SOUTH
MED-0303,2025-08-01,3,WEST
MED-0303,2025-09-01,2,EAST
MED-0303,2025-10-01,2,SOUTH
MED-0303,2025-11-01,5,SOUTH
MED-0303,2025-12-01,6,WEST
MED-0304,2023-07-01,0,EAST
MED-0304,2023-08-01,0,SOUTH
MED-0304,2023-09-01,0,NORTH
MED-0304,2023-10-01,0,NORTH
MED-0304,2023-11-01,0,NORTH
MED-0304,2023-12-01,0,NORTH
MED-0304,2024-01-01,0,WEST
MED-0304,2024-02-01,15,NORTH
MED-0304,2024-03-01,19,NORTH
MED-0304,2024-04-01,0,NORTH
MED-0304,2024-05-01,21,SOUTH
MED-0304,2024-06-01,0,SOUTH
MED-0304,2024-07-01,0,NORTH
MED-0304,2024-08-01,0,CENTRAL
MED-0304,2024-09-01,0,EAST
MED-0304,2024-10-01,0,SOUTH
MED-0304,2024-11-01,0,NORTH
MED-0304,2024-12-01,0,NORTH
MED-0304,2025-01-01,52,NORTH
MED-0304,2025-02-01,0,NORTH
MED-0304,2025-03-01,0,NORTH
MED-0304,2025-04-01,15,NORTH
MED-0304,2025-05-01,0,NORTH
MED-0304,2025-06-01,0,CENTRAL
MED-0304,2025-07-01,16,NORTH
MED-0304,2025-08-01,0,NORTH
MED-0304,2025-09-01,0,NORTH
MED-0304,2025-10-01,0,NORTH
MED-0304,2025-11-01,0,NORTH
MED-0304,2025-12-01,0,NORTH
MED-0305,2024-07-01,5,EAST
MED-0305,2024-08-01,3,EAST
MED-0305,2024-09-01,3,EAST
MED-0305,2024-10-01,7,EAST
MED-0305,2024-11-01,2,EAST
MED-0305,2024-12-01,6,EAST
MED-0305,2025-01-01,6,EAST
MED-0305,2025-02-01,6,EAST
MED-0305,2025-03-01,4,EAST
MED-0305,2025-04-01,2,EAST
MED-0305,2025-05-01,4,EAST
MED-0305,2025-06-01,2,NORTH
MED-0305,2025-07-01,3,EAST
MED-0305,2025-08-01,3,EAST
MED-0305,2025-09-01,3,EAST
MED-0305,2025-10-01,1,EAST
MED-0305,2025-11-01,2,NORTH
MED-0305,2025-12-01,6,EAST
MED-0306,2022-07-01,5,WEST
MED-0306,2022-08-01,0,WEST
MED-0306,2022-09-01,1,NORTH
MED-0306,2022-10-01,9,WEST
MED-0306,2022-11-01,3,SOUTH
MED-0306,2022-12-01,8,WEST
MED-0306,2023-01-01,5,WEST
MED-0306,2023-02-01,4,WEST
MED-0306,2023-03-01,4,WEST
MED-0306,2023-04-01,5,WEST
MED-0306,2023-05-01,5,WEST
MED-0306,2023-06-01,6,EAST
MED-0306,2023-07-01,5,WEST
MED-0306,2023-08-01,0,EAST
MED-0306,2023-09-01,4,WEST
MED-0306,2023-10-01,4,WEST
MED-0306,2023-11-01,8,CENTRAL
MED-0306,2023-12-01,1,EAST
MED-0306,2024-01-01,3,NORTH
MED-0306,2024-02-01,6,NORTH
MED-0306,2024-03-01,2,WEST
MED-0306,2024-04-01,7,WEST
MED-0306,2024-05-01,9,WEST
MED-0306,2024-06-01,9,NORTH
MED-0306,2024-07-01,3,WEST
MED-0306,2024-08-01,4,SOUTH
MED-0306,2024-09-01,3,NORTH
MED-0306,2024-10-01,3,CENTRAL
MED-0306,2024-11-01,2,WEST
MED-0306,2024-12-01,6,WEST
MED-0306,2025-01-01,2,WEST
MED-0306,2025-02-01,2,WEST
MED-0306,2025-03-01,3,WEST
MED-0306,2025-04-01,8,SOUTH
MED-0306,2025-05-01,6,NORTH
MED-0306,2025-06-01,9,CENTRAL
MED-0306,2025-07-01,0,WEST
MED-0306,2025-08-01,4,WEST
MED-0306,2025-09-01,5,NORTH
MED-0306,2025-10-01,5,WEST
MED-0306,2025-11-01,2,WEST
MED-0306,2025-12-01,3,WEST
MED-0307,2023-01-01,4,CENTRAL
MED-0307,2023-02-01,1,CENTRAL
MED-0307,2023-03-01,3,CENTRAL
MED-0307,2023-04-01,0,CENTRAL
MED-0307,2023-05-01,4,CENTRAL
MED-0307,2023-06-01,0,EAST
MED-0307,2023-07-01,4,NORTH
MED-0307,2023-08-01,2,CENTRAL
MED-0307,2023-09-01,2,CENTRAL
MED-0307,2023-10-01,4,CENTRAL
MED-0307,2023-11-01,4,CENTRAL
MED-0307,2023-12-01,2,CENTRAL
MED-0307,2024-01-01,0,WEST
MED-0307,2024-02-01,6,SOUTH
MED-0307,2024-03-01,3,CENTRAL
MED-0307,2024-04-01,1,CENTRAL
MED-0307,2024-05-01,4,CENTRAL
MED-0307,2024-06-01,7,CENTRAL
MED-0307,2024-07-01,2,WEST
MED-0307,2024-08-01,2,NORTH
MED-0307,2024-09-01,5,EAST
MED-0307,2024-10-01,2,CENTRAL
MED-0307,2024-11-01,2,EAST
MED-0307,2024-12-01,1,CENTRAL
MED-0307,2025-01-01,4,CENTRAL
MED-0307,2025-02-01,8,CENTRAL
MED-0307,2025-03-01,2,CENTRAL
MED-0307,2025-04-01,3,CENTRAL
MED-0307,2025-05-01,0,CENTRAL
MED-0307,2025-06-01,1,CENTRAL
MED-0307,2025-07-01,1,EAST
MED-0307,2025-08-01,1,CENTRAL
MED-0307,2025-09-01,3,CENTRAL
MED-0307,2025-10-01,1,CENTRAL
MED-0307,2025-11-01,3,NORTH
MED-0307,2025-12-01,1,CENTRAL
MED-0308,2022-07-01,4,WEST
MED-0308,2022-08-01,6,WEST
MED-0308,2022-09-01,1,NORTH
MED-0308,2022-10-01,2,CENTRAL
MED-0308,2022-11-01,5,WEST
MED-0308,2022-12-01,4,NORTH
MED-0308,2023-01-01,3,NORTH
MED-0308,2023-02-01,4,NORTH
MED-0308,2023-03-01,2,CENTRAL
MED-0308,2023-04-01,5,NORTH
MED-0308,2023-05-01,8,SOUTH
MED-0308,2023-06-01,3,NORTH
MED-0308,2023-07-01,0,NORTH
MED-0308,2023-08-01,3,NORTH
MED-0308,2023-09-01,4,NORTH
MED-0308,2023-10-01,6,CENTRAL
MED-0308,2023-11-01,7,CENTRAL
MED-0308,2023-12-01,2,NORTH
MED-0308,2024-01-01,0,WEST
MED-0308,2024-02-01,3,NORTH
MED-0308,2024-03-01,7,EAST
MED-0308,2024-04-01,5,NORTH
MED-0308,2024-05-01,3,SOUTH
MED-0308,2024-06-01,4,NORTH
MED-0308,2024-07-01,3,NORTH
MED-0308,2024-08-01,3,NORTH
MED-0308,2024-09-01,5,WEST
MED-0308,2024-10-01,3,NORTH
MED-0308,2024-11-01,6,WEST
MED-0308,2024-12-01,12,NORTH
MED-0308,2025-01-01,4,NORTH
MED-0308,2025-02-01,2,EAST
MED-0308,2025-03-01,8,NORTH
MED-0308,2025-04-01,4,CENTRAL
MED-0308,2025-05-01,7,NORTH
MED-0308,2025-06-01,3,EAST
MED-0308,2025-07-01,5,NORTH
MED-0308,2025-08-01,3,NORTH
MED-0308,2025-09-01,8,NORTH
MED-0308,2025-10-01,4,EAST
MED-0308,2025-11-01,4,NORTH
MED-0308,2025-12-01,9,NORTH
MED-0309,2024-07-01,0,EAST
MED-0309,2024-08-01,0,EAST
MED-0309,2024-09-01,9,EAST
MED-0309,2024-10-01,11,EAST
MED-0309,2024-11-01,0,EAST
MED-0309,2024-12-01,0,EAST
MED-0309,2025-01-01,0,WEST
MED-0309,2025-02-01,0,WEST
MED-0309,2025-03-01,0,EAST
MED-0309,2025-04-01,0,EAST
MED-0309,2025-05-01,5,CENTRAL
MED-0309,2025-06-01,0,EAST
MED-0309,2025-07-01,0,CENTRAL
MED-0309,2025-08-01,0,EAST
MED-0309,2025-09-01,0,EAST
MED-0309,2025-10-01,0,EAST
MED-0309,2025-11-01,0,EAST
MED-0309,2025-12-01,0,CENTRAL
MED-0310,2022-01-01,0,NORTH
MED-0310,2022-02-01,3,EAST
MED-0310,2022-03-01,7,CENTRAL
MED-0310,2022-04-01,13,EAST
MED-0310,2022-05-01,6,EAST
MED-0310,2022-06-01,3,EAST
MED-0310,2022-07-01,2,SOUTH
MED-0310,2022-08-01,5,EAST
MED-0310,2022-09-01,16,WEST
MED-0310,2022-10-01,4,EAST
MED-0310,2022-11-01,9,EAST
MED-0310,2022-12-01,10,EAST
MED-0310,2023-01-01,8,EAST
MED-0310,2023-02-01,4,CENTRAL
MED-0310,2023-03-01,6,EAST
MED-0310,2023-04-01,4,EAST
MED-0310,2023-05-01,3,EAST
MED-0310,2023-06-01,3,EAST
MED-0310,2023-07-01,9,CENTRAL
MED-0310,2023-08-01,10,EAST
MED-0310,2023-09-01,2,EAST
MED-0310,2023-10-01,5,EAST
MED-0310,2023-11-01,3,EAST
MED-0310,2023-12-01,6,EAST
MED-0310,2024-01-01,4,EAST
MED-0310,2024-02-01,1,EAST
MED-0310,2024-03-01,6,WEST
MED-0310,2024-04-01,2,WEST
MED-0310,2024-05-01,5,CENTRAL
MED-0310,2024-06-01,7,EAST
MED-0310,2024-07-01,6,EAST
MED-0310,2024-08-01,3,EAST
MED-0310,2024-09-01,5,EAST
MED-0310,2024-10-01,5,EAST
MED-0310,2024-11-01,4,EAST
MED-0310,2024-12-01,3,EAST
MED-0310,2025-01-01,4,WEST
MED-0310,2025-02-01,2,NORTH
MED-0310,2025-03-01,2,CENTRAL
MED-0310,2025-04-01,2,CENTRAL
MED-0310,2025-05-01,4,NORTH
MED-0310,2025-06-01,2,WEST
MED-0310,2025-07-01,10,EAST
MED-0310,2025-08-01,4,EAST
MED-0310,2025-09-01,4,EAST
MED-0310,2025-10-01,5,SOUTH
MED-0310,2025-11-01,4,WEST
MED-0310,2025-12-01,3,EAST
MED-0311,2023-07-01,0,SOUTH
MED-0311,2023-08-01,0,SOUTH
MED-0311,2023-09-01,0,WEST
MED-0311,2023-10-01,0,SOUTH
MED-0311,2023-11-01,3,SOUTH
MED-0311,2023-12-01,0,NORTH
MED-0311,2024-01-01,3,SOUTH
MED-0311,2024-02-01,3,WEST
MED-0311,2024-03-01,6,SOUTH
MED-0311,2024-04-01,0,SOUTH
MED-0311,2024-05-01,0,SOUTH
MED-0311,2024-06-01,0,SOUTH
MED-0311,2024-07-01,0,SOUTH
MED-0311,2024-08-01,5,SOUTH
MED-0311,2024-09-01,0,EAST
MED-0311,2024-10-01,0,SOUTH
MED-0311,2024-11-01,0,SOUTH
MED-0311,2024-12-01,4,CENTRAL
MED-0311,2025-01-01,0,SOUTH
MED-0311,2025-02-01,0,SOUTH
MED-0311,2025-03-01,0,SOUTH
MED-0311,2025-04-01,0,SOUTH
MED-0311,2025-05-01,6,NORTH
MED-0311,2025-06-01,0,SOUTH
MED-0311,2025-07-01,6,SOUTH
MED-0311,2025-08-01,0,NORTH
MED-0311,2025-09-01,0,SOUTH
MED-0311,2025-10-01,0,SOUTH
MED-0311,2025-11-01,0,SOUTH
MED-0311,2025-12-01,3,WEST
MED-0312,2022-01-01,6,CENTRAL
MED-0312,2022-02-01,2,CENTRAL
MED-0312,2022-03-01,2,CENTRAL
MED-0312,2022-04-01,1,EAST
MED-0312,2022-05-01,6,CENTRAL
MED-0312,2022-06-01,6,CENTRAL
MED-0312,2022-07-01,3,NORTH
MED-0312,2022-08-01,3,WEST
MED-0312,2022-09-01,3,SOUTH
MED-0312,2022-10-01,4,CENTRAL
MED-0312,2022-11-01,7,CENTRAL
MED-0312,2022-12-01,4,WEST
MED-0312,2023-01-01,4,CENTRAL
MED-0312,2023-02-01,4,CENTRAL
MED-0312,2023-03-01,2,EAST
MED-0312,2023-04-01,7,CENTRAL
MED-0312,2023-05-01,5,CENTRAL
MED-0312,2023-06-01,20,CENTRAL
MED-0312,2023-07-01,3,CENTRAL
MED-0312,2023-08-01,1,CENTRAL
MED-0312,2023-09-01,3,WEST
MED-0312,2023-10-01,3,CENTRAL
MED-0312,2023-11-01,0,EAST
MED-0312,2023-12-01,4,CENTRAL
MED-0312,2024-01-01,5,WEST
MED-0312,2024-02-01,4,CENTRAL
MED-0312,2024-03-01,6,CENTRAL
MED-0312,2024-04-01,2,WEST
MED-0312,2024-05-01,4,WEST
MED-0312,2024-06-01,2,CENTRAL
MED-0312,2024-07-01,5,WEST
MED-0312,2024-08-01,3,CENTRAL
MED-0312,2024-09-01,5,WEST
MED-0312,2024-10-01,4,CENTRAL
MED-0312,2024-11-01,3,SOUTH
MED-0312,2024-12-01,2,EAST
MED-0312,2025-01-01,2,NORTH
MED-0312,2025-02-01,6,CENTRAL
MED-0312,2025-03-01,4,CENTRAL
MED-0312,2025-04-01,6,NORTH
MED-0312,2025-05-01,2,CENTRAL
MED-0312,2025-06-01,6,EAST
MED-0312,2025-07-01,5,EAST
MED-0312,2025-08-01,1,CENTRAL
MED-0312,2025-09-01,3,CENTRAL
MED-0312,2025-10-01,0,CENTRAL
MED-0312,2025-11-01,4,CENTRAL
MED-0312,2025-12-01,1,CENTRAL
MED-0313,2022-01-01,11,EAST
MED-0313,2022-02-01,11,EAST
MED-0313,2022-03-01,5,NORTH
MED-0313,2022-04-01,0,EAST
MED-0313,2022-05-01,5,WEST
MED-0313,2022-06-01,2,SOUTH
MED-0313,2022-07-01,7,EAST
MED-0313,2022-08-01,2,EAST
MED-0313,2022-09-01,8,NORTH
MED-0313,2022-10-01,4,WEST
MED-0313,2022-11-01,9,EAST
MED-0313,2022-12-01,8,WEST
MED-0313,2023-01-01,4,EAST
MED-0313,2023-02-01,7,EAST
MED-0313,2023-03-01,3,EAST
MED-0313,2023-04-01,4,EAST
MED-0313,2023-05-01,5,EAST
MED-0313,2023-06-01,5,EAST
MED-0313,2023-07-01,6,EAST
MED-0313,2023-08-01,6,EAST
MED-0313,2023-09-01,2,EAST
MED-0313,2023-10-01,7,EAST
MED-0313,2023-11-01,9,EAST
MED-0313,2023-12-01,10,EAST
MED-0313,2024-01-01,8,EAST
MED-0313,2024-02-01,7,EAST
MED-0313,2024-03-01,9,EAST
MED-0313,2024-04-01,9,EAST
MED-0313,2024-05-01,9,EAST
MED-0313,2024-06-01,10,EAST
MED-0313,2024-07-01,6,EAST
MED-0313,2024-08-01,14,CENTRAL
MED-0313,2024-09-01,5,EAST
MED-0313,2024-10-01,7,EAST
MED-0313,2024-11-01,3,WEST
MED-0313,2024-12-01,5,EAST
MED-0313,2025-01-01,8,EAST
MED-0313,2025-02-01,7,EAST
MED-0313,2025-03-01,5,EAST
MED-0313,2025-04-01,8,EAST
MED-0313,2025-05-01,4,EAST
MED-0313,2025-06-01,7,EAST
MED-0313,2025-07-01,4,CENTRAL
MED-0313,2025-08-01,6,EAST
MED-0313,2025-09-01,4,NORTH
MED-0313,2025-10-01,8,CENTRAL
MED-0313,2025-11-01,5,WEST
MED-0313,2025-12-01,6,EAST
MED-0314,2023-07-01,2,EAST
MED-0314,2023-08-01,4,EAST
MED-0314,2023-09-01,3,WEST
MED-0314,2023-10-01,4,EAST
MED-0314,2023-11-01,4,EAST
MED-0314,2023-12-01,5,EAST
MED-0314,2024-01-01,11,EAST
MED-0314,2024-02-01,1,CENTRAL
MED-0314,2024-03-01,3,EAST
MED-0314,2024-04-01,0,NORTH
MED-0314,2024-05-01,4,EAST
MED-0314,2024-06-01,1,EAST
MED-0314,2024-07-01,3,EAST
MED-0314,2024-08-01,0,EAST
MED-0314,2024-09-01,3,EAST
MED-0314,2024-10-01,5,EAST
MED-0314,2024-11-01,3,EAST
MED-0314,2024-12-01,10,EAST
MED-0314,2025-01-01,7,EAST
MED-0314,2025-02-01,4,EAST
MED-0314,2025-03-01,1,NORTH
MED-0314,2025-04-01,11,CENTRAL
MED-0314,2025-05-01,1,EAST
MED-0314,2025-06-01,7,EAST
MED-0314,2025-07-01,4,CENTRAL
MED-0314,2025-08-01,6,EAST
MED-0314,2025-09-01,4,EAST
MED-0314,2025-10-01,6,EAST
MED-0314,2025-11-01,2,WEST
MED-0314,2025-12-01,7,NORTH
MED-0315,2022-07-01,0,NORTH
MED-0315,2022-08-01,0,NORTH
MED-0315,2022-09-01,0,NORTH
MED-0315,2022-10-01,0,EAST
MED-0315,2022-11-01,0,NORTH
MED-0315,2022-12-01,0,NORTH
MED-0315,2023-01-01,0,NORTH
MED-0315,2023-02-01,1,NORTH
MED-0315,2023-03-01,4,NORTH
MED-0315,2023-04-01,0,NORTH
MED-0315,2023-05-01,0,NORTH
MED-0315,2023-06-01,3,WEST
MED-0315,2023-07-01,1,WEST
MED-0315,2023-08-01,0,SOUTH
MED-0315,2023-09-01,1,NORTH
MED-0315,2023-10-01,0,NORTH
MED-0315,2023-11-01,0,SOUTH
MED-0315,2023-12-01,0,CENTRAL
MED-0315,2024-01-01,4,NORTH
MED-0315,2024-02-01,0,NORTH
MED-0315,2024-03-01,3,EAST
MED-0315,2024-04-01,0,WEST
MED-0315,2024-05-01,0,NORTH
MED-0315,2024-06-01,0,NORTH
MED-0315,2024-07-01,2,EAST
MED-0315,2024-08-01,0,WEST
MED-0315,2024-09-01,3,NORTH
MED-0315,2024-10-01,0,NORTH
MED-0315,2024-11-01,0,SOUTH
MED-0315,2024-12-01,0,EAST
MED-0315,2025-01-01,0,SOUTH
MED-0315,2025-02-01,5,SOUTH
MED-0315,2025-03-01,0,SOUTH
MED-0315,2025-04-01,0,NORTH
MED-0315,2025-05-01,0,NORTH
MED-0315,2025-06-01,0,NORTH
MED-0315,2025-07-01,0,NORTH
MED-0315,2025-08-01,5,NORTH
MED-0315,2025-09-01,0,WEST
MED-0315,2025-10-01,0,EAST
MED-0315,2025-11-01,0,NORTH
MED-0315,2025-12-01,0,NORTH
MED-0316,2024-07-01,0,NORTH
MED-0316,2024-08-01,0,NORTH
MED-0316,2024-09-01,0,SOUTH
MED-0316,2024-10-01,0,NORTH
MED-0316,2024-11-01,3,NORTH
MED-0316,2024-12-01,0,NORTH
MED-0316,2025-01-01,0,NORTH
MED-0316,2025-02-01,7,NORTH
MED-0316,2025-03-01,0,NORTH
MED-0316,2025-04-01,0,NORTH
MED-0316,2025-05-01,0,NORTH
MED-0316,2025-06-01,0,NORTH
MED-0316,2025-07-01,0,NORTH
MED-0316,2025-08-01,0,NORTH
MED-0316,2025-09-01,10,SOUTH
MED-0316,2025-10-01,8,SOUTH
MED-0316,2025-11-01,0,NORTH
MED-0316,2025-12-01,0,NORTH
MED-0317,2022-01-01,14,SOUTH
MED-0317,2022-02-01,5,NORTH
MED-0317,2022-03-01,13,NORTH
MED-0317,2022-04-01,14,SOUTH
MED-0317,2022-05-01,8,EAST
MED-0317,2022-06-01,0,NORTH
MED-0317,2022-07-01,6,NORTH
MED-0317,2022-08-01,6,CENTRAL
MED-0317,2022-09-01,11,NORTH
MED-0317,2022-10-01,2,NORTH
MED-0317,2022-11-01,6,NORTH
MED-0317,2022-12-01,7,NORTH
MED-0317,2023-01-01,6,NORTH
MED-0317,2023-02-01,6,EAST
MED-0317,2023-03-01,5,NORTH
MED-0317,2023-04-01,7,NORTH
MED-0317,2023-05-01,2,NORTH
MED-0317,2023-06-01,3,NORTH
MED-0317,2023-07-01,7,EAST
MED-0317,2023-08-01,7,NORTH
MED-0317,2023-09-01,0,CENTRAL
MED-0317,2023-10-01,4,CENTRAL
MED-0317,2023-11-01,5,WEST
MED-0317,2023-12-01,2,NORTH
MED-0317,2024-01-01,2,NORTH
MED-0317,2024-02-01,3,NORTH
MED-0317,2024-03-01,4,NORTH
MED-0317,2024-04-01,2,EAST
MED-0317,2024-05-01,5,NORTH
MED-0317,2024-06-01,6,WEST
MED-0317,2024-07-01,5,NORTH
MED-0317,2024-08-01,9,NORTH
MED-0317,2024-09-01,0,NORTH
MED-0317,2024-10-01,8,EAST
MED-0317,2024-11-01,12,NORTH
MED-0317,2024-12-01,5,NORTH
MED-0317,2025-01-01,7,WEST
MED-0317,2025-02-01,8,NORTH
MED-0317,2025-03-01,2,NORTH
MED-0317,2025-04-01,0,NORTH
MED-0317,2025-05-01,7,NORTH
MED-0317,2025-06-01,4,SOUTH
MED-0317,2025-07-01,6,WEST
MED-0317,2025-08-01,3,NORTH
MED-0317,2025-09-01,3,WEST
MED-0317,2025-10-01,10,NORTH
MED-0317,2025-11-01,9,NORTH
MED-0317,2025-12-01,4,NORTH
MED-0318,2023-01-01,0,EAST
MED-0318,2023-02-01,0,WEST
MED-0318,2023-03-01,0,EAST
MED-0318,2023-04-01,0,EAST
MED-0318,2023-05-01,0,WEST
MED-0318,2023-06-01,0,NORTH
MED-0318,2023-07-01,0,WEST
MED-0318,2023-08-01,0,EAST
MED-0318,2023-09-01,5,EAST
MED-0318,2023-10-01,0,SOUTH
MED-0318,2023-11-01,14,EAST
MED-0318,2023-12-01,0,EAST
MED-0318,2024-01-01,0,SOUTH
MED-0318,2024-02-01,0,EAST
MED-0318,2024-03-01,0,SOUTH
MED-0318,2024-04-01,0,EAST
MED-0318,2024-05-01,0,EAST
MED-0318,2024-06-01,13,EAST
MED-0318,2024-07-01,0,EAST
MED-0318,2024-08-01,0,EAST
MED-0318,2024-09-01,0,EAST
MED-0318,2024-10-01,0,EAST
MED-0318,2024-11-01,0,EAST
MED-0318,2024-12-01,0,EAST
MED-0318,2025-01-01,0,EAST
MED-0318,2025-02-01,0,EAST
MED-0318,2025-03-01,0,EAST
MED-0318,2025-04-01,22,EAST
MED-0318,2025-05-01,0,EAST
MED-0318,2025-06-01,20,NORTH
MED-0318,2025-07-01,0,EAST
MED-0318,2025-08-01,0,EAST
MED-0318,2025-09-01,0,EAST
MED-0318,2025-10-01,0,SOUTH
MED-0318,2025-11-01,0,CENTRAL
MED-0318,2025-12-01,0,EAST
MED-0319,2023-01-01,0,EAST
MED-0319,2023-02-01,0,WEST
MED-0319,2023-03-01,0,NORTH
MED-0319,2023-04-01,0,SOUTH
MED-0319,2023-05-01,3,EAST
MED-0319,2023-06-01,7,EAST
MED-0319,2023-07-01,3,EAST
MED-0319,2023-08-01,0,EAST
MED-0319,2023-09-01,0,EAST
MED-0319,2023-10-01,0,EAST
MED-0319,2023-11-01,0,EAST
MED-0319,2023-12-01,4,EAST
MED-0319,2024-01-01,4,EAST
MED-0319,2024-02-01,8,EAST
MED-0319,2024-03-01,0,EAST
MED-0319,2024-04-01,0,EAST
MED-0319,2024-05-01,0,NORTH
MED-0319,2024-06-01,6,EAST
MED-0319,2024-07-01,0,EAST
MED-0319,2024-08-01,3,WEST
MED-0319,2024-09-01,3,SOUTH
MED-0319,2024-10-01,0,EAST
MED-0319,2024-11-01,0,SOUTH
MED-0319,2024-12-01,5,EAST
MED-0319,2025-01-01,0,EAST
MED-0319,2025-02-01,7,NORTH
MED-0319,2025-03-01,0,EAST
MED-0319,2025-04-01,4,CENTRAL
MED-0319,2025-05-01,0,SOUTH
MED-0319,2025-06-01,4,EAST
MED-0319,2025-07-01,0,EAST
MED-0319,2025-08-01,0,EAST
MED-0319,2025-09-01,0,WEST
MED-0319,2025-10-01,5,EAST
MED-0319,2025-11-01,3,SOUTH
MED-0319,2025-12-01,0,EAST
MED-0320,2024-07-01,5,EAST
MED-0320,2024-08-01,6,EAST
MED-0320,2024-09-01,2,EAST
MED-0320,2024-10-01,4,EAST
MED-0320,2024-11-01,3,CENTRAL
MED-0320,2024-12-01,1,EAST
MED-0320,2025-01-01,3,EAST
MED-0320,2025-02-01,6,EAST
MED-0320,2025-03-01,5,EAST
MED-0320,2025-04-01,2,EAST
MED-0320,2025-05-01,0,EAST
MED-0320,2025-06-01,4,EAST
MED-0320,2025-07-01,7,EAST
MED-0320,2025-08-01,2,EAST
MED-0320,2025-09-01,1,NORTH
MED-0320,2025-10-01,2,EAST
MED-0320,2025-11-01,4,EAST
MED-0320,2025-12-01,4,EAST
MED-0321,2022-01-01,0,CENTRAL
MED-0321,2022-02-01,0,CENTRAL
MED-0321,2022-03-01,0,CENTRAL
MED-0321,2022-04-01,0,CENTRAL
MED-0321,2022-05-01,0,SOUTH
MED-0321,2022-06-01,0,CENTRAL
MED-0321,2022-07-01,12,CENTRAL
MED-0321,2022-08-01,0,CENTRAL
MED-0321,2022-09-01,0,SOUTH
MED-0321,2022-10-01,0,NORTH
MED-0321,2022-11-01,0,CENTRAL
MED-0321,2022-12-01,0,CENTRAL
MED-0321,2023-01-01,0,CENTRAL
MED-0321,2023-02-01,0,CENTRAL
MED-0321,2023-03-01,8,CENTRAL
MED-0321,2023-04-01,0,CENTRAL
MED-0321,2023-05-01,10,CENTRAL
MED-0321,2023-06-01,0,WEST
MED-0321,2023-07-01,0,CENTRAL
MED-0321,2023-08-01,11,CENTRAL
MED-0321,2023-09-01,0,WEST
MED-0321,2023-10-01,0,CENTRAL
MED-0321,2023-11-01,16,CENTRAL
MED-0321,2023-12-01,0,CENTRAL
MED-0321,2024-01-01,0,CENTRAL
MED-0321,2024-02-01,0,CENTRAL
MED-0321,2024-03-01,0,CENTRAL
MED-0321,2024-04-01,0,EAST
MED-0321,2024-05-01,18,CENTRAL
MED-0321,2024-06-01,0,CENTRAL
MED-0321,2024-07-01,7,CENTRAL
MED-0321,2024-08-01,0,EAST
MED-0321,2024-09-01,0,CENTRAL
MED-0321,2024-10-01,0,EAST
MED-0321,2024-11-01,0,CENTRAL
MED-0321,2024-12-01,0,NORTH
MED-0321,2025-01-01,0,CENTRAL
MED-0321,2025-02-01,0,EAST
MED-0321,2025-03-01,34,CENTRAL
MED-0321,2025-04-01,0,CENTRAL
MED-0321,2025-05-01,0,CENTRAL
MED-0321,2025-06-01,3,CENTRAL
MED-0321,2025-07-01,0,CENTRAL
MED-0321,2025-08-01,0,CENTRAL
MED-0321,2025-09-01,0,CENTRAL
MED-0321,2025-10-01,0,EAST
MED-0321,2025-11-01,11,CENTRAL
MED-0321,2025-12-01,0,CENTRAL
MED-0322,2024-07-01,2,WEST
MED-0322,2024-08-01,7,EAST
MED-0322,2024-09-01,2,NORTH
MED-0322,2024-10-01,5,EAST
MED-0322,2024-11-01,6,EAST
MED-0322,2024-12-01,4,EAST
MED-0322,2025-01-01,1,EAST
MED-0322,2025-02-01,3,EAST
MED-0322,2025-03-01,4,EAST
MED-0322,2025-04-01,6,EAST
MED-0322,2025-05-01,1,EAST
MED-0322,2025-06-01,3,EAST
MED-0322,2025-07-01,5,EAST
MED-0322,2025-08-01,4,EAST
MED-0322,2025-09-01,8,EAST
MED-0322,2025-10-01,0,EAST
MED-0322,2025-11-01,7,EAST
MED-0322,2025-12-01,2,NORTH
MED-0323,2022-01-01,0,NORTH
MED-0323,2022-02-01,0,EAST
MED-0323,2022-03-01,2,CENTRAL
MED-0323,2022-04-01,1,CENTRAL
MED-0323,2022-05-01,2,NORTH
MED-0323,2022-06-01,0,CENTRAL
MED-0323,2022-07-01,0,CENTRAL
MED-0323,2022-08-01,0,CENTRAL
MED-0323,2022-09-01,0,EAST
MED-0323,2022-10-01,0,CENTRAL
MED-0323,2022-11-01,0,CENTRAL
MED-0323,2022-12-01,0,SOUTH
MED-0323,2023-01-01,0,CENTRAL
MED-0323,2023-02-01,0,CENTRAL
MED-0323,2023-03-01,0,NORTH
MED-0323,2023-04-01,2,CENTRAL
MED-0323,2023-05-01,0,CENTRAL
MED-0323,2023-06-01,0,EAST
MED-0323,2023-07-01,0,CENTRAL
MED-0323,2023-08-01,5,CENTRAL
MED-0323,2023-09-01,0,CENTRAL
MED-0323,2023-10-01,0,CENTRAL
MED-0323,2023-11-01,0,CENTRAL
MED-0323,2023-12-01,4,CENTRAL
MED-0323,2024-01-01,0,WEST
MED-0323,2024-02-01,7,CENTRAL
MED-0323,2024-03-01,0,CENTRAL
MED-0323,2024-04-01,0,CENTRAL
MED-0323,2024-05-01,0,NORTH
MED-0323,2024-06-01,0,CENTRAL
MED-0323,2024-07-01,0,CENTRAL
MED-0323,2024-08-01,0,CENTRAL
MED-0323,2024-09-01,9,CENTRAL
MED-0323,2024-10-01,0,WEST
MED-0323,2024-11-01,0,CENTRAL
MED-0323,2024-12-01,0,CENTRAL
MED-0323,2025-01-01,0,NORTH
MED-0323,2025-02-01,12,CENTRAL
MED-0323,2025-03-01,0,NORTH
MED-0323,2025-04-01,0,EAST
MED-0323,2025-05-01,0,EAST
MED-0323,2025-06-01,0,WEST
MED-0323,2025-07-01,0,CENTRAL
MED-0323,2025-08-01,3,WEST
MED-0323,2025-09-01,0,CENTRAL
MED-0323,2025-10-01,0,NORTH
MED-0323,2025-11-01,0,CENTRAL
MED-0323,2025-12-01,0,SOUTH
MED-0324,2022-01-01,6,EAST
MED-0324,2022-02-01,10,EAST
MED-0324,2022-03-01,2,EAST
MED-0324,2022-04-01,11,EAST
MED-0324,2022-05-01,9,EAST
MED-0324,2022-06-01,10,EAST
MED-0324,2022-07-01,17,EAST
MED-0324,2022-08-01,8,EAST
MED-0324,2022-09-01,7,EAST
MED-0324,2022-10-01,4,NORTH
MED-0324,2022-11-01,10,EAST
MED-0324,2022-12-01,10,SOUTH
MED-0324,2023-01-01,8,EAST
MED-0324,2023-02-01,7,EAST
MED-0324,2023-03-01,4,EAST
MED-0324,2023-04-01,7,EAST
MED-0324,2023-05-01,6,EAST
MED-0324,2023-06-01,3,EAST
MED-0324,2023-07-01,5,SOUTH
MED-0324,2023-08-01,8,EAST
MED-0324,2023-09-01,4,WEST
MED-0324,2023-10-01,9,EAST
MED-0324,2023-11-01,6,EAST
MED-0324,2023-12-01,9,EAST
MED-0324,2024-01-01,5,EAST
MED-0324,2024-02-01,4,SOUTH
MED-0324,2024-03-01,3,EAST
MED-0324,2024-04-01,3,EAST
MED-0324,2024-05-01,12,CENTRAL
MED-0324,2024-06-01,4,EAST
MED-0324,2024-07-01,5,EAST
MED-0324,2024-08-01,11,SOUTH
MED-0324,2024-09-01,8,SOUTH
MED-0324,2024-10-01,3,EAST
MED-0324,2024-11-01,5,EAST
MED-0324,2024-12-01,9,EAST
MED-0324,2025-01-01,4,WEST
MED-0324,2025-02-01,7,NORTH
MED-0324,2025-03-01,4,EAST
MED-0324,2025-04-01,6,EAST
MED-0324,2025-05-01,4,EAST
MED-0324,2025-06-01,3,EAST
MED-0324,2025-07-01,4,EAST
MED-0324,2025-08-01,10,WEST
MED-0324,2025-09-01,7,SOUTH
MED-0324,2025-10-01,4,NORTH
MED-0324,2025-11-01,8,EAST
MED-0324,2025-12-01,6,EAST
MED-0325,2022-07-01,0,NORTH
MED-0325,2022-08-01,0,EAST
MED-0325,2022-09-01,0,WEST
MED-0325,2022-10-01,0,NORTH
MED-0325,2022-11-01,7,WEST
MED-0325,2022-12-01,0,NORTH
MED-0325,2023-01-01,0,SOUTH
MED-0325,2023-02-01,0,CENTRAL
MED-0325,2023-03-01,0,NORTH
MED-0325,2023-04-01,18,NORTH
MED-0325,2023-05-01,0,NORTH
MED-0325,2023-06-01,0,NORTH
MED-0325,2023-07-01,0,NORTH
MED-0325,2023-08-01,0,SOUTH
MED-0325,2023-09-01,0,NORTH
MED-0325,2023-10-01,0,NORTH
MED-0325,2023-11-01,0,EAST
MED-0325,2023-12-01,0,NORTH
MED-0325,2024-01-01,26,NORTH
MED-0325,2024-02-01,0,SOUTH
MED-0325,2024-03-01,0,NORTH
MED-0325,2024-04-01,0,NORTH
MED-0325,2024-05-01,0,SOUTH
MED-0325,2024-06-01,0,NORTH
MED-0325,2024-07-01,0,NORTH
MED-0325,2024-08-01,0,WEST
MED-0325,2024-09-01,0,NORTH
MED-0325,2024-10-01,0,NORTH
MED-0325,2024-11-01,16,CENTRAL
MED-0325,2024-12-01,15,NORTH
MED-0325,2025-01-01,0,NORTH
MED-0325,2025-02-01,0,NORTH
MED-0325,2025-03-01,15,WEST
MED-0325,2025-04-01,0,NORTH
MED-0325,2025-05-01,0,NORTH
MED-0325,2025-06-01,0,SOUTH
MED-0325,2025-07-01,0,NORTH
MED-0325,2025-08-01,0,NORTH
MED-0325,2025-09-01,0,NORTH
MED-0325,2025-10-01,37,SOUTH
MED-0325,2025-11-01,12,CENTRAL
MED-0325,2025-12-01,0,NORTH
MED-0326,2022-01-01,0,EAST
MED-0326,2022-02-01,0,EAST
MED-0326,2022-03-01,0,EAST
MED-0326,2022-04-01,0,WEST
MED-0326,2022-05-01,0,CENTRAL
MED-0326,2022-06-01,6,EAST
MED-0326,2022-07-01,0,CENTRAL
MED-0326,2022-08-01,0,EAST
MED-0326,2022-09-01,0,EAST
MED-0326,2022-10-01,0,EAST
MED-0326,2022-11-01,0,EAST
MED-0326,2022-12-01,0,NORTH
MED-0326,2023-01-01,0,EAST
MED-0326,2023-02-01,0,EAST
MED-0326,2023-03-01,0,EAST
MED-0326,2023-04-01,0,EAST
MED-0326,2023-05-01,24,NORTH
MED-0326,2023-06-01,0,EAST
MED-0326,2023-07-01,0,EAST
MED-0326,2023-08-01,0,WEST
MED-0326,2023-09-01,0,SOUTH
MED-0326,2023-10-01,21,EAST
MED-0326,2023-11-01,0,EAST
MED-0326,2023-12-01,0,EAST
MED-0326,2024-01-01,0,SOUTH
MED-0326,2024-02-01,0,EAST
MED-0326,2024-03-01,0,EAST
MED-0326,2024-04-01,0,EAST
MED-0326,2024-05-01,73,EAST
MED-0326,2024-06-01,0,EAST
MED-0326,2024-07-01,0,EAST
MED-0326,2024-08-01,0,EAST
MED-0326,2024-09-01,0,EAST
MED-0326,2024-10-01,0,WEST
MED-0326,2024-11-01,0,EAST
MED-0326,2024-12-01,0,EAST
MED-0326,2025-01-01,0,WEST
MED-0326,2025-02-01,0,EAST
MED-0326,2025-03-01,0,EAST
MED-0326,2025-04-01,0,EAST
MED-0326,2025-05-01,0,SOUTH
MED-0326,2025-06-01,0,EAST
MED-0326,2025-07-01,0,EAST
MED-0326,2025-08-01,0,EAST
MED-0326,2025-09-01,0,EAST
MED-0326,2025-10-01,0,EAST
MED-0326,2025-11-01,0,NORTH
MED-0326,2025-12-01,0,EAST
MED-0327,2023-01-01,6,SOUTH
MED-0327,2023-02-01,0,EAST
MED-0327,2023-03-01,9,EAST
MED-0327,2023-04-01,7,EAST
MED-0327,2023-05-01,5,EAST
MED-0327,2023-06-01,3,EAST
MED-0327,2023-07-01,7,EAST
MED-0327,2023-08-01,5,EAST
MED-0327,2023-09-01,4,EAST
MED-0327,2023-10-01,3,EAST
MED-0327,2023-11-01,6,NORTH
MED-0327,2023-12-01,6,EAST
MED-0327,2024-01-01,4,EAST
MED-0327,2024-02-01,6,EAST
MED-0327,2024-03-01,4,EAST
MED-0327,2024-04-01,2,CENTRAL
MED-0327,2024-05-01,11,EAST
MED-0327,2024-06-01,5,CENTRAL
MED-0327,2024-07-01,6,EAST
MED-0327,2024-08-01,7,EAST
MED-0327,2024-09-01,5,EAST
MED-0327,2024-10-01,6,EAST
MED-0327,2024-11-01,7,EAST
MED-0327,2024-12-01,3,EAST
MED-0327,2025-01-01,3,EAST
MED-0327,2025-02-01,4,WEST
MED-0327,2025-03-01,6,EAST
MED-0327,2025-04-01,10,EAST
MED-0327,2025-05-01,6,EAST
MED-0327,2025-06-01,10,EAST
MED-0327,2025-07-01,2,EAST
MED-0327,2025-08-01,8,EAST
MED-0327,2025-09-01,6,CENTRAL
MED-0327,2025-10-01,7,EAST
MED-0327,2025-11-01,5,EAST
MED-0327,2025-12-01,9,CENTRAL
MED-0328,2022-07-01,0,EAST
MED-0328,2022-08-01,0,WEST
MED-0328,2022-09-01,0,NORTH
MED-0328,2022-10-01,0,WEST
MED-0328,2022-11-01,0,EAST
MED-0328,2022-12-01,0,SOUTH
MED-0328,2023-01-01,0,CENTRAL
MED-0328,2023-02-01,0,EAST
MED-0328,2023-03-01,0,WEST
MED-0328,2023-04-01,0,EAST
MED-0328,2023-05-01,0,EAST
MED-0328,2023-06-01,0,WEST
MED-0328,2023-07-01,0,WEST
MED-0328,2023-08-01,0,EAST
MED-0328,2023-09-01,0,WEST
MED-0328,2023-10-01,1,SOUTH
MED-0328,2023-11-01,1,EAST
MED-0328,2023-12-01,0,SOUTH
MED-0328,2024-01-01,3,WEST
MED-0328,2024-02-01,0,WEST
MED-0328,2024-03-01,0,WEST
MED-0328,2024-04-01,3,WEST
MED-0328,2024-05-01,0,WEST
MED-0328,2024-06-01,0,WEST
MED-0328,2024-07-01,0,WEST
MED-0328,2024-08-01,2,WEST
MED-0328,2024-09-01,0,WEST
MED-0328,2024-10-01,8,WEST
MED-0328,2024-11-01,0,WEST
MED-0328,2024-12-01,0,SOUTH
MED-0328,2025-01-01,3,WEST
MED-0328,2025-02-01,0,EAST
MED-0328,2025-03-01,0,WEST
MED-0328,2025-04-01,0,SOUTH
MED-0328,2025-05-01,0,WEST
MED-0328,2025-06-01,0,WEST
MED-0328,2025-07-01,3,WEST
MED-0328,2025-08-01,0,EAST
MED-0328,2025-09-01,8,WEST
MED-0328,2025-10-01,0,WEST
MED-0328,2025-11-01,0,WEST
MED-0328,2025-12-01,6,WEST
MED-0329,2023-01-01,0,WEST
MED-0329,2023-02-01,0,WEST
MED-0329,2023-03-01,5,WEST
MED-0329,2023-04-01,6,NORTH
MED-0329,2023-05-01,7,WEST
MED-0329,2023-06-01,0,WEST
MED-0329,2023-07-01,0,WEST
MED-0329,2023-08-01,8,SOUTH
MED-0329,2023-09-01,0,WEST
MED-0329,2023-10-01,0,EAST
MED-0329,2023-11-01,0,WEST
MED-0329,2023-12-01,0,WEST
MED-0329,2024-01-01,0,EAST
MED-0329,2024-02-01,5,WEST
MED-0329,2024-03-01,0,WEST
MED-0329,2024-04-01,0,WEST
MED-0329,2024-05-01,9,EAST
MED-0329,2024-06-01,0,CENTRAL
MED-0329,2024-07-01,0,NORTH
MED-0329,2024-08-01,6,WEST
MED-0329,2024-09-01,0,WEST
MED-0329,2024-10-01,0,WEST
MED-0329,2024-11-01,4,WEST
MED-0329,2024-12-01,0,SOUTH
MED-0329,2025-01-01,8,WEST
MED-0329,2025-02-01,0,WEST
MED-0329,2025-03-01,0,WEST
MED-0329,2025-04-01,0,EAST
MED-0329,2025-05-01,0,WEST
MED-0329,2025-06-01,7,WEST
MED-0329,2025-07-01,0,WEST
MED-0329,2025-08-01,0,WEST
MED-0329,2025-09-01,7,WEST
MED-0329,2025-10-01,0,WEST
MED-0329,2025-11-01,7,CENTRAL
MED-0329,2025-12-01,0,WEST
MED-0330,2022-01-01,3,WEST
MED-0330,2022-02-01,7,WEST
MED-0330,2022-03-01,1,WEST
MED-0330,2022-04-01,1,WEST
MED-0330,2022-05-01,0,WEST
MED-0330,2022-06-01,4,EAST
MED-0330,2022-07-01,2,CENTRAL
MED-0330,2022-08-01,1,WEST
MED-0330,2022-09-01,3,NORTH
MED-0330,2022-10-01,0,EAST
MED-0330,2022-11-01,5,CENTRAL
MED-0330,2022-12-01,1,WEST
MED-0330,2023-01-01,1,WEST
MED-0330,2023-02-01,1,WEST
MED-0330,2023-03-01,2,CENTRAL
MED-0330,2023-04-01,8,WEST
MED-0330,2023-05-01,6,WEST
MED-0330,2023-06-01,5,WEST
MED-0330,2023-07-01,4,SOUTH
MED-0330,2023-08-01,2,WEST
MED-0330,2023-09-01,4,WEST
MED-0330,2023-10-01,1,WEST
MED-0330,2023-11-01,4,NORTH
MED-0330,2023-12-01,4,WEST
MED-0330,2024-01-01,3,WEST
MED-0330,2024-02-01,5,WEST
MED-0330,2024-03-01,2,NORTH
MED-0330,2024-04-01,6,WEST
MED-0330,2024-05-01,3,WEST
MED-0330,2024-06-01,0,WEST
MED-0330,2024-07-01,2,WEST
MED-0330,2024-08-01,6,WEST
MED-0330,2024-09-01,1,EAST
MED-0330,2024-10-01,2,SOUTH
MED-0330,2024-11-01,0,WEST
MED-0330,2024-12-01,1,WEST
MED-0330,2025-01-01,7,WEST
MED-0330,2025-02-01,6,WEST
MED-0330,2025-03-01,1,WEST
MED-0330,2025-04-01,8,WEST
MED-0330,2025-05-01,13,WEST
MED-0330,2025-06-01,1,WEST
MED-0330,2025-07-01,0,CENTRAL
MED-0330,2025-08-01,6,WEST
MED-0330,2025-09-01,3,WEST
MED-0330,2025-10-01,3,WEST
MED-0330,2025-11-01,11,WEST
MED-0330,2025-12-01,5,WEST
MED-0331,2022-07-01,4,NORTH
MED-0331,2022-08-01,4,NORTH
MED-0331,2022-09-01,2,NORTH
MED-0331,2022-10-01,2,NORTH
MED-0331,2022-11-01,5,NORTH
MED-0331,2022-12-01,3,NORTH
MED-0331,2023-01-01,5,NORTH
MED-0331,2023-02-01,4,EAST
MED-0331,2023-03-01,5,NORTH
MED-0331,2023-04-01,2,NORTH
MED-0331,2023-05-01,3,NORTH
MED-0331,2023-06-01,4,EAST
MED-0331,2023-07-01,0,SOUTH
MED-0331,2023-08-01,3,NORTH
MED-0331,2023-09-01,2,NORTH
MED-0331,2023-10-01,1,CENTRAL
MED-0331,2023-11-01,3,NORTH
MED-0331,2023-12-01,2,EAST
MED-0331,2024-01-01,2,NORTH
MED-0331,2024-02-01,5,NORTH
MED-0331,2024-03-01,6,NORTH
MED-0331,2024-04-01,8,NORTH
MED-0331,2024-05-01,0,NORTH
MED-0331,2024-06-01,2,WEST
MED-0331,2024-07-01,2,NORTH
MED-0331,2024-08-01,3,NORTH
MED-0331,2024-09-01,5,CENTRAL
MED-0331,2024-10-01,1,NORTH
MED-0331,2024-11-01,5,NORTH
MED-0331,2024-12-01,2,NORTH
MED-0331,2025-01-01,5,NORTH
MED-0331,2025-02-01,2,NORTH
MED-0331,2025-03-01,2,NORTH
MED-0331,2025-04-01,5,SOUTH
MED-0331,2025-05-01,2,WEST
MED-0331,2025-06-01,5,NORTH
MED-0331,2025-07-01,1,EAST
MED-0331,2025-08-01,0,NORTH
MED-0331,2025-09-01,8,EAST
MED-0331,2025-10-01,3,NORTH
MED-0331,2025-11-01,0,NORTH
MED-0331,2025-12-01,4,NORTH
MED-0332,2022-07-01,3,EAST
MED-0332,2022-08-01,0,WEST
MED-0332,2022-09-01,0,CENTRAL
MED-0332,2022-10-01,0,CENTRAL
MED-0332,2022-11-01,3,WEST
MED-0332,2022-12-01,0,WEST
MED-0332,2023-01-01,0,WEST
MED-0332,2023-02-01,0,WEST
MED-0332,2023-03-01,0,EAST
MED-0332,2023-04-01,0,NORTH
MED-0332,2023-05-01,0,WEST
MED-0332,2023-06-01,5,WEST
MED-0332,2023-07-01,0,EAST
MED-0332,2023-08-01,0,CENTRAL
MED-0332,2023-09-01,0,WEST
MED-0332,2023-10-01,8,WEST
MED-0332,2023-11-01,0,WEST
MED-0332,2023-12-01,0,CENTRAL
MED-0332,2024-01-01,3,WEST
MED-0332,2024-02-01,0,WEST
MED-0332,2024-03-01,0,EAST
MED-0332,2024-04-01,4,WEST
MED-0332,2024-05-01,4,SOUTH
MED-0332,2024-06-01,2,CENTRAL
MED-0332,2024-07-01,0,WEST
MED-0332,2024-08-01,3,WEST
MED-0332,2024-09-01,2,WEST
MED-0332,2024-10-01,0,WEST
MED-0332,2024-11-01,0,WEST
MED-0332,2024-12-01,0,WEST
MED-0332,2025-01-01,0,WEST
MED-0332,2025-02-01,0,WEST
MED-0332,2025-03-01,1,WEST
MED-0332,2025-04-01,0,WEST
MED-0332,2025-05-01,0,WEST
MED-0332,2025-06-01,0,WEST
MED-0332,2025-07-01,0,WEST
MED-0332,2025-08-01,0,WEST
MED-0332,2025-09-01,0,WEST
MED-0332,2025-10-01,8,CENTRAL
MED-0332,2025-11-01,0,SOUTH
MED-0332,2025-12-01,8,SOUTH
MED-0333,2022-01-01,5,CENTRAL
MED-0333,2022-02-01,5,NORTH
MED-0333,2022-03-01,4,CENTRAL
MED-0333,2022-04-01,6,CENTRAL
MED-0333,2022-05-01,2,CENTRAL
MED-0333,2022-06-01,5,CENTRAL
MED-0333,2022-07-01,4,WEST
MED-0333,2022-08-01,2,CENTRAL
MED-0333,2022-09-01,6,CENTRAL
MED-0333,2022-10-01,2,CENTRAL
MED-0333,2022-11-01,4,CENTRAL
MED-0333,2022-12-01,1,CENTRAL
MED-0333,2023-01-01,5,CENTRAL
MED-0333,2023-02-01,5,EAST
MED-0333,2023-03-01,1,CENTRAL
MED-0333,2023-04-01,5,CENTRAL
MED-0333,2023-05-01,8,CENTRAL
MED-0333,2023-06-01,6,CENTRAL
MED-0333,2023-07-01,7,CENTRAL
MED-0333,2023-08-01,1,CENTRAL
MED-0333,2023-09-01,6,CENTRAL
MED-0333,2023-10-01,11,NORTH
MED-0333,2023-11-01,7,SOUTH
MED-0333,2023-12-01,2,CENTRAL
MED-0333,2024-01-01,5,CENTRAL
MED-0333,2024-02-01,8,CENTRAL
MED-0333,2024-03-01,5,CENTRAL
MED-0333,2024-04-01,6,CENTRAL
MED-0333,2024-05-01,4,CENTRAL
MED-0333,2024-06-01,8,EAST
MED-0333,2024-07-01,4,CENTRAL
MED-0333,2024-08-01,2,CENTRAL
MED-0333,2024-09-01,4,CENTRAL
MED-0333,2024-10-01,7,NORTH
MED-0333,2024-11-01,3,CENTRAL
MED-0333,2024-12-01,3,EAST
MED-0333,2025-01-01,5,CENTRAL
MED-0333,2025-02-01,4,SOUTH
MED-0333,2025-03-01,2,WEST
MED-0333,2025-04-01,6,CENTRAL
MED-0333,2025-05-01,5,CENTRAL
MED-0333,2025-06-01,1,CENTRAL
MED-0333,2025-07-01,3,CENTRAL
MED-0333,2025-08-01,3,SOUTH
MED-0333,2025-09-01,7,CENTRAL
MED-0333,2025-10-01,6,NORTH
MED-0333,2025-11-01,7,SOUTH
MED-0333,2025-12-01,2,CENTRAL
MED-0334,2024-01-01,0,WEST
MED-0334,2024-02-01,8,WEST
MED-0334,2024-03-01,2,NORTH
MED-0334,2024-04-01,2,WEST
MED-0334,2024-05-01,11,WEST
MED-0334,2024-06-01,9,WEST
MED-0334,2024-07-01,8,EAST
MED-0334,2024-08-01,16,EAST
MED-0334,2024-09-01,3,WEST
MED-0334,2024-10-01,4,WEST
MED-0334,2024-11-01,3,WEST
MED-0334,2024-12-01,2,WEST
MED-0334,2025-01-01,0,WEST
MED-0334,2025-02-01,6,NORTH
MED-0334,2025-03-01,4,CENTRAL
MED-0334,2025-04-01,7,SOUTH
MED-0334,2025-05-01,4,WEST
MED-0334,2025-06-01,7,WEST
MED-0334,2025-07-01,0,CENTRAL
MED-0334,2025-08-01,10,WEST
MED-0334,2025-09-01,8,WEST
MED-0334,2025-10-01,2,NORTH
MED-0334,2025-11-01,4,WEST
MED-0334,2025-12-01,3,WEST
MED-0335,2024-01-01,3,NORTH
MED-0335,2024-02-01,2,NORTH
MED-0335,2024-03-01,1,NORTH
MED-0335,2024-04-01,6,NORTH
MED-0335,2024-05-01,3,NORTH
MED-0335,2024-06-01,3,NORTH
MED-0335,2024-07-01,4,NORTH
MED-0335,2024-08-01,7,CENTRAL
MED-0335,2024-09-01,3,NORTH
MED-0335,2024-10-01,3,NORTH
MED-0335,2024-11-01,3,NORTH
MED-0335,2024-12-01,4,NORTH
MED-0335,2025-01-01,5,NORTH
MED-0335,2025-02-01,4,NORTH
MED-0335,2025-03-01,3,NORTH
MED-0335,2025-04-01,5,NORTH
MED-0335,2025-05-01,2,NORTH
MED-0335,2025-06-01,5,CENTRAL
MED-0335,2025-07-01,7,SOUTH
MED-0335,2025-08-01,0,NORTH
MED-0335,2025-09-01,2,NORTH
MED-0335,2025-10-01,17,NORTH
MED-0335,2025-11-01,6,NORTH
MED-0335,2025-12-01,2,NORTH
MED-0336,2024-01-01,18,NORTH
MED-0336,2024-02-01,0,NORTH
MED-0336,2024-03-01,0,EAST
MED-0336,2024-04-01,0,WEST
MED-0336,2024-05-01,0,EAST
MED-0336,2024-06-01,0,EAST
MED-0336,2024-07-01,20,NORTH
MED-0336,2024-08-01,11,SOUTH
MED-0336,2024-09-01,0,EAST
MED-0336,2024-10-01,0,EAST
MED-0336,2024-11-01,20,SOUTH
MED-0336,2024-12-01,15,CENTRAL
MED-0336,2025-01-01,0,SOUTH
MED-0336,2025-02-01,0,WEST
MED-0336,2025-03-01,15,EAST
MED-0336,2025-04-01,10,SOUTH
MED-0336,2025-05-01,0,EAST
MED-0336,2025-06-01,0,EAST
MED-0336,2025-07-01,15,EAST
MED-0336,2025-08-01,0,CENTRAL
MED-0336,2025-09-01,0,EAST
MED-0336,2025-10-01,0,EAST
MED-0336,2025-11-01,0,EAST
MED-0336,2025-12-01,0,EAST
MED-0337,2022-07-01,6,NORTH
MED-0337,2022-08-01,4,WEST
MED-0337,2022-09-01,7,SOUTH
MED-0337,2022-10-01,3,SOUTH
MED-0337,2022-11-01,1,SOUTH
MED-0337,2022-12-01,7,WEST
MED-0337,2023-01-01,9,SOUTH
MED-0337,2023-02-01,3,SOUTH
MED-0337,2023-03-01,4,SOUTH
MED-0337,2023-04-01,2,SOUTH
MED-0337,2023-05-01,6,WEST
MED-0337,2023-06-01,5,SOUTH
MED-0337,2023-07-01,5,SOUTH
MED-0337,2023-08-01,4,SOUTH
MED-0337,2023-09-01,5,SOUTH
MED-0337,2023-10-01,4,SOUTH
MED-0337,2023-11-01,4,SOUTH
MED-0337,2023-12-01,9,SOUTH
MED-0337,2024-01-01,4,SOUTH
MED-0337,2024-02-01,5,NORTH
MED-0337,2024-03-01,4,SOUTH
MED-0337,2024-04-01,2,SOUTH
MED-0337,2024-05-01,6,SOUTH
MED-0337,2024-06-01,6,CENTRAL
MED-0337,2024-07-01,3,SOUTH
MED-0337,2024-08-01,1,SOUTH
MED-0337,2024-09-01,3,CENTRAL
MED-0337,2024-10-01,4,SOUTH
MED-0337,2024-11-01,5,SOUTH
MED-0337,2024-12-01,4,NORTH
MED-0337,2025-01-01,5,SOUTH
MED-0337,2025-02-01,8,SOUTH
MED-0337,2025-03-01,5,SOUTH
MED-0337,2025-04-01,2,NORTH
MED-0337,2025-05-01,1,SOUTH
MED-0337,2025-06-01,4,SOUTH
MED-0337,2025-07-01,5,WEST
MED-0337,2025-08-01,1,WEST
MED-0337,2025-09-01,3,SOUTH
MED-0337,2025-10-01,5,CENTRAL
MED-0337,2025-11-01,4,EAST
MED-0337,2025-12-01,3,WEST
MED-0338,2022-01-01,5,SOUTH
MED-0338,2022-02-01,3,SOUTH
MED-0338,2022-03-01,0,WEST
MED-0338,2022-04-01,0,SOUTH
MED-0338,2022-05-01,4,NORTH
MED-0338,2022-06-01,3,SOUTH
MED-0338,2022-07-01,0,SOUTH
MED-0338,2022-08-01,0,SOUTH
MED-0338,2022-09-01,0,SOUTH
MED-0338,2022-10-01,0,SOUTH
MED-0338,2022-11-01,0,SOUTH
MED-0338,2022-12-01,0,SOUTH
MED-0338,2023-01-01,0,SOUTH
MED-0338,2023-02-01,10,SOUTH
MED-0338,2023-03-01,0,SOUTH
MED-0338,2023-04-01,0,SOUTH
MED-0338,2023-05-01,0,SOUTH
MED-0338,2023-06-01,3,SOUTH
MED-0338,2023-07-01,0,CENTRAL
MED-0338,2023-08-01,0,SOUTH
MED-0338,2023-09-01,0,NORTH
MED-0338,2023-10-01,0,CENTRAL
MED-0338,2023-11-01,0,SOUTH
MED-0338,2023-12-01,0,NORTH
MED-0338,2024-01-01,0,WEST
MED-0338,2024-02-01,4,SOUTH
MED-0338,2024-03-01,0,SOUTH
MED-0338,2024-04-01,0,SOUTH
MED-0338,2024-05-01,0,SOUTH
MED-0338,2024-06-01,0,CENTRAL
MED-0338,2024-07-01,0,SOUTH
MED-0338,2024-08-01,0,NORTH
MED-0338,2024-09-01,4,SOUTH
MED-0338,2024-10-01,2,SOUTH
MED-0338,2024-11-01,0,SOUTH
MED-0338,2024-12-01,0,WEST
MED-0338,2025-01-01,8,SOUTH
MED-0338,2025-02-01,4,SOUTH
MED-0338,2025-03-01,0,CENTRAL
MED-0338,2025-04-01,0,SOUTH
MED-0338,2025-05-01,0,SOUTH
MED-0338,2025-06-01,0,SOUTH
MED-0338,2025-07-01,0,WEST
MED-0338,2025-08-01,6,SOUTH
MED-0338,2025-09-01,0,CENTRAL
MED-0338,2025-10-01,0,SOUTH
MED-0338,2025-11-01,0,SOUTH
MED-0338,2025-12-01,0,SOUTH
MED-0339,2024-01-01,0,SOUTH
MED-0339,2024-02-01,0,SOUTH
MED-0339,2024-03-01,0,CENTRAL
MED-0339,2024-04-01,0,SOUTH
MED-0339,2024-05-01,0,SOUTH
MED-0339,2024-06-01,0,NORTH
MED-0339,2024-07-01,0,SOUTH
MED-0339,2024-08-01,9,SOUTH
MED-0339,2024-09-01,0,SOUTH
MED-0339,2024-10-01,12,SOUTH
MED-0339,2024-11-01,0,SOUTH
MED-0339,2024-12-01,0,NORTH
MED-0339,2025-01-01,0,WEST
MED-0339,2025-02-01,0,SOUTH
MED-0339,2025-03-01,0,SOUTH
MED-0339,2025-04-01,5,NORTH
MED-0339,2025-05-01,0,NORTH
MED-0339,2025-06-01,0,SOUTH
MED-0339,2025-07-01,8,SOUTH
MED-0339,2025-08-01,3,EAST
MED-0339,2025-09-01,6,CENTRAL
MED-0339,2025-10-01,6,SOUTH
MED-0339,2025-11-01,0,SOUTH
MED-0339,2025-12-01,5,SOUTH
MED-0340,2022-01-01,5,NORTH
MED-0340,2022-02-01,0,NORTH
MED-0340,2022-03-01,5,NORTH
MED-0340,2022-04-01,6,WEST
MED-0340,2022-05-01,21,NORTH
MED-0340,2022-06-01,7,EAST
MED-0340,2022-07-01,7,NORTH
MED-0340,2022-08-01,1,EAST
MED-0340,2022-09-01,6,NORTH
MED-0340,2022-10-01,6,NORTH
MED-0340,2022-11-01,7,SOUTH
MED-0340,2022-12-01,4,EAST
MED-0340,2023-01-01,8,SOUTH
MED-0340,2023-02-01,3,NORTH
MED-0340,2023-03-01,0,NORTH
MED-0340,2023-04-01,9,NORTH
MED-0340,2023-05-01,9,SOUTH
MED-0340,2023-06-01,11,NORTH
MED-0340,2023-07-01,6,NORTH
MED-0340,2023-08-01,6,NORTH
MED-0340,2023-09-01,5,NORTH
MED-0340,2023-10-01,6,NORTH
MED-0340,2023-11-01,4,NORTH
MED-0340,2023-12-01,3,CENTRAL
MED-0340,2024-01-01,4,CENTRAL
MED-0340,2024-02-01,6,NORTH
MED-0340,2024-03-01,8,NORTH
MED-0340,2024-04-01,4,WEST
MED-0340,2024-05-01,6,NORTH
MED-0340,2024-06-01,6,NORTH
MED-0340,2024-07-01,5,EAST
MED-0340,2024-08-01,5,NORTH
MED-0340,2024-09-01,3,NORTH
MED-0340,2024-10-01,3,CENTRAL
MED-0340,2024-11-01,5,NORTH
MED-0340,2024-12-01,5,NORTH
MED-0340,2025-01-01,5,NORTH
MED-0340,2025-02-01,4,WEST
MED-0340,2025-03-01,8,WEST
MED-0340,2025-04-01,7,WEST
MED-0340,2025-05-01,11,NORTH
MED-0340,2025-06-01,7,NORTH
MED-0340,2025-07-01,8,NORTH
MED-0340,2025-08-01,11,NORTH
MED-0340,2025-09-01,2,EAST
MED-0340,2025-10-01,5,CENTRAL
MED-0340,2025-11-01,4,EAST
MED-0340,2025-12-01,3,NORTH
MED-0341,2022-01-01,0,CENTRAL
MED-0341,2022-02-01,7,CENTRAL
MED-0341,2022-03-01,4,CENTRAL
MED-0341,2022-04-01,0,CENTRAL
MED-0341,2022-05-01,0,CENTRAL
MED-0341,2022-06-01,0,CENTRAL
MED-0341,2022-07-01,5,CENTRAL
MED-0341,2022-08-01,0,CENTRAL
MED-0341,2022-09-01,0,CENTRAL
MED-0341,2022-10-01,4,EAST
MED-0341,2022-11-01,0,NORTH
MED-0341,2022-12-01,0,CENTRAL
MED-0341,2023-01-01,0,CENTRAL
MED-0341,2023-02-01,0,CENTRAL
MED-0341,2023-03-01,0,CENTRAL
MED-0341,2023-04-01,0,CENTRAL
MED-0341,2023-05-01,0,CENTRAL
MED-0341,2023-06-01,10,CENTRAL
MED-0341,2023-07-01,0,CENTRAL
MED-0341,2023-08-01,0,SOUTH
MED-0341,2023-09-01,0,CENTRAL
MED-0341,2023-10-01,0,CENTRAL
MED-0341,2023-11-01,0,CENTRAL
MED-0341,2023-12-01,7,EAST
MED-0341,2024-01-01,0,CENTRAL
MED-0341,2024-02-01,0,CENTRAL
MED-0341,2024-03-01,0,CENTRAL
MED-0341,2024-04-01,0,CENTRAL
MED-0341,2024-05-01,0,CENTRAL
MED-0341,2024-06-01,0,CENTRAL
MED-0341,2024-07-01,5,WEST
MED-0341,2024-08-01,0,CENTRAL
MED-0341,2024-09-01,0,CENTRAL
MED-0341,2024-10-01,0,CENTRAL
MED-0341,2024-11-01,0,CENTRAL
MED-0341,2024-12-01,0,CENTRAL
MED-0341,2025-01-01,6,CENTRAL
MED-0341,2025-02-01,0,CENTRAL
MED-0341,2025-03-01,0,SOUTH
MED-0341,2025-04-01,0,CENTRAL
MED-0341,2025-05-01,0,CENTRAL
MED-0341,2025-06-01,3,CENTRAL
MED-0341,2025-07-01,0,CENTRAL
MED-0341,2025-08-01,0,NORTH
MED-0341,2025-09-01,7,CENTRAL
MED-0341,2025-10-01,4,EAST
MED-0341,2025-11-01,0,CENTRAL
MED-0341,2025-12-01,5,CENTRAL
MED-0342,2024-01-01,0,NORTH
MED-0342,2024-02-01,5,NORTH
MED-0342,2024-03-01,0,NORTH
MED-0342,2024-04-01,0,NORTH
MED-0342,2024-05-01,0,SOUTH
MED-0342,2024-06-01,0,NORTH
MED-0342,2024-07-01,0,CENTRAL
MED-0342,2024-08-01,0,WEST
MED-0342,2024-09-01,0,SOUTH
MED-0342,2024-10-01,0,SOUTH
MED-0342,2024-11-01,3,CENTRAL
MED-0342,2024-12-01,0,SOUTH
MED-0342,2025-01-01,0,NORTH
MED-0342,2025-02-01,0,NORTH
MED-0342,2025-03-01,0,CENTRAL
MED-0342,2025-04-01,0,NORTH
MED-0342,2025-05-01,0,NORTH
MED-0342,2025-06-01,0,NORTH
MED-0342,2025-07-01,0,EAST
MED-0342,2025-08-01,0,NORTH
MED-0342,2025-09-01,0,SOUTH
MED-0342,2025-10-01,3,SOUTH
MED-0342,2025-11-01,0,NORTH
MED-0342,2025-12-01,6,NORTH
MED-0343,2022-01-01,4,EAST
MED-0343,2022-02-01,26,NORTH
MED-0343,2022-03-01,6,NORTH
MED-0343,2022-04-01,2,CENTRAL
MED-0343,2022-05-01,6,EAST
MED-0343,2022-06-01,6,EAST
MED-0343,2022-07-01,5,EAST
MED-0343,2022-08-01,6,SOUTH
MED-0343,2022-09-01,3,EAST
MED-0343,2022-10-01,7,EAST
MED-0343,2022-11-01,4,WEST
MED-0343,2022-12-01,3,EAST
MED-0343,2023-01-01,11,EAST
MED-0343,2023-02-01,9,EAST
MED-0343,2023-03-01,3,NORTH
MED-0343,2023-04-01,7,EAST
MED-0343,2023-05-01,23,EAST
MED-0343,2023-06-01,16,CENTRAL
MED-0343,2023-07-01,26,NORTH
MED-0343,2023-08-01,6,EAST
MED-0343,2023-09-01,9,EAST
MED-0343,2023-10-01,15,EAST
MED-0343,2023-11-01,0,NORTH
MED-0343,2023-12-01,12,EAST
MED-0343,2024-01-01,7,EAST
MED-0343,2024-02-01,2,EAST
MED-0343,2024-03-01,6,EAST
MED-0343,2024-04-01,8,CENTRAL
MED-0343,2024-05-01,0,CENTRAL
MED-0343,2024-06-01,6,EAST
MED-0343,2024-07-01,19,EAST
MED-0343,2024-08-01,3,EAST
MED-0343,2024-09-01,4,EAST
MED-0343,2024-10-01,17,EAST
MED-0343,2024-11-01,4,EAST
MED-0343,2024-12-01,0,NORTH
MED-0343,2025-01-01,5,WEST
MED-0343,2025-02-01,5,WEST
MED-0343,2025-03-01,0,EAST
MED-0343,2025-04-01,10,EAST
MED-0343,2025-05-01,4,EAST
MED-0343,2025-06-01,0,EAST
MED-0343,2025-07-01,4,EAST
MED-0343,2025-08-01,5,EAST
MED-0343,2025-09-01,6,EAST
MED-0343,2025-10-01,13,CENTRAL
MED-0343,2025-11-01,6,CENTRAL
MED-0343,2025-12-01,0,EAST
MED-0344,2022-07-01,6,NORTH
MED-0344,2022-08-01,2,NORTH
MED-0344,2022-09-01,8,NORTH
MED-0344,2022-10-01,9,NORTH
MED-0344,2022-11-01,6,WEST
MED-0344,2022-12-01,6,NORTH
MED-0344,2023-01-01,5,NORTH
MED-0344,2023-02-01,3,NORTH
MED-0344,2023-03-01,4,NORTH
MED-0344,2023-04-01,3,NORTH
MED-0344,2023-05-01,6,NORTH
MED-0344,2023-06-01,7,CENTRAL
MED-0344,2023-07-01,5,NORTH
MED-0344,2023-08-01,7,WEST
MED-0344,2023-09-01,10,NORTH
MED-0344,2023-10-01,6,NORTH
MED-0344,2023-11-01,9,SOUTH
MED-0344,2023-12-01,5,NORTH
MED-0344,2024-01-01,3,NORTH
MED-0344,2024-02-01,3,EAST
MED-0344,2024-03-01,12,NORTH
MED-0344,2024-04-01,9,EAST
MED-0344,2024-05-01,4,CENTRAL
MED-0344,2024-06-01,3,NORTH
MED-0344,2024-07-01,6,NORTH
MED-0344,2024-08-01,4,NORTH
MED-0344,2024-09-01,4,NORTH
MED-0344,2024-10-01,3,NORTH
MED-0344,2024-11-01,8,EAST
MED-0344,2024-12-01,0,NORTH
MED-0344,2025-01-01,5,SOUTH
MED-0344,2025-02-01,6,NORTH
MED-0344,2025-03-01,6,EAST
MED-0344,2025-04-01,2,NORTH
MED-0344,2025-05-01,2,WEST
MED-0344,2025-06-01,5,NORTH
MED-0344,2025-07-01,2,NORTH
MED-0344,2025-08-01,6,NORTH
MED-0344,2025-09-01,4,NORTH
MED-0344,2025-10-01,8,NORTH
MED-0344,2025-11-01,8,SOUTH
MED-0344,2025-12-01,3,EAST
MED-0345,2022-01-01,5,CENTRAL
MED-0345,2022-02-01,0,SOUTH
MED-0345,2022-03-01,5,NORTH
MED-0345,2022-04-01,8,NORTH
MED-0345,2022-05-01,4,NORTH
MED-0345,2022-06-01,10,SOUTH
MED-0345,2022-07-01,0,NORTH
MED-0345,2022-08-01,0,NORTH
MED-0345,2022-09-01,0,CENTRAL
MED-0345,2022-10-01,0,WEST
MED-0345,2022-11-01,0,WEST
MED-0345,2022-12-01,0,CENTRAL
MED-0345,2023-01-01,0,NORTH
MED-0345,2023-02-01,0,NORTH
MED-0345,2023-03-01,0,NORTH
MED-0345,2023-04-01,0,NORTH
MED-0345,2023-05-01,0,EAST
MED-0345,2023-06-01,0,CENTRAL
MED-0345,2023-07-01,0,NORTH
MED-0345,2023-08-01,0,NORTH
MED-0345,2023-09-01,4,NORTH
MED-0345,2023-10-01,0,WEST
MED-0345,2023-11-01,0,EAST
MED-0345,2023-12-01,0,NORTH
MED-0345,2024-01-01,0,NORTH
MED-0345,2024-02-01,0,NORTH
MED-0345,2024-03-01,0,WEST
MED-0345,2024-04-01,0,NORTH
MED-0345,2024-05-01,0,NORTH
MED-0345,2024-06-01,0,NORTH
MED-0345,2024-07-01,0,NORTH
MED-0345,2024-08-01,0,NORTH
MED-0345,2024-09-01,0,NORTH
MED-0345,2024-10-01,0,NORTH
MED-0345,2024-11-01,23,NORTH
MED-0345,2024-12-01,5,NORTH
MED-0345,2025-01-01,8,NORTH
MED-0345,2025-02-01,0,CENTRAL
MED-0345,2025-03-01,0,NORTH
MED-0345,2025-04-01,0,NORTH
MED-0345,2025-05-01,5,SOUTH
MED-0345,2025-06-01,10,NORTH
MED-0345,2025-07-01,0,WEST
MED-0345,2025-08-01,0,NORTH
MED-0345,2025-09-01,0,EAST
MED-0345,2025-10-01,5,NORTH
MED-0345,2025-11-01,4,NORTH
MED-0345,2025-12-01,0,NORTH
MED-0346,2024-07-01,4,WEST
MED-0346,2024-08-01,4,NORTH
MED-0346,2024-09-01,5,EAST
MED-0346,2024-10-01,5,NORTH
MED-0346,2024-11-01,5,SOUTH
MED-0346,2024-12-01,6,NORTH
MED-0346,2025-01-01,6,EAST
MED-0346,2025-02-01,8,WEST
MED-0346,2025-03-01,7,NORTH
MED-0346,2025-04-01,7,NORTH
MED-0346,2025-05-01,11,NORTH
MED-0346,2025-06-01,5,NORTH
MED-0346,2025-07-01,4,NORTH
MED-0346,2025-08-01,3,NORTH
MED-0346,2025-09-01,4,NORTH
MED-0346,2025-10-01,4,WEST
MED-0346,2025-11-01,7,NORTH
MED-0346,2025-12-01,5,CENTRAL
MED-0347,2024-01-01,0,SOUTH
MED-0347,2024-02-01,0,WEST
MED-0347,2024-03-01,0,WEST
MED-0347,2024-04-01,17,WEST
MED-0347,2024-05-01,0,WEST
MED-0347,2024-06-01,0,WEST
MED-0347,2024-07-01,0,WEST
MED-0347,2024-08-01,6,WEST
MED-0347,2024-09-01,0,NORTH
MED-0347,2024-10-01,0,WEST
MED-0347,2024-11-01,0,NORTH
MED-0347,2024-12-01,0,SOUTH
MED-0347,2025-01-01,0,CENTRAL
MED-0347,2025-02-01,0,WEST
MED-0347,2025-03-01,41,WEST
MED-0347,2025-04-01,33,WEST
MED-0347,2025-05-01,0,WEST
MED-0347,2025-06-01,0,WEST
MED-0347,2025-07-01,0,WEST
MED-0347,2025-08-01,0,EAST
MED-0347,2025-09-01,0,WEST
MED-0347,2025-10-01,0,CENTRAL
MED-0347,2025-11-01,0,WEST
MED-0347,2025-12-01,63,WEST
MED-0348,2022-01-01,0,EAST
MED-0348,2022-02-01,0,SOUTH
MED-0348,2022-03-01,0,SOUTH
MED-0348,2022-04-01,0,SOUTH
MED-0348,2022-05-01,0,SOUTH
MED-0348,2022-06-01,0,NORTH
MED-0348,2022-07-01,0,SOUTH
MED-0348,2022-08-01,0,CENTRAL
MED-0348,2022-09-01,0,EAST
MED-0348,2022-10-01,0,EAST
MED-0348,2022-11-01,3,CENTRAL
MED-0348,2022-12-01,0,WEST
MED-0348,2023-01-01,9,SOUTH
MED-0348,2023-02-01,0,SOUTH
MED-0348,2023-03-01,6,SOUTH
MED-0348,2023-04-01,0,SOUTH
MED-0348,2023-05-01,0,EAST
MED-0348,2023-06-01,0,SOUTH
MED-0348,2023-07-01,0,SOUTH
MED-0348,2023-08-01,0,SOUTH
MED-0348,2023-09-01,0,SOUTH
MED-0348,2023-10-01,0,NORTH
MED-0348,2023-11-01,0,SOUTH
MED-0348,2023-12-01,0,SOUTH
MED-0348,2024-01-01,0,SOUTH
MED-0348,2024-02-01,0,SOUTH
MED-0348,2024-03-01,16,EAST
MED-0348,2024-04-01,0,SOUTH
MED-0348,2024-05-01,0,SOUTH
MED-0348,2024-06-01,0,SOUTH
MED-0348,2024-07-01,0,SOUTH
MED-0348,2024-08-01,0,SOUTH
MED-0348,2024-09-01,0,SOUTH
MED-0348,2024-10-01,0,SOUTH
MED-0348,2024-11-01,0,WEST
MED-0348,2024-12-01,0,CENTRAL
MED-0348,2025-01-01,17,NORTH
MED-0348,2025-02-01,0,NORTH
MED-0348,2025-03-01,0,SOUTH
MED-0348,2025-04-01,0,SOUTH
MED-0348,2025-05-01,0,SOUTH
MED-0348,2025-06-01,0,NORTH
MED-0348,2025-07-01,0,SOUTH
MED-0348,2025-08-01,15,SOUTH
MED-0348,2025-09-01,0,WEST
MED-0348,2025-10-01,0,SOUTH
MED-0348,2025-11-01,0,SOUTH
MED-0348,2025-12-01,0,SOUTH
MED-0349,2022-01-01,0,SOUTH
MED-0349,2022-02-01,5,SOUTH
MED-0349,2022-03-01,0,SOUTH
MED-0349,2022-04-01,4,SOUTH
MED-0349,2022-05-01,2,CENTRAL
MED-0349,2022-06-01,0,SOUTH
MED-0349,2022-07-01,0,SOUTH
MED-0349,2022-08-01,0,CENTRAL
MED-0349,2022-09-01,2,SOUTH
MED-0349,2022-10-01,0,SOUTH
MED-0349,2022-11-01,0,EAST
MED-0349,2022-12-01,2,SOUTH
MED-0349,2023-01-01,3,SOUTH
MED-0349,2023-02-01,0,SOUTH
MED-0349,2023-03-01,0,SOUTH
MED-0349,2023-04-01,0,SOUTH
MED-0349,2023-05-01,0,SOUTH
MED-0349,2023-06-01,4,SOUTH
MED-0349,2023-07-01,5,SOUTH
MED-0349,2023-08-01,0,SOUTH
MED-0349,2023-09-01,0,SOUTH
MED-0349,2023-10-01,0,SOUTH
MED-0349,2023-11-01,0,SOUTH
MED-0349,2023-12-01,0,CENTRAL
MED-0349,2024-01-01,4,SOUTH
MED-0349,2024-02-01,5,NORTH
MED-0349,2024-03-01,5,SOUTH
MED-0349,2024-04-01,1,SOUTH
MED-0349,2024-05-01,0,CENTRAL
MED-0349,2024-06-01,0,NORTH
MED-0349,2024-07-01,4,SOUTH
MED-0349,2024-08-01,4,NORTH
MED-0349,2024-09-01,2,SOUTH
MED-0349,2024-10-01,0,SOUTH
MED-0349,2024-11-01,0,SOUTH
MED-0349,2024-12-01,0,NORTH
MED-0349,2025-01-01,0,SOUTH
MED-0349,2025-02-01,0,CENTRAL
MED-0349,2025-03-01,0,SOUTH
MED-0349,2025-04-01,0,SOUTH
MED-0349,2025-05-01,0,SOUTH
MED-0349,2025-06-01,3,SOUTH
MED-0349,2025-07-01,0,SOUTH
MED-0349,2025-08-01,0,SOUTH
MED-0349,2025-09-01,0,SOUTH
MED-0349,2025-10-01,0,WEST
MED-0349,2025-11-01,0,SOUTH
MED-0349,2025-12-01,1,SOUTH
MED-0350,2023-07-01,0,NORTH
MED-0350,2023-08-01,0,WEST
MED-0350,2023-09-01,0,NORTH
MED-0350,2023-10-01,0,NORTH
MED-0350,2023-11-01,0,NORTH
MED-0350,2023-12-01,0,NORTH
MED-0350,2024-01-01,0,NORTH
MED-0350,2024-02-01,0,NORTH
MED-0350,2024-03-01,0,EAST
MED-0350,2024-04-01,0,NORTH
MED-0350,2024-05-01,0,NORTH
MED-0350,2024-06-01,0,NORTH
MED-0350,2024-07-01,0,NORTH
MED-0350,2024-08-01,0,NORTH
MED-0350,2024-09-01,0,EAST
MED-0350,2024-10-01,2,EAST
MED-0350,2024-11-01,0,NORTH
MED-0350,2024-12-01,0,CENTRAL
MED-0350,2025-01-01,5,NORTH
MED-0350,2025-02-01,0,NORTH
MED-0350,2025-03-01,0,NORTH
MED-0350,2025-04-01,0,NORTH
MED-0350,2025-05-01,0,NORTH
MED-0350,2025-06-01,0,NORTH
MED-0350,2025-07-01,0,NORTH
MED-0350,2025-08-01,0,NORTH
MED-0350,2025-09-01,7,CENTRAL
MED-0350,2025-10-01,3,NORTH
MED-0350,2025-11-01,6,WEST
MED-0350,2025-12-01,0,WEST
MED-0351,2022-01-01,4,SOUTH
MED-0351,2022-02-01,7,EAST
MED-0351,2022-03-01,3,EAST
MED-0351,2022-04-01,9,EAST
MED-0351,2022-05-01,4,CENTRAL
MED-0351,2022-06-01,3,SOUTH
MED-0351,2022-07-01,6,EAST
MED-0351,2022-08-01,9,EAST
MED-0351,2022-09-01,7,EAST
MED-0351,2022-10-01,0,EAST
MED-0351,2022-11-01,2,CENTRAL
MED-0351,2022-12-01,5,EAST
MED-0351,2023-01-01,6,EAST
MED-0351,2023-02-01,5,EAST
MED-0351,2023-03-01,4,EAST
MED-0351,2023-04-01,3,CENTRAL
MED-0351,2023-05-01,8,EAST
MED-0351,2023-06-01,3,EAST
MED-0351,2023-07-01,0,SOUTH
MED-0351,2023-08-01,2,EAST
MED-0351,2023-09-01,2,EAST
MED-0351,2023-10-01,3,EAST
MED-0351,2023-11-01,1,SOUTH
MED-0351,2023-12-01,8,EAST
MED-0351,2024-01-01,0,CENTRAL
MED-0351,2024-02-01,6,EAST
MED-0351,2024-03-01,5,SOUTH
MED-0351,2024-04-01,2,NORTH
MED-0351,2024-05-01,3,NORTH
MED-0351,2024-06-01,1,EAST
MED-0351,2024-07-01,4,NORTH
MED-0351,2024-08-01,5,NORTH
MED-0351,2024-09-01,5,EAST
MED-0351,2024-10-01,3,EAST
MED-0351,2024-11-01,8,CENTRAL
MED-0351,2024-12-01,0,EAST
MED-0351,2025-01-01,2,WEST
MED-0351,2025-02-01,11,SOUTH
MED-0351,2025-03-01,7,EAST
MED-0351,2025-04-01,1,NORTH
MED-0351,2025-05-01,6,WEST
MED-0351,2025-06-01,9,EAST
MED-0351,2025-07-01,3,CENTRAL
MED-0351,2025-08-01,5,EAST
MED-0351,2025-09-01,1,EAST
MED-0351,2025-10-01,7,EAST
MED-0351,2025-11-01,5,EAST
MED-0351,2025-12-01,3,EAST
MED-0352,2022-01-01,6,CENTRAL
MED-0352,2022-02-01,0,CENTRAL
MED-0352,2022-03-01,2,CENTRAL
MED-0352,2022-04-01,3,SOUTH
MED-0352,2022-05-01,0,EAST
MED-0352,2022-06-01,6,WEST
MED-0352,2022-07-01,7,CENTRAL
MED-0352,2022-08-01,6,WEST
MED-0352,2022-09-01,2,CENTRAL
MED-0352,2022-10-01,4,SOUTH
MED-0352,2022-11-01,2,CENTRAL
MED-0352,2022-12-01,1,EAST
MED-0352,2023-01-01,3,CENTRAL
MED-0352,2023-02-01,5,CENTRAL
MED-0352,2023-03-01,4,CENTRAL
MED-0352,2023-04-01,0,CENTRAL
MED-0352,2023-05-01,4,CENTRAL
MED-0352,2023-06-01,3,CENTRAL
MED-0352,2023-07-01,6,SOUTH
MED-0352,2023-08-01,3,CENTRAL
MED-0352,2023-09-01,11,CENTRAL
MED-0352,2023-10-01,4,CENTRAL
MED-0352,2023-11-01,4,CENTRAL
MED-0352,2023-12-01,3,EAST
MED-0352,2024-01-01,4,CENTRAL
MED-0352,2024-02-01,3,EAST
MED-0352,2024-03-01,0,CENTRAL
MED-0352,2024-04-01,3,CENTRAL
MED-0352,2024-05-01,8,CENTRAL
MED-0352,2024-06-01,2,CENTRAL
MED-0352,2024-07-01,5,CENTRAL
MED-0352,2024-08-01,3,CENTRAL
MED-0352,2024-09-01,1,WEST
MED-0352,2024-10-01,4,WEST
MED-0352,2024-11-01,2,CENTRAL
MED-0352,2024-12-01,1,EAST
MED-0352,2025-01-01,3,NORTH
MED-0352,2025-02-01,0,CENTRAL
MED-0352,2025-03-01,2,CENTRAL
MED-0352,2025-04-01,3,CENTRAL
MED-0352,2025-05-01,5,CENTRAL
MED-0352,2025-06-01,2,CENTRAL
MED-0352,2025-07-01,2,CENTRAL
MED-0352,2025-08-01,1,CENTRAL
MED-0352,2025-09-01,2,CENTRAL
MED-0352,2025-10-01,1,EAST
MED-0352,2025-11-01,4,CENTRAL
MED-0352,2025-12-01,1,SOUTH
MED-0353,2023-07-01,0,EAST
MED-0353,2023-08-01,0,WEST
MED-0353,2023-09-01,21,EAST
MED-0353,2023-10-01,11,EAST
MED-0353,2023-11-01,0,NORTH
MED-0353,2023-12-01,0,SOUTH
MED-0353,2024-01-01,0,EAST
MED-0353,2024-02-01,0,EAST
MED-0353,2024-03-01,0,EAST
MED-0353,2024-04-01,0,EAST
MED-0353,2024-05-01,0,EAST
MED-0353,2024-06-01,0,EAST
MED-0353,2024-07-01,47,EAST
MED-0353,2024-08-01,0,EAST
MED-0353,2024-09-01,0,WEST
MED-0353,2024-10-01,0,EAST
MED-0353,2024-11-01,20,EAST
MED-0353,2024-12-01,0,EAST
MED-0353,2025-01-01,0,EAST
MED-0353,2025-02-01,16,EAST
MED-0353,2025-03-01,0,EAST
MED-0353,2025-04-01,0,WEST
MED-0353,2025-05-01,0,NORTH
MED-0353,2025-06-01,0,EAST
MED-0353,2025-07-01,0,EAST
MED-0353,2025-08-01,0,EAST
MED-0353,2025-09-01,112,EAST
MED-0353,2025-10-01,0,EAST
MED-0353,2025-11-01,0,NORTH
MED-0353,2025-12-01,0,NORTH
MED-0354,2023-07-01,10,WEST
MED-0354,2023-08-01,2,WEST
MED-0354,2023-09-01,2,CENTRAL
MED-0354,2023-10-01,4,WEST
MED-0354,2023-11-01,3,CENTRAL
MED-0354,2023-12-01,2,WEST
MED-0354,2024-01-01,0,WEST
MED-0354,2024-02-01,2,WEST
MED-0354,2024-03-01,5,WEST
MED-0354,2024-04-01,6,WEST
MED-0354,2024-05-01,5,CENTRAL
MED-0354,2024-06-01,9,WEST
MED-0354,2024-07-01,7,EAST
MED-0354,2024-08-01,11,EAST
MED-0354,2024-09-01,3,WEST
MED-0354,2024-10-01,3,WEST
MED-0354,2024-11-01,3,WEST
MED-0354,2024-12-01,8,WEST
MED-0354,2025-01-01,5,WEST
MED-0354,2025-02-01,5,WEST
MED-0354,2025-03-01,3,WEST
MED-0354,2025-04-01,3,WEST
MED-0354,2025-05-01,8,CENTRAL
MED-0354,2025-06-01,5,SOUTH
MED-0354,2025-07-01,8,WEST
MED-0354,2025-08-01,10,WEST
MED-0354,2025-09-01,3,WEST
MED-0354,2025-10-01,11,NORTH
MED-0354,2025-11-01,2,CENTRAL
MED-0354,2025-12-01,4,WEST
MED-0355,2023-07-01,3,WEST
MED-0355,2023-08-01,4,WEST
MED-0355,2023-09-01,8,WEST
MED-0355,2023-10-01,1,WEST
MED-0355,2023-11-01,3,SOUTH
MED-0355,2023-12-01,2,WEST
MED-0355,2024-01-01,4,WEST
MED-0355,2024-02-01,3,WEST
MED-0355,2024-03-01,2,NORTH
MED-0355,2024-04-01,2,WEST
MED-0355,2024-05-01,3,WEST
MED-0355,2024-06-01,7,WEST
MED-0355,2024-07-01,3,WEST
MED-0355,2024-08-01,4,WEST
MED-0355,2024-09-01,5,WEST
MED-0355,2024-10-01,5,WEST
MED-0355,2024-11-01,3,WEST
MED-0355,2024-12-01,3,EAST
MED-0355,2025-01-01,4,NORTH
MED-0355,2025-02-01,2,WEST
MED-0355,2025-03-01,5,WEST
MED-0355,2025-04-01,22,WEST
MED-0355,2025-05-01,26,WEST
MED-0355,2025-06-01,7,WEST
MED-0355,2025-07-01,2,CENTRAL
MED-0355,2025-08-01,4,WEST
MED-0355,2025-09-01,6,WEST
MED-0355,2025-10-01,5,WEST
MED-0355,2025-11-01,4,SOUTH
MED-0355,2025-12-01,8,WEST
MED-0356,2024-07-01,5,WEST
MED-0356,2024-08-01,2,EAST
MED-0356,2024-09-01,0,CENTRAL
MED-0356,2024-10-01,8,WEST
MED-0356,2024-11-01,2,WEST
MED-0356,2024-12-01,7,WEST
MED-0356,2025-01-01,5,WEST
MED-0356,2025-02-01,5,WEST
MED-0356,2025-03-01,3,EAST
MED-0356,2025-04-01,4,CENTRAL
MED-0356,2025-05-01,4,WEST
MED-0356,2025-06-01,6,WEST
MED-0356,2025-07-01,5,WEST
MED-0356,2025-08-01,0,WEST
MED-0356,2025-09-01,1,WEST
MED-0356,2025-10-01,5,WEST
MED-0356,2025-11-01,4,WEST
MED-0356,2025-12-01,2,SOUTH
MED-0357,2022-01-01,0,WEST
MED-0357,2022-02-01,6,WEST
MED-0357,2022-03-01,3,WEST
MED-0357,2022-04-01,6,WEST
MED-0357,2022-05-01,6,WEST
MED-0357,2022-06-01,3,WEST
MED-0357,2022-07-01,14,WEST
MED-0357,2022-08-01,8,WEST
MED-0357,2022-09-01,3,WEST
MED-0357,2022-10-01,9,NORTH
MED-0357,2022-11-01,3,WEST
MED-0357,2022-12-01,6,WEST
MED-0357,2023-01-01,1,WEST
MED-0357,2023-02-01,4,WEST
MED-0357,2023-03-01,8,NORTH
MED-0357,2023-04-01,4,WEST
MED-0357,2023-05-01,4,WEST
MED-0357,2023-06-01,1,EAST
MED-0357,2023-07-01,3,WEST
MED-0357,2023-08-01,1,WEST
MED-0357,2023-09-01,4,WEST
MED-0357,2023-10-01,3,WEST
MED-0357,2023-11-01,6,WEST
MED-0357,2023-12-01,7,SOUTH
MED-0357,2024-01-01,0,WEST
MED-0357,2024-02-01,1,WEST
MED-0357,2024-03-01,4,WEST
MED-0357,2024-04-01,1,WEST
MED-0357,2024-05-01,5,CENTRAL
MED-0357,2024-06-01,7,CENTRAL
MED-0357,2024-07-01,6,WEST
MED-0357,2024-08-01,7,WEST
MED-0357,2024-09-01,6,EAST
MED-0357,2024-10-01,5,WEST
MED-0357,2024-11-01,3,NORTH
MED-0357,2024-12-01,3,WEST
MED-0357,2025-01-01,6,WEST
MED-0357,2025-02-01,3,WEST
MED-0357,2025-03-01,3,WEST
MED-0357,2025-04-01,0,NORTH
MED-0357,2025-05-01,3,WEST
MED-0357,2025-06-01,3,WEST
MED-0357,2025-07-01,11,WEST
MED-0357,2025-08-01,3,WEST
MED-0357,2025-09-01,6,WEST
MED-0357,2025-10-01,5,WEST
MED-0357,2025-11-01,7,NORTH
MED-0357,2025-12-01,0,WEST
MED-0358,2023-07-01,0,EAST
MED-0358,2023-08-01,0,EAST
MED-0358,2023-09-01,0,EAST
MED-0358,2023-10-01,0,EAST
MED-0358,2023-11-01,0,EAST
MED-0358,2023-12-01,6,SOUTH
MED-0358,2024-01-01,0,EAST
MED-0358,2024-02-01,3,EAST
MED-0358,2024-03-01,0,CENTRAL
MED-0358,2024-04-01,0,EAST
MED-0358,2024-05-01,0,EAST
MED-0358,2024-06-01,0,EAST
MED-0358,2024-07-01,0,EAST
MED-0358,2024-08-01,0,EAST
MED-0358,2024-09-01,15,CENTRAL
MED-0358,2024-10-01,0,EAST
MED-0358,2024-11-01,0,EAST
MED-0358,2024-12-01,0,EAST
MED-0358,2025-01-01,0,EAST
MED-0358,2025-02-01,18,EAST
MED-0358,2025-03-01,0,WEST
MED-0358,2025-04-01,0,CENTRAL
MED-0358,2025-05-01,0,EAST
MED-0358,2025-06-01,0,EAST
MED-0358,2025-07-01,0,WEST
MED-0358,2025-08-01,0,EAST
MED-0358,2025-09-01,0,EAST
MED-0358,2025-10-01,0,EAST
MED-0358,2025-11-01,0,EAST
MED-0358,2025-12-01,0,SOUTH
MED-0359,2022-01-01,0,WEST
MED-0359,2022-02-01,9,WEST
MED-0359,2022-03-01,20,WEST
MED-0359,2022-04-01,0,WEST
MED-0359,2022-05-01,0,WEST
MED-0359,2022-06-01,10,CENTRAL
MED-0359,2022-07-01,0,SOUTH
MED-0359,2022-08-01,0,WEST
MED-0359,2022-09-01,0,WEST
MED-0359,2022-10-01,15,WEST
MED-0359,2022-11-01,0,WEST
MED-0359,2022-12-01,0,WEST
MED-0359,2023-01-01,21,WEST
MED-0359,2023-02-01,0,WEST
MED-0359,2023-03-01,19,WEST
MED-0359,2023-04-01,19,WEST
MED-0359,2023-05-01,0,WEST
MED-0359,2023-06-01,0,WEST
MED-0359,2023-07-01,0,CENTRAL
MED-0359,2023-08-01,11,WEST
MED-0359,2023-09-01,0,CENTRAL
MED-0359,2023-10-01,0,CENTRAL
MED-0359,2023-11-01,18,NORTH
MED-0359,2023-12-01,0,WEST
MED-0359,2024-01-01,11,WEST
MED-0359,2024-02-01,0,SOUTH
MED-0359,2024-03-01,0,EAST
MED-0359,2024-04-01,0,SOUTH
MED-0359,2024-05-01,0,WEST
MED-0359,2024-06-01,0,WEST
MED-0359,2024-07-01,0,WEST
MED-0359,2024-08-01,0,CENTRAL
MED-0359,2024-09-01,5,WEST
MED-0359,2024-10-01,20,WEST
MED-0359,2024-11-01,0,WEST
MED-0359,2024-12-01,9,WEST
MED-0359,2025-01-01,0,SOUTH
MED-0359,2025-02-01,0,NORTH
MED-0359,2025-03-01,0,WEST
MED-0359,2025-04-01,0,WEST
MED-0359,2025-05-01,14,WEST
MED-0359,2025-06-01,0,WEST
MED-0359,2025-07-01,0,NORTH
MED-0359,2025-08-01,0,WEST
MED-0359,2025-09-01,0,WEST
MED-0359,2025-10-01,0,WEST
MED-0359,2025-11-01,0,WEST
MED-0359,2025-12-01,0,WEST
MED-0360,2022-01-01,0,CENTRAL
MED-0360,2022-02-01,0,CENTRAL
MED-0360,2022-03-01,0,CENTRAL
MED-0360,2022-04-01,0,CENTRAL
MED-0360,2022-05-01,0,CENTRAL
MED-0360,2022-06-01,0,CENTRAL
MED-0360,2022-07-01,0,CENTRAL
MED-0360,2022-08-01,0,SOUTH
MED-0360,2022-09-01,0,CENTRAL
MED-0360,2022-10-01,0,WEST
MED-0360,2022-11-01,3,NORTH
MED-0360,2022-12-01,0,CENTRAL
MED-0360,2023-01-01,0,CENTRAL
MED-0360,2023-02-01,14,CENTRAL
MED-0360,2023-03-01,0,CENTRAL
MED-0360,2023-04-01,0,NORTH
MED-0360,2023-05-01,0,CENTRAL
MED-0360,2023-06-01,0,CENTRAL
MED-0360,2023-07-01,0,CENTRAL
MED-0360,2023-08-01,0,CENTRAL
MED-0360,2023-09-01,0,CENTRAL
MED-0360,2023-10-01,0,NORTH
MED-0360,2023-11-01,26,EAST
MED-0360,2023-12-01,0,CENTRAL
MED-0360,2024-01-01,0,CENTRAL
MED-0360,2024-02-01,0,CENTRAL
MED-0360,2024-03-01,0,CENTRAL
MED-0360,2024-04-01,0,CENTRAL
MED-0360,2024-05-01,0,CENTRAL
MED-0360,2024-06-01,0,SOUTH
MED-0360,2024-07-01,0,CENTRAL
MED-0360,2024-08-01,0,SOUTH
MED-0360,2024-09-01,0,CENTRAL
MED-0360,2024-10-01,0,SOUTH
MED-0360,2024-11-01,0,WEST
MED-0360,2024-12-01,0,NORTH
MED-0360,2025-01-01,0,CENTRAL
MED-0360,2025-02-01,0,CENTRAL
MED-0360,2025-03-01,0,SOUTH
MED-0360,2025-04-01,0,CENTRAL
MED-0360,2025-05-01,6,CENTRAL
MED-0360,2025-06-01,0,NORTH
MED-0360,2025-07-01,0,SOUTH
MED-0360,2025-08-01,0,CENTRAL
MED-0360,2025-09-01,12,SOUTH
MED-0360,2025-10-01,0,CENTRAL
MED-0360,2025-11-01,6,CENTRAL
MED-0360,2025-12-01,0,EAST
MED-0361,2024-07-01,2,CENTRAL
MED-0361,2024-08-01,3,EAST
MED-0361,2024-09-01,6,CENTRAL
MED-0361,2024-10-01,1,CENTRAL
MED-0361,2024-11-01,6,CENTRAL
MED-0361,2024-12-01,3,CENTRAL
MED-0361,2025-01-01,5,CENTRAL
MED-0361,2025-02-01,2,CENTRAL
MED-0361,2025-03-01,8,CENTRAL
MED-0361,2025-04-01,1,CENTRAL
MED-0361,2025-05-01,3,CENTRAL
MED-0361,2025-06-01,3,CENTRAL
MED-0361,2025-07-01,6,CENTRAL
MED-0361,2025-08-01,6,CENTRAL
MED-0361,2025-09-01,4,WEST
MED-0361,2025-10-01,1,CENTRAL
MED-0361,2025-11-01,7,SOUTH
MED-0361,2025-12-01,0,CENTRAL
MED-0362,2022-01-01,2,CENTRAL
MED-0362,2022-02-01,3,NORTH
MED-0362,2022-03-01,7,CENTRAL
MED-0362,2022-04-01,8,CENTRAL
MED-0362,2022-05-01,5,EAST
MED-0362,2022-06-01,15,CENTRAL
MED-0362,2022-07-01,7,WEST
MED-0362,2022-08-01,3,CENTRAL
MED-0362,2022-09-01,5,CENTRAL
MED-0362,2022-10-01,4,CENTRAL
MED-0362,2022-11-01,8,NORTH
MED-0362,2022-12-01,6,CENTRAL
MED-0362,2023-01-01,12,CENTRAL
MED-0362,2023-02-01,4,CENTRAL
MED-0362,2023-03-01,8,CENTRAL
MED-0362,2023-04-01,8,EAST
MED-0362,2023-05-01,0,NORTH
MED-0362,2023-06-01,6,CENTRAL
MED-0362,2023-07-01,6,CENTRAL
MED-0362,2023-08-01,10,CENTRAL
MED-0362,2023-09-01,2,CENTRAL
MED-0362,2023-10-01,2,SOUTH
MED-0362,2023-11-01,10,CENTRAL
MED-0362,2023-12-01,7,WEST
MED-0362,2024-01-01,10,NORTH
MED-0362,2024-02-01,4,CENTRAL
MED-0362,2024-03-01,11,CENTRAL
MED-0362,2024-04-01,3,CENTRAL
MED-0362,2024-05-01,8,SOUTH
MED-0362,2024-06-01,0,NORTH
MED-0362,2024-07-01,9,CENTRAL
MED-0362,2024-08-01,1,CENTRAL
MED-0362,2024-09-01,9,CENTRAL
MED-0362,2024-10-01,7,CENTRAL
MED-0362,2024-11-01,4,CENTRAL
MED-0362,2024-12-01,12,CENTRAL
MED-0362,2025-01-01,3,CENTRAL
MED-0362,2025-02-01,3,SOUTH
MED-0362,2025-03-01,6,CENTRAL
MED-0362,2025-04-01,3,CENTRAL
MED-0362,2025-05-01,2,EAST
MED-0362,2025-06-01,3,CENTRAL
MED-0362,2025-07-01,7,CENTRAL
MED-0362,2025-08-01,0,CENTRAL
MED-0362,2025-09-01,4,CENTRAL
MED-0362,2025-10-01,5,CENTRAL
MED-0362,2025-11-01,5,CENTRAL
MED-0362,2025-12-01,8,CENTRAL
MED-0363,2024-07-01,7,WEST
MED-0363,2024-08-01,5,NORTH
MED-0363,2024-09-01,3,WEST
MED-0363,2024-10-01,1,SOUTH
MED-0363,2024-11-01,21,WEST
MED-0363,2024-12-01,5,WEST
MED-0363,2025-01-01,12,CENTRAL
MED-0363,2025-02-01,3,WEST
MED-0363,2025-03-01,14,WEST
MED-0363,2025-04-01,13,WEST
MED-0363,2025-05-01,3,WEST
MED-0363,2025-06-01,4,WEST
MED-0363,2025-07-01,8,EAST
MED-0363,2025-08-01,4,NORTH
MED-0363,2025-09-01,6,WEST
MED-0363,2025-10-01,11,SOUTH
MED-0363,2025-11-01,11,WEST
MED-0363,2025-12-01,2,CENTRAL
MED-0364,2022-07-01,2,NORTH
MED-0364,2022-08-01,2,EAST
MED-0364,2022-09-01,2,EAST
MED-0364,2022-10-01,7,WEST
MED-0364,2022-11-01,4,EAST
MED-0364,2022-12-01,1,EAST
MED-0364,2023-01-01,3,EAST
MED-0364,2023-02-01,5,CENTRAL
MED-0364,2023-03-01,0,WEST
MED-0364,2023-04-01,3,EAST
MED-0364,2023-05-01,5,WEST
MED-0364,2023-06-01,2,WEST
MED-0364,2023-07-01,4,EAST
MED-0364,2023-08-01,1,EAST
MED-0364,2023-09-01,4,CENTRAL
MED-0364,2023-10-01,1,EAST
MED-0364,2023-11-01,1,NORTH
MED-0364,2023-12-01,4,SOUTH
MED-0364,2024-01-01,7,EAST
MED-0364,2024-02-01,3,EAST
MED-0364,2024-03-01,0,WEST
MED-0364,2024-04-01,2,WEST
MED-0364,2024-05-01,0,EAST
MED-0364,2024-06-01,2,EAST
MED-0364,2024-07-01,3,NORTH
MED-0364,2024-08-01,1,EAST
MED-0364,2024-09-01,4,EAST
MED-0364,2024-10-01,0,EAST
MED-0364,2024-11-01,3,EAST
MED-0364,2024-12-01,4,EAST
MED-0364,2025-01-01,5,EAST
MED-0364,2025-02-01,4,EAST
MED-0364,2025-03-01,4,EAST
MED-0364,2025-04-01,2,NORTH
MED-0364,2025-05-01,3,EAST
MED-0364,2025-06-01,3,SOUTH
MED-0364,2025-07-01,3,EAST
MED-0364,2025-08-01,1,EAST
MED-0364,2025-09-01,1,WEST
MED-0364,2025-10-01,3,EAST
MED-0364,2025-11-01,2,CENTRAL
MED-0364,2025-12-01,1,EAST
MED-0365,2022-01-01,2,SOUTH
MED-0365,2022-02-01,3,SOUTH
MED-0365,2022-03-01,4,SOUTH
MED-0365,2022-04-01,5,SOUTH
MED-0365,2022-05-01,6,SOUTH
MED-0365,2022-06-01,3,EAST
MED-0365,2022-07-01,2,SOUTH
MED-0365,2022-08-01,2,EAST
MED-0365,2022-09-01,5,EAST
MED-0365,2022-10-01,7,SOUTH
MED-0365,2022-11-01,2,SOUTH
MED-0365,2022-12-01,2,SOUTH
MED-0365,2023-01-01,4,SOUTH
MED-0365,2023-02-01,5,SOUTH
MED-0365,2023-03-01,6,SOUTH
MED-0365,2023-04-01,3,SOUTH
MED-0365,2023-05-01,7,SOUTH
MED-0365,2023-06-01,4,SOUTH
MED-0365,2023-07-01,7,NORTH
MED-0365,2023-08-01,4,WEST
MED-0365,2023-09-01,3,SOUTH
MED-0365,2023-10-01,1,SOUTH
MED-0365,2023-11-01,4,SOUTH
MED-0365,2023-12-01,4,SOUTH
MED-0365,2024-01-01,3,EAST
MED-0365,2024-02-01,4,SOUTH
MED-0365,2024-03-01,4,SOUTH
MED-0365,2024-04-01,8,SOUTH
MED-0365,2024-05-01,2,SOUTH
MED-0365,2024-06-01,6,SOUTH
MED-0365,2024-07-01,8,SOUTH
MED-0365,2024-08-01,1,SOUTH
MED-0365,2024-09-01,10,SOUTH
MED-0365,2024-10-01,3,SOUTH
MED-0365,2024-11-01,3,SOUTH
MED-0365,2024-12-01,4,SOUTH
MED-0365,2025-01-01,2,SOUTH
MED-0365,2025-02-01,6,WEST
MED-0365,2025-03-01,3,SOUTH
MED-0365,2025-04-01,5,SOUTH
MED-0365,2025-05-01,3,SOUTH
MED-0365,2025-06-01,3,SOUTH
MED-0365,2025-07-01,1,SOUTH
MED-0365,2025-08-01,5,SOUTH
MED-0365,2025-09-01,2,SOUTH
MED-0365,2025-10-01,4,SOUTH
MED-0365,2025-11-01,5,WEST
MED-0365,2025-12-01,5,WEST
MED-0366,2024-01-01,0,WEST
MED-0366,2024-02-01,3,WEST
MED-0366,2024-03-01,0,WEST
MED-0366,2024-04-01,8,WEST
MED-0366,2024-05-01,0,WEST
MED-0366,2024-06-01,0,WEST
MED-0366,2024-07-01,0,WEST
MED-0366,2024-08-01,0,WEST
MED-0366,2024-09-01,7,WEST
MED-0366,2024-10-01,3,WEST
MED-0366,2024-11-01,0,SOUTH
MED-0366,2024-12-01,4,NORTH
MED-0366,2025-01-01,0,WEST
MED-0366,2025-02-01,0,WEST
MED-0366,2025-03-01,2,WEST
MED-0366,2025-04-01,0,EAST
MED-0366,2025-05-01,0,EAST
MED-0366,2025-06-01,0,WEST
MED-0366,2025-07-01,0,NORTH
MED-0366,2025-08-01,0,EAST
MED-0366,2025-09-01,0,NORTH
MED-0366,2025-10-01,0,WEST
MED-0366,2025-11-01,19,WEST
MED-0366,2025-12-01,0,WEST
MED-0367,2022-01-01,0,EAST
MED-0367,2022-02-01,3,EAST
MED-0367,2022-03-01,0,EAST
MED-0367,2022-04-01,3,EAST
MED-0367,2022-05-01,0,EAST
MED-0367,2022-06-01,0,EAST
MED-0367,2022-07-01,0,EAST
MED-0367,2022-08-01,0,EAST
MED-0367,2022-09-01,0,EAST
MED-0367,2022-10-01,4,EAST
MED-0367,2022-11-01,6,EAST
MED-0367,2022-12-01,0,NORTH
MED-0367,2023-01-01,0,CENTRAL
MED-0367,2023-02-01,6,EAST
MED-0367,2023-03-01,0,EAST
MED-0367,2023-04-01,0,EAST
MED-0367,2023-05-01,4,EAST
MED-0367,2023-06-01,0,EAST
MED-0367,2023-07-01,0,EAST
MED-0367,2023-08-01,7,EAST
MED-0367,2023-09-01,0,EAST
MED-0367,2023-10-01,0,EAST
MED-0367,2023-11-01,0,WEST
MED-0367,2023-12-01,0,EAST
MED-0367,2024-01-01,0,CENTRAL
MED-0367,2024-02-01,0,EAST
MED-0367,2024-03-01,4,CENTRAL
MED-0367,2024-04-01,0,EAST
MED-0367,2024-05-01,3,EAST
MED-0367,2024-06-01,4,EAST
MED-0367,2024-07-01,0,EAST
MED-0367,2024-08-01,0,EAST
MED-0367,2024-09-01,0,EAST
MED-0367,2024-10-01,0,EAST
MED-0367,2024-11-01,0,EAST
MED-0367,2024-12-01,6,EAST
MED-0367,2025-01-01,0,EAST
MED-0367,2025-02-01,0,EAST
MED-0367,2025-03-01,0,CENTRAL
MED-0367,2025-04-01,0,EAST
MED-0367,2025-05-01,0,EAST
MED-0367,2025-06-01,0,EAST
MED-0367,2025-07-01,0,EAST
MED-0367,2025-08-01,0,WEST
MED-0367,2025-09-01,0,EAST
MED-0367,2025-10-01,0,SOUTH
MED-0367,2025-11-01,0,EAST
MED-0367,2025-12-01,6,EAST
MED-0368,2024-07-01,22,CENTRAL
MED-0368,2024-08-01,0,NORTH
MED-0368,2024-09-01,0,EAST
MED-0368,2024-10-01,0,NORTH
MED-0368,2024-11-01,0,CENTRAL
MED-0368,2024-12-01,0,NORTH
MED-0368,2025-01-01,0,NORTH
MED-0368,2025-02-01,0,NORTH
MED-0368,2025-03-01,20,SOUTH
MED-0368,2025-04-01,0,CENTRAL
MED-0368,2025-05-01,0,NORTH
MED-0368,2025-06-01,16,NORTH
MED-0368,2025-07-01,0,NORTH
MED-0368,2025-08-01,0,WEST
MED-0368,2025-09-01,0,CENTRAL
MED-0368,2025-10-01,0,NORTH
MED-0368,2025-11-01,0,NORTH
MED-0368,2025-12-01,0,NORTH
MED-0369,2022-01-01,2,CENTRAL
MED-0369,2022-02-01,4,SOUTH
MED-0369,2022-03-01,3,SOUTH
MED-0369,2022-04-01,4,SOUTH
MED-0369,2022-05-01,6,CENTRAL
MED-0369,2022-06-01,7,SOUTH
MED-0369,2022-07-01,3,SOUTH
MED-0369,2022-08-01,4,NORTH
MED-0369,2022-09-01,6,CENTRAL
MED-0369,2022-10-01,9,EAST
MED-0369,2022-11-01,3,SOUTH
MED-0369,2022-12-01,6,EAST
MED-0369,2023-01-01,2,SOUTH
MED-0369,2023-02-01,5,SOUTH
MED-0369,2023-03-01,5,SOUTH
MED-0369,2023-04-01,6,WEST
MED-0369,2023-05-01,10,SOUTH
MED-0369,2023-06-01,3,SOUTH
MED-0369,2023-07-01,5,SOUTH
MED-0369,2023-08-01,4,SOUTH
MED-0369,2023-09-01,2,SOUTH
MED-0369,2023-10-01,3,NORTH
MED-0369,2023-11-01,6,NORTH
MED-0369,2023-12-01,2,NORTH
MED-0369,2024-01-01,5,NORTH
MED-0369,2024-02-01,2,SOUTH
MED-0369,2024-03-01,3,EAST
MED-0369,2024-04-01,2,SOUTH
MED-0369,2024-05-01,4,SOUTH
MED-0369,2024-06-01,5,SOUTH
MED-0369,2024-07-01,3,CENTRAL
MED-0369,2024-08-01,2,SOUTH
MED-0369,2024-09-01,3,SOUTH
MED-0369,2024-10-01,4,WEST
MED-0369,2024-11-01,1,SOUTH
MED-0369,2024-12-01,6,SOUTH
MED-0369,2025-01-01,3,SOUTH
MED-0369,2025-02-01,3,SOUTH
MED-0369,2025-03-01,3,SOUTH
MED-0369,2025-04-01,0,SOUTH
MED-0369,2025-05-01,3,WEST
MED-0369,2025-06-01,4,SOUTH
MED-0369,2025-07-01,1,SOUTH
MED-0369,2025-08-01,2,SOUTH
MED-0369,2025-09-01,4,SOUTH
MED-0369,2025-10-01,5,CENTRAL
MED-0369,2025-11-01,2,SOUTH
MED-0369,2025-12-01,7,WEST
MED-0370,2024-07-01,5,NORTH
MED-0370,2024-08-01,3,CENTRAL
MED-0370,2024-09-01,5,EAST
MED-0370,2024-10-01,4,NORTH
MED-0370,2024-11-01,7,WEST
MED-0370,2024-12-01,6,NORTH
MED-0370,2025-01-01,4,NORTH
MED-0370,2025-02-01,3,NORTH
MED-0370,2025-03-01,8,NORTH
MED-0370,2025-04-01,2,SOUTH
MED-0370,2025-05-01,2,NORTH
MED-0370,2025-06-01,1,NORTH
MED-0370,2025-07-01,2,NORTH
MED-0370,2025-08-01,3,CENTRAL
MED-0370,2025-09-01,0,NORTH
MED-0370,2025-10-01,7,CENTRAL
MED-0370,2025-11-01,11,NORTH
MED-0370,2025-12-01,4,NORTH
MED-0371,2022-01-01,0,NORTH
MED-0371,2022-02-01,0,SOUTH
MED-0371,2022-03-01,0,NORTH
MED-0371,2022-04-01,0,EAST
MED-0371,2022-05-01,0,NORTH
MED-0371,2022-06-01,11,WEST
MED-0371,2022-07-01,0,NORTH
MED-0371,2022-08-01,0,NORTH
MED-0371,2022-09-01,0,NORTH
MED-0371,2022-10-01,0,NORTH
MED-0371,2022-11-01,0,NORTH
MED-0371,2022-12-01,0,NORTH
MED-0371,2023-01-01,18,NORTH
MED-0371,2023-02-01,0,NORTH
MED-0371,2023-03-01,0,NORTH
MED-0371,2023-04-01,0,SOUTH
MED-0371,2023-05-01,10,NORTH
MED-0371,2023-06-01,0,NORTH
MED-0371,2023-07-01,0,NORTH
MED-0371,2023-08-01,0,NORTH
MED-0371,2023-09-01,0,NORTH
MED-0371,2023-10-01,17,NORTH
MED-0371,2023-11-01,0,NORTH
MED-0371,2023-12-01,0,NORTH
MED-0371,2024-01-01,9,NORTH
MED-0371,2024-02-01,0,NORTH
MED-0371,2024-03-01,0,NORTH
MED-0371,2024-04-01,0,NORTH
MED-0371,2024-05-01,0,SOUTH
MED-0371,2024-06-01,0,NORTH
MED-0371,2024-07-01,0,NORTH
MED-0371,2024-08-01,13,NORTH
MED-0371,2024-09-01,0,NORTH
MED-0371,2024-10-01,20,NORTH
MED-0371,2024-11-01,0,EAST
MED-0371,2024-12-01,0,NORTH
MED-0371,2025-01-01,0,NORTH
MED-0371,2025-02-01,0,NORTH
MED-0371,2025-03-01,0,CENTRAL
MED-0371,2025-04-01,0,NORTH
MED-0371,2025-05-01,0,NORTH
MED-0371,2025-06-01,0,NORTH
MED-0371,2025-07-01,0,NORTH
MED-0371,2025-08-01,0,NORTH
MED-0371,2025-09-01,0,NORTH
MED-0371,2025-10-01,0,EAST
MED-0371,2025-11-01,0,NORTH
MED-0371,2025-12-01,0,NORTH
MED-0372,2022-01-01,0,SOUTH
MED-0372,2022-02-01,0,WEST
MED-0372,2022-03-01,0,WEST
MED-0372,2022-04-01,17,EAST
MED-0372,2022-05-01,0,CENTRAL
MED-0372,2022-06-01,0,WEST
MED-0372,2022-07-01,0,EAST
MED-0372,2022-08-01,0,NORTH
MED-0372,2022-09-01,14,EAST
MED-0372,2022-10-01,0,EAST
MED-0372,2022-11-01,0,EAST
MED-0372,2022-12-01,0,EAST
MED-0372,2023-01-01,0,NORTH
MED-0372,2023-02-01,0,EAST
MED-0372,2023-03-01,4,WEST
MED-0372,2023-04-01,5,EAST
MED-0372,2023-05-01,0,EAST
MED-0372,2023-06-01,0,EAST
MED-0372,2023-07-01,0,EAST
MED-0372,2023-08-01,0,NORTH
MED-0372,2023-09-01,0,EAST
MED-0372,2023-10-01,0,EAST
MED-0372,2023-11-01,0,EAST
MED-0372,2023-12-01,0,EAST
MED-0372,2024-01-01,0,EAST
MED-0372,2024-02-01,12,EAST
MED-0372,2024-03-01,9,EAST
MED-0372,2024-04-01,0,NORTH
MED-0372,2024-05-01,0,EAST
MED-0372,2024-06-01,0,EAST
MED-0372,2024-07-01,0,SOUTH
MED-0372,2024-08-01,0,EAST
MED-0372,2024-09-01,0,SOUTH
MED-0372,2024-10-01,0,SOUTH
MED-0372,2024-11-01,0,EAST
MED-0372,2024-12-01,0,EAST
MED-0372,2025-01-01,0,WEST
MED-0372,2025-02-01,0,EAST
MED-0372,2025-03-01,0,EAST
MED-0372,2025-04-01,0,EAST
MED-0372,2025-05-01,0,CENTRAL
MED-0372,2025-06-01,0,SOUTH
MED-0372,2025-07-01,11,EAST
MED-0372,2025-08-01,0,SOUTH
MED-0372,2025-09-01,12,EAST
MED-0372,2025-10-01,0,EAST
MED-0372,2025-11-01,0,EAST
MED-0372,2025-12-01,0,EAST
MED-0373,2023-01-01,0,SOUTH
MED-0373,2023-02-01,13,WEST
MED-0373,2023-03-01,0,WEST
MED-0373,2023-04-01,0,CENTRAL
MED-0373,2023-05-01,10,WEST
MED-0373,2023-06-01,0,CENTRAL
MED-0373,2023-07-01,0,WEST
MED-0373,2023-08-01,0,WEST
MED-0373,2023-09-01,0,WEST
MED-0373,2023-10-01,0,WEST
MED-0373,2023-11-01,0,NORTH
MED-0373,2023-12-01,0,WEST
MED-0373,2024-01-01,0,WEST
MED-0373,2024-02-01,0,WEST
MED-0373,2024-03-01,0,SOUTH
MED-0373,2024-04-01,14,WEST
MED-0373,2024-05-01,0,WEST
MED-0373,2024-06-01,20,WEST
MED-0373,2024-07-01,0,EAST
MED-0373,2024-08-01,0,WEST
MED-0373,2024-09-01,0,NORTH
MED-0373,2024-10-01,0,WEST
MED-0373,2024-11-01,9,WEST
MED-0373,2024-12-01,16,SOUTH
MED-0373,2025-01-01,0,WEST
MED-0373,2025-02-01,0,WEST
MED-0373,2025-03-01,14,WEST
MED-0373,2025-04-01,0,WEST
MED-0373,2025-05-01,0,NORTH
MED-0373,2025-06-01,0,NORTH
MED-0373,2025-07-01,0,NORTH
MED-0373,2025-08-01,0,WEST
MED-0373,2025-09-01,15,WEST
MED-0373,2025-10-01,0,WEST
MED-0373,2025-11-01,0,WEST
MED-0373,2025-12-01,14,NORTH
MED-0374,2022-01-01,2,NORTH
MED-0374,2022-02-01,5,EAST
MED-0374,2022-03-01,0,NORTH
MED-0374,2022-04-01,2,WEST
MED-0374,2022-05-01,0,EAST
MED-0374,2022-06-01,0,SOUTH
MED-0374,2022-07-01,0,EAST
MED-0374,2022-08-01,0,NORTH
MED-0374,2022-09-01,0,NORTH
MED-0374,2022-10-01,0,WEST
MED-0374,2022-11-01,0,NORTH
MED-0374,2022-12-01,0,NORTH
MED-0374,2023-01-01,0,NORTH
MED-0374,2023-02-01,8,NORTH
MED-0374,2023-03-01,0,EAST
MED-0374,2023-04-01,0,NORTH
MED-0374,2023-05-01,0,NORTH
MED-0374,2023-06-01,0,EAST
MED-0374,2023-07-01,0,NORTH
MED-0374,2023-08-01,0,NORTH
MED-0374,2023-09-01,0,NORTH
MED-0374,2023-10-01,5,NORTH
MED-0374,2023-11-01,3,WEST
MED-0374,2023-12-01,0,CENTRAL
MED-0374,2024-01-01,0,NORTH
MED-0374,2024-02-01,4,CENTRAL
MED-0374,2024-03-01,0,NORTH
MED-0374,2024-04-01,3,NORTH
MED-0374,2024-05-01,0,EAST
MED-0374,2024-06-01,0,NORTH
MED-0374,2024-07-01,0,NORTH
MED-0374,2024-08-01,3,NORTH
MED-0374,2024-09-01,0,NORTH
MED-0374,2024-10-01,0,NORTH
MED-0374,2024-11-01,0,NORTH
MED-0374,2024-12-01,8,NORTH
MED-0374,2025-01-01,0,NORTH
MED-0374,2025-02-01,0,NORTH
MED-0374,2025-03-01,7,NORTH
MED-0374,2025-04-01,0,NORTH
MED-0374,2025-05-01,4,NORTH
MED-0374,2025-06-01,0,NORTH
MED-0374,2025-07-01,0,EAST
MED-0374,2025-08-01,0,NORTH
MED-0374,2025-09-01,0,NORTH
MED-0374,2025-10-01,8,NORTH
MED-0374,2025-11-01,0,NORTH
MED-0374,2025-12-01,3,NORTH
MED-0375,2022-01-01,7,CENTRAL
MED-0375,2022-02-01,3,CENTRAL
MED-0375,2022-03-01,4,CENTRAL
MED-0375,2022-04-01,8,CENTRAL
MED-0375,2022-05-01,5,NORTH
MED-0375,2022-06-01,9,CENTRAL
MED-0375,2022-07-01,9,CENTRAL
MED-0375,2022-08-01,3,CENTRAL
MED-0375,2022-09-01,0,WEST
MED-0375,2022-10-01,6,CENTRAL
MED-0375,2022-11-01,3,CENTRAL
MED-0375,2022-12-01,1,CENTRAL
MED-0375,2023-01-01,3,NORTH
MED-0375,2023-02-01,4,NORTH
MED-0375,2023-03-01,6,WEST
MED-0375,2023-04-01,2,CENTRAL
MED-0375,2023-05-01,6,CENTRAL
MED-0375,2023-06-01,3,CENTRAL
MED-0375,2023-07-01,5,CENTRAL
MED-0375,2023-08-01,3,NORTH
MED-0375,2023-09-01,1,CENTRAL
MED-0375,2023-10-01,6,EAST
MED-0375,2023-11-01,5,CENTRAL
MED-0375,2023-12-01,7,NORTH
MED-0375,2024-01-01,2,NORTH
MED-0375,2024-02-01,4,CENTRAL
MED-0375,2024-03-01,3,CENTRAL
MED-0375,2024-04-01,4,CENTRAL
MED-0375,2024-05-01,3,CENTRAL
MED-0375,2024-06-01,6,CENTRAL
MED-0375,2024-07-01,2,CENTRAL
MED-0375,2024-08-01,7,WEST
MED-0375,2024-09-01,4,EAST
MED-0375,2024-10-01,2,CENTRAL
MED-0375,2024-11-01,6,WEST
MED-0375,2024-12-01,4,SOUTH
MED-0375,2025-01-01,5,EAST
MED-0375,2025-02-01,5,CENTRAL
MED-0375,2025-03-01,6,NORTH
MED-0375,2025-04-01,3,SOUTH
MED-0375,2025-05-01,5,EAST
MED-0375,2025-06-01,4,EAST
MED-0375,2025-07-01,6,CENTRAL
MED-0375,2025-08-01,8,CENTRAL
MED-0375,2025-09-01,6,CENTRAL
MED-0375,2025-10-01,4,WEST
MED-0375,2025-11-01,4,CENTRAL
MED-0375,2025-12-01,9,CENTRAL
MED-0376,2024-01-01,5,SOUTH
MED-0376,2024-02-01,2,WEST
MED-0376,2024-03-01,2,WEST
MED-0376,2024-04-01,6,WEST
MED-0376,2024-05-01,5,WEST
MED-0376,2024-06-01,4,NORTH
MED-0376,2024-07-01,3,WEST
MED-0376,2024-08-01,3,SOUTH
MED-0376,2024-09-01,6,EAST
MED-0376,2024-10-01,9,WEST
MED-0376,2024-11-01,5,WEST
MED-0376,2024-12-01,3,WEST
MED-0376,2025-01-01,2,WEST
MED-0376,2025-02-01,4,CENTRAL
MED-0376,2025-03-01,6,EAST
MED-0376,2025-04-01,2,WEST
MED-0376,2025-05-01,5,EAST
MED-0376,2025-06-01,8,WEST
MED-0376,2025-07-01,7,SOUTH
MED-0376,2025-08-01,0,WEST
MED-0376,2025-09-01,4,WEST
MED-0376,2025-10-01,4,WEST
MED-0376,2025-11-01,4,WEST
MED-0376,2025-12-01,0,WEST
MED-0377,2023-01-01,1,EAST
MED-0377,2023-02-01,4,NORTH
MED-0377,2023-03-01,11,WEST
MED-0377,2023-04-01,3,EAST
MED-0377,2023-05-01,7,EAST
MED-0377,2023-06-01,5,CENTRAL
MED-0377,2023-07-01,5,CENTRAL
MED-0377,2023-08-01,1,WEST
MED-0377,2023-09-01,1,EAST
MED-0377,2023-10-01,2,EAST
MED-0377,2023-11-01,3,WEST
MED-0377,2023-12-01,0,EAST
MED-0377,2024-01-01,1,EAST
MED-0377,2024-02-01,1,EAST
MED-0377,2024-03-01,8,EAST
MED-0377,2024-04-01,3,EAST
MED-0377,2024-05-01,7,EAST
MED-0377,2024-06-01,3,EAST
MED-0377,2024-07-01,4,EAST
MED-0377,2024-08-01,6,EAST
MED-0377,2024-09-01,5,EAST
MED-0377,2024-10-01,5,WEST
MED-0377,2024-11-01,2,EAST
MED-0377,2024-12-01,1,EAST
MED-0377,2025-01-01,5,CENTRAL
MED-0377,2025-02-01,7,WEST
MED-0377,2025-03-01,0,EAST
MED-0377,2025-04-01,7,EAST
MED-0377,2025-05-01,4,NORTH
MED-0377,2025-06-01,4,EAST
MED-0377,2025-07-01,1,EAST
MED-0377,2025-08-01,1,SOUTH
MED-0377,2025-09-01,1,CENTRAL
MED-0377,2025-10-01,6,EAST
MED-0377,2025-11-01,4,EAST
MED-0377,2025-12-01,3,EAST
MED-0378,2024-01-01,0,WEST
MED-0378,2024-02-01,23,WEST
MED-0378,2024-03-01,0,WEST
MED-0378,2024-04-01,18,WEST
MED-0378,2024-05-01,0,WEST
MED-0378,2024-06-01,0,WEST
MED-0378,2024-07-01,0,EAST
MED-0378,2024-08-01,0,WEST
MED-0378,2024-09-01,0,WEST
MED-0378,2024-10-01,0,WEST
MED-0378,2024-11-01,0,WEST
MED-0378,2024-12-01,20,EAST
MED-0378,2025-01-01,0,CENTRAL
MED-0378,2025-02-01,9,WEST
MED-0378,2025-03-01,0,WEST
MED-0378,2025-04-01,0,WEST
MED-0378,2025-05-01,13,CENTRAL
MED-0378,2025-06-01,10,EAST
MED-0378,2025-07-01,0,WEST
MED-0378,2025-08-01,0,WEST
MED-0378,2025-09-01,0,WEST
MED-0378,2025-10-01,0,WEST
MED-0378,2025-11-01,0,NORTH
MED-0378,2025-12-01,0,NORTH
MED-0379,2022-01-01,0,NORTH
MED-0379,2022-02-01,0,CENTRAL
MED-0379,2022-03-01,0,CENTRAL
MED-0379,2022-04-01,0,WEST
MED-0379,2022-05-01,0,WEST
MED-0379,2022-06-01,0,WEST
MED-0379,2022-07-01,10,WEST
MED-0379,2022-08-01,0,WEST
MED-0379,2022-09-01,0,WEST
MED-0379,2022-10-01,0,WEST
MED-0379,2022-11-01,0,CENTRAL
MED-0379,2022-12-01,0,CENTRAL
MED-0379,2023-01-01,0,WEST
MED-0379,2023-02-01,0,WEST
MED-0379,2023-03-01,0,WEST
MED-0379,2023-04-01,20,EAST
MED-0379,2023-05-01,0,WEST
MED-0379,2023-06-01,4,WEST
MED-0379,2023-07-01,0,WEST
MED-0379,2023-08-01,0,NORTH
MED-0379,2023-09-01,0,SOUTH
MED-0379,2023-10-01,0,WEST
MED-0379,2023-11-01,0,CENTRAL
MED-0379,2023-12-01,0,WEST
MED-0379,2024-01-01,0,WEST
MED-0379,2024-02-01,0,EAST
MED-0379,2024-03-01,2,WEST
MED-0379,2024-04-01,0,WEST
MED-0379,2024-05-01,0,WEST
MED-0379,2024-06-01,0,EAST
MED-0379,2024-07-01,9,CENTRAL
MED-0379,2024-08-01,0,WEST
MED-0379,2024-09-01,0,WEST
MED-0379,2024-10-01,0,WEST
MED-0379,2024-11-01,0,WEST
MED-0379,2024-12-01,0,NORTH
MED-0379,2025-01-01,0,WEST
MED-0379,2025-02-01,0,WEST
MED-0379,2025-03-01,0,WEST
MED-0379,2025-04-01,0,WEST
MED-0379,2025-05-01,6,SOUTH
MED-0379,2025-06-01,0,WEST
MED-0379,2025-07-01,0,EAST
MED-0379,2025-08-01,0,WEST
MED-0379,2025-09-01,7,WEST
MED-0379,2025-10-01,0,CENTRAL
MED-0379,2025-11-01,0,SOUTH
MED-0379,2025-12-01,0,WEST
MED-0380,2023-07-01,13,CENTRAL
MED-0380,2023-08-01,4,EAST
MED-0380,2023-09-01,3,EAST
MED-0380,2023-10-01,9,EAST
MED-0380,2023-11-01,2,CENTRAL
MED-0380,2023-12-01,3,EAST
MED-0380,2024-01-01,4,EAST
MED-0380,2024-02-01,2,EAST
MED-0380,2024-03-01,4,NORTH
MED-0380,2024-04-01,6,NORTH
MED-0380,2024-05-01,2,EAST
MED-0380,2024-06-01,6,WEST
MED-0380,2024-07-01,6,EAST
MED-0380,2024-08-01,3,EAST
MED-0380,2024-09-01,5,EAST
MED-0380,2024-10-01,5,EAST
MED-0380,2024-11-01,3,EAST
MED-0380,2024-12-01,7,NORTH
MED-0380,2025-01-01,4,EAST
MED-0380,2025-02-01,3,EAST
MED-0380,2025-03-01,8,EAST
MED-0380,2025-04-01,9,EAST
MED-0380,2025-05-01,8,EAST
MED-0380,2025-06-01,5,CENTRAL
MED-0380,2025-07-01,3,EAST
MED-0380,2025-08-01,6,EAST
MED-0380,2025-09-01,6,CENTRAL
MED-0380,2025-10-01,7,EAST
MED-0380,2025-11-01,3,EAST
MED-0380,2025-12-01,3,CENTRAL
MED-0381,2022-01-01,0,EAST
MED-0381,2022-02-01,0,CENTRAL
MED-0381,2022-03-01,0,WEST
MED-0381,2022-04-01,0,CENTRAL
MED-0381,2022-05-01,4,CENTRAL
MED-0381,2022-06-01,0,CENTRAL
MED-0381,2022-07-01,2,EAST
MED-0381,2022-08-01,11,CENTRAL
MED-0381,2022-09-01,0,CENTRAL
MED-0381,2022-10-01,0,SOUTH
MED-0381,2022-11-01,0,CENTRAL
MED-0381,2022-12-01,0,CENTRAL
MED-0381,2023-01-01,6,CENTRAL
MED-0381,2023-02-01,0,SOUTH
MED-0381,2023-03-01,0,EAST
MED-0381,2023-04-01,0,SOUTH
MED-0381,2023-05-01,0,CENTRAL
MED-0381,2023-06-01,0,NORTH
MED-0381,2023-07-01,0,EAST
MED-0381,2023-08-01,0,WEST
MED-0381,2023-09-01,0,WEST
MED-0381,2023-10-01,6,CENTRAL
MED-0381,2023-11-01,7,CENTRAL
MED-0381,2023-12-01,0,CENTRAL
MED-0381,2024-01-01,5,CENTRAL
MED-0381,2024-02-01,0,CENTRAL
MED-0381,2024-03-01,0,CENTRAL
MED-0381,2024-04-01,0,CENTRAL
MED-0381,2024-05-01,8,EAST
MED-0381,2024-06-01,0,CENTRAL
MED-0381,2024-07-01,0,CENTRAL
MED-0381,2024-08-01,0,WEST
MED-0381,2024-09-01,5,CENTRAL
MED-0381,2024-10-01,0,EAST
MED-0381,2024-11-01,7,CENTRAL
MED-0381,2024-12-01,2,CENTRAL
MED-0381,2025-01-01,0,CENTRAL
MED-0381,2025-02-01,0,CENTRAL
MED-0381,2025-03-01,0,WEST
MED-0381,2025-04-01,0,CENTRAL
MED-0381,2025-05-01,5,EAST
MED-0381,2025-06-01,0,CENTRAL
MED-0381,2025-07-01,0,CENTRAL
MED-0381,2025-08-01,0,CENTRAL
MED-0381,2025-09-01,0,EAST
MED-0381,2025-10-01,0,EAST
MED-0381,2025-11-01,4,EAST
MED-0381,2025-12-01,0,SOUTH
MED-0382,2022-01-01,0,EAST
MED-0382,2022-02-01,0,EAST
MED-0382,2022-03-01,9,EAST
MED-0382,2022-04-01,4,EAST
MED-0382,2022-05-01,0,EAST
MED-0382,2022-06-01,0,EAST
MED-0382,2022-07-01,0,EAST
MED-0382,2022-08-01,8,NORTH
MED-0382,2022-09-01,4,EAST
MED-0382,2022-10-01,0,EAST
MED-0382,2022-11-01,0,EAST
MED-0382,2022-12-01,0,CENTRAL
MED-0382,2023-01-01,0,EAST
MED-0382,2023-02-01,0,EAST
MED-0382,2023-03-01,0,SOUTH
MED-0382,2023-04-01,31,EAST
MED-0382,2023-05-01,0,WEST
MED-0382,2023-06-01,0,EAST
MED-0382,2023-07-01,8,EAST
MED-0382,2023-08-01,0,SOUTH
MED-0382,2023-09-01,0,NORTH
MED-0382,2023-10-01,0,WEST
MED-0382,2023-11-01,0,CENTRAL
MED-0382,2023-12-01,0,EAST
MED-0382,2024-01-01,0,EAST
MED-0382,2024-02-01,0,CENTRAL
MED-0382,2024-03-01,0,EAST
MED-0382,2024-04-01,0,EAST
MED-0382,2024-05-01,4,SOUTH
MED-0382,2024-06-01,0,EAST
MED-0382,2024-07-01,0,EAST
MED-0382,2024-08-01,0,EAST
MED-0382,2024-09-01,4,EAST
MED-0382,2024-10-01,0,EAST
MED-0382,2024-11-01,0,EAST
MED-0382,2024-12-01,0,EAST
MED-0382,2025-01-01,0,NORTH
MED-0382,2025-02-01,0,EAST
MED-0382,2025-03-01,0,CENTRAL
MED-0382,2025-04-01,0,EAST
MED-0382,2025-05-01,0,NORTH
MED-0382,2025-06-01,0,EAST
MED-0382,2025-07-01,8,WEST
MED-0382,2025-08-01,0,EAST
MED-0382,2025-09-01,5,EAST
MED-0382,2025-10-01,3,EAST
MED-0382,2025-11-01,0,WEST
MED-0382,2025-12-01,0,EAST
MED-0383,2023-07-01,0,WEST
MED-0383,2023-08-01,0,SOUTH
MED-0383,2023-09-01,0,WEST
MED-0383,2023-10-01,0,CENTRAL
MED-0383,2023-11-01,0,WEST
MED-0383,2023-12-01,0,WEST
MED-0383,2024-01-01,0,EAST
MED-0383,2024-02-01,0,CENTRAL
MED-0383,2024-03-01,0,WEST
MED-0383,2024-04-01,0,WEST
MED-0383,2024-05-01,0,WEST
MED-0383,2024-06-01,0,NORTH
MED-0383,2024-07-01,0,WEST
MED-0383,2024-08-01,0,SOUTH
MED-0383,2024-09-01,0,WEST
MED-0383,2024-10-01,0,EAST
MED-0383,2024-11-01,0,SOUTH
MED-0383,2024-12-01,0,NORTH
MED-0383,2025-01-01,0,WEST
MED-0383,2025-02-01,0,SOUTH
MED-0383,2025-03-01,3,WEST
MED-0383,2025-04-01,0,CENTRAL
MED-0383,2025-05-01,0,WEST
MED-0383,2025-06-01,0,WEST
MED-0383,2025-07-01,0,WEST
MED-0383,2025-08-01,0,WEST
MED-0383,2025-09-01,0,WEST
MED-0383,2025-10-01,0,EAST
MED-0383,2025-11-01,0,WEST
MED-0383,2025-12-01,0,WEST
MED-0384,2022-01-01,9,EAST
MED-0384,2022-02-01,5,WEST
MED-0384,2022-03-01,3,EAST
MED-0384,2022-04-01,1,EAST
MED-0384,2022-05-01,7,EAST
MED-0384,2022-06-01,6,EAST
MED-0384,2022-07-01,4,EAST
MED-0384,2022-08-01,5,EAST
MED-0384,2022-09-01,0,EAST
MED-0384,2022-10-01,3,EAST
MED-0384,2022-11-01,0,WEST
MED-0384,2022-12-01,4,EAST
MED-0384,2023-01-01,0,EAST
MED-0384,2023-02-01,2,SOUTH
MED-0384,2023-03-01,0,EAST
MED-0384,2023-04-01,1,SOUTH
MED-0384,2023-05-01,7,EAST
MED-0384,2023-06-01,10,CENTRAL
MED-0384,2023-07-01,1,EAST
MED-0384,2023-08-01,2,EAST
MED-0384,2023-09-01,3,EAST
MED-0384,2023-10-01,3,EAST
MED-0384,2023-11-01,1,EAST
MED-0384,2023-12-01,2,EAST
MED-0384,2024-01-01,5,EAST
MED-0384,2024-02-01,8,EAST
MED-0384,2024-03-01,2,WEST
MED-0384,2024-04-01,6,EAST
MED-0384,2024-05-01,3,EAST
MED-0384,2024-06-01,3,EAST
MED-0384,2024-07-01,10,EAST
MED-0384,2024-08-01,0,EAST
MED-0384,2024-09-01,5,EAST
MED-0384,2024-10-01,6,EAST
MED-0384,2024-11-01,3,EAST
MED-0384,2024-12-01,0,EAST
MED-0384,2025-01-01,4,EAST
MED-0384,2025-02-01,3,EAST
MED-0384,2025-03-01,2,EAST
MED-0384,2025-04-01,4,EAST
MED-0384,2025-05-01,4,EAST
MED-0384,2025-06-01,4,EAST
MED-0384,2025-07-01,3,EAST
MED-0384,2025-08-01,1,EAST
MED-0384,2025-09-01,0,EAST
MED-0384,2025-10-01,2,EAST
MED-0384,2025-11-01,1,EAST
MED-0384,2025-12-01,5,EAST
MED-0385,2024-07-01,2,SOUTH
MED-0385,2024-08-01,4,SOUTH
MED-0385,2024-09-01,2,SOUTH
MED-0385,2024-10-01,4,SOUTH
MED-0385,2024-11-01,5,SOUTH
MED-0385,2024-12-01,5,SOUTH
MED-0385,2025-01-01,3,CENTRAL
MED-0385,2025-02-01,4,SOUTH
MED-0385,2025-03-01,4,SOUTH
MED-0385,2025-04-01,3,SOUTH
MED-0385,2025-05-01,2,SOUTH
MED-0385,2025-06-01,5,SOUTH
MED-0385,2025-07-01,3,SOUTH
MED-0385,2025-08-01,3,SOUTH
MED-0385,2025-09-01,3,SOUTH
MED-0385,2025-10-01,3,CENTRAL
MED-0385,2025-11-01,5,SOUTH
MED-0385,2025-12-01,5,SOUTH
MED-0386,2022-01-01,4,CENTRAL
MED-0386,2022-02-01,10,CENTRAL
MED-0386,2022-03-01,4,WEST
MED-0386,2022-04-01,7,WEST
MED-0386,2022-05-01,14,CENTRAL
MED-0386,2022-06-01,6,CENTRAL
MED-0386,2022-07-01,3,SOUTH
MED-0386,2022-08-01,6,CENTRAL
MED-0386,2022-09-01,5,CENTRAL
MED-0386,2022-10-01,6,CENTRAL
MED-0386,2022-11-01,10,WEST
MED-0386,2022-12-01,5,CENTRAL
MED-0386,2023-01-01,9,SOUTH
MED-0386,2023-02-01,4,CENTRAL
MED-0386,2023-03-01,6,CENTRAL
MED-0386,2023-04-01,4,CENTRAL
MED-0386,2023-05-01,4,CENTRAL
MED-0386,2023-06-01,7,EAST
MED-0386,2023-07-01,9,CENTRAL
MED-0386,2023-08-01,7,CENTRAL
MED-0386,2023-09-01,4,SOUTH
MED-0386,2023-10-01,12,CENTRAL
MED-0386,2023-11-01,7,NORTH
MED-0386,2023-12-01,6,EAST
MED-0386,2024-01-01,8,NORTH
MED-0386,2024-02-01,7,CENTRAL
MED-0386,2024-03-01,4,SOUTH
MED-0386,2024-04-01,7,CENTRAL
MED-0386,2024-05-01,9,CENTRAL
MED-0386,2024-06-01,3,CENTRAL
MED-0386,2024-07-01,5,CENTRAL
MED-0386,2024-08-01,5,CENTRAL
MED-0386,2024-09-01,11,CENTRAL
MED-0386,2024-10-01,2,CENTRAL
MED-0386,2024-11-01,8,CENTRAL
MED-0386,2024-12-01,3,CENTRAL
MED-0386,2025-01-01,3,CENTRAL
MED-0386,2025-02-01,7,CENTRAL
MED-0386,2025-03-01,3,CENTRAL
MED-0386,2025-04-01,6,CENTRAL
MED-0386,2025-05-01,8,CENTRAL
MED-0386,2025-06-01,7,CENTRAL
MED-0386,2025-07-01,2,WEST
MED-0386,2025-08-01,6,CENTRAL
MED-0386,2025-09-01,9,CENTRAL
MED-0386,2025-10-01,8,CENTRAL
MED-0386,2025-11-01,12,WEST
MED-0386,2025-12-01,4,CENTRAL
MED-0387,2022-01-01,4,EAST
MED-0387,2022-02-01,0,EAST
MED-0387,2022-03-01,2,CENTRAL
MED-0387,2022-04-01,5,SOUTH
MED-0387,2022-05-01,6,EAST
MED-0387,2022-06-01,4,EAST
MED-0387,2022-07-01,0,EAST
MED-0387,2022-08-01,1,EAST
MED-0387,2022-09-01,0,EAST
MED-0387,2022-10-01,3,EAST
MED-0387,2022-11-01,3,EAST
MED-0387,2022-12-01,1,EAST
MED-0387,2023-01-01,3,CENTRAL
MED-0387,2023-02-01,2,NORTH
MED-0387,2023-03-01,5,EAST
MED-0387,2023-04-01,3,NORTH
MED-0387,2023-05-01,4,WEST
MED-0387,2023-06-01,0,EAST
MED-0387,2023-07-01,8,NORTH
MED-0387,2023-08-01,3,EAST
MED-0387,2023-09-01,3,EAST
MED-0387,2023-10-01,2,EAST
MED-0387,2023-11-01,0,WEST
MED-0387,2023-12-01,2,NORTH
MED-0387,2024-01-01,1,NORTH
MED-0387,2024-02-01,4,EAST
MED-0387,2024-03-01,3,EAST
MED-0387,2024-04-01,0,WEST
MED-0387,2024-05-01,7,EAST
MED-0387,2024-06-01,11,EAST
MED-0387,2024-07-01,5,SOUTH
MED-0387,2024-08-01,4,EAST
MED-0387,2024-09-01,1,EAST
MED-0387,2024-10-01,6,EAST
MED-0387,2024-11-01,3,EAST
MED-0387,2024-12-01,2,SOUTH
MED-0387,2025-01-01,2,EAST
MED-0387,2025-02-01,3,EAST
MED-0387,2025-03-01,10,EAST
MED-0387,2025-04-01,1,EAST
MED-0387,2025-05-01,2,EAST
MED-0387,2025-06-01,4,EAST
MED-0387,2025-07-01,1,WEST
MED-0387,2025-08-01,2,EAST
MED-0387,2025-09-01,0,EAST
MED-0387,2025-10-01,3,EAST
MED-0387,2025-11-01,5,EAST
MED-0387,2025-12-01,2,SOUTH
MED-0388,2024-01-01,0,NORTH
MED-0388,2024-02-01,0,EAST
MED-0388,2024-03-01,16,EAST
MED-0388,2024-04-01,9,EAST
MED-0388,2024-05-01,18,NORTH
MED-0388,2024-06-01,0,EAST
MED-0388,2024-07-01,0,NORTH
MED-0388,2024-08-01,0,EAST
MED-0388,2024-09-01,0,SOUTH
MED-0388,2024-10-01,0,CENTRAL
MED-0388,2024-11-01,0,EAST
MED-0388,2024-12-01,53,EAST
MED-0388,2025-01-01,10,EAST
MED-0388,2025-02-01,0,EAST
MED-0388,2025-03-01,12,NORTH
MED-0388,2025-04-01,0,SOUTH
MED-0388,2025-05-01,0,EAST
MED-0388,2025-06-01,0,WEST
MED-0388,2025-07-01,0,EAST
MED-0388,2025-08-01,0,EAST
MED-0388,2025-09-01,13,EAST
MED-0388,2025-10-01,15,EAST
MED-0388,2025-11-01,0,NORTH
MED-0388,2025-12-01,0,EAST
MED-0389,2022-01-01,0,SOUTH
MED-0389,2022-02-01,0,SOUTH
MED-0389,2022-03-01,1,EAST
MED-0389,2022-04-01,0,WEST
MED-0389,2022-05-01,0,NORTH
MED-0389,2022-06-01,0,NORTH
MED-0389,2022-07-01,6,NORTH
MED-0389,2022-08-01,5,NORTH
MED-0389,2022-09-01,0,NORTH
MED-0389,2022-10-01,0,NORTH
MED-0389,2022-11-01,0,NORTH
MED-0389,2022-12-01,0,NORTH
MED-0389,2023-01-01,0,NORTH
MED-0389,2023-02-01,0,NORTH
MED-0389,2023-03-01,0,NORTH
MED-0389,2023-04-01,0,NORTH
MED-0389,2023-05-01,10,WEST
MED-0389,2023-06-01,0,NORTH
MED-0389,2023-07-01,2,NORTH
MED-0389,2023-08-01,0,NORTH
MED-0389,2023-09-01,0,NORTH
MED-0389,2023-10-01,7,NORTH
MED-0389,2023-11-01,0,NORTH
MED-0389,2023-12-01,0,NORTH
MED-0389,2024-01-01,0,WEST
MED-0389,2024-02-01,5,NORTH
MED-0389,2024-03-01,0,WEST
MED-0389,2024-04-01,0,EAST
MED-0389,2024-05-01,0,SOUTH
MED-0389,2024-06-01,0,SOUTH
MED-0389,2024-07-01,13,NORTH
MED-0389,2024-08-01,0,NORTH
MED-0389,2024-09-01,0,NORTH
MED-0389,2024-10-01,0,SOUTH
MED-0389,2024-11-01,0,NORTH
MED-0389,2024-12-01,0,NORTH
MED-0389,2025-01-01,0,SOUTH
MED-0389,2025-02-01,0,SOUTH
MED-0389,2025-03-01,9,NORTH
MED-0389,2025-04-01,0,NORTH
MED-0389,2025-05-01,5,NORTH
MED-0389,2025-06-01,0,NORTH
MED-0389,2025-07-01,0,NORTH
MED-0389,2025-08-01,0,NORTH
MED-0389,2025-09-01,9,NORTH
MED-0389,2025-10-01,0,CENTRAL
MED-0389,2025-11-01,0,NORTH
MED-0389,2025-12-01,5,CENTRAL
MED-0390,2024-07-01,0,CENTRAL
MED-0390,2024-08-01,2,CENTRAL
MED-0390,2024-09-01,2,CENTRAL
MED-0390,2024-10-01,1,NORTH
MED-0390,2024-11-01,0,CENTRAL
MED-0390,2024-12-01,1,CENTRAL
MED-0390,2025-01-01,2,CENTRAL
MED-0390,2025-02-01,3,CENTRAL
MED-0390,2025-03-01,3,CENTRAL
MED-0390,2025-04-01,6,CENTRAL
MED-0390,2025-05-01,2,CENTRAL
MED-0390,2025-06-01,1,WEST
MED-0390,2025-07-01,0,CENTRAL
MED-0390,2025-08-01,1,CENTRAL
MED-0390,2025-09-01,0,CENTRAL
MED-0390,2025-10-01,6,CENTRAL
MED-0390,2025-11-01,5,EAST
MED-0390,2025-12-01,2,CENTRAL
MED-0391,2023-01-01,0,SOUTH
MED-0391,2023-02-01,0,SOUTH
MED-0391,2023-03-01,0,EAST
MED-0391,2023-04-01,0,SOUTH
MED-0391,2023-05-01,0,WEST
MED-0391,2023-06-01,0,SOUTH
MED-0391,2023-07-01,0,EAST
MED-0391,2023-08-01,8,SOUTH
MED-0391,2023-09-01,0,SOUTH
MED-0391,2023-10-01,0,SOUTH
MED-0391,2023-11-01,0,EAST
MED-0391,2023-12-01,0,SOUTH
MED-0391,2024-01-01,2,SOUTH
MED-0391,2024-02-01,0,SOUTH
MED-0391,2024-03-01,0,NORTH
MED-0391,2024-04-01,9,SOUTH
MED-0391,2024-05-01,0,SOUTH
MED-0391,2024-06-01,0,SOUTH
MED-0391,2024-07-01,0,SOUTH
MED-0391,2024-08-01,0,EAST
MED-0391,2024-09-01,0,SOUTH
MED-0391,2024-10-01,0,SOUTH
MED-0391,2024-11-01,4,SOUTH
MED-0391,2024-12-01,5,SOUTH
MED-0391,2025-01-01,0,EAST
MED-0391,2025-02-01,0,SOUTH
MED-0391,2025-03-01,0,SOUTH
MED-0391,2025-04-01,0,SOUTH
MED-0391,2025-05-01,4,SOUTH
MED-0391,2025-06-01,0,CENTRAL
MED-0391,2025-07-01,0,SOUTH
MED-0391,2025-08-01,6,SOUTH
MED-0391,2025-09-01,0,SOUTH
MED-0391,2025-10-01,7,SOUTH
MED-0391,2025-11-01,2,SOUTH
MED-0391,2025-12-01,3,SOUTH
MED-0392,2022-01-01,5,SOUTH
MED-0392,2022-02-01,1,SOUTH
MED-0392,2022-03-01,4,SOUTH
MED-0392,2022-04-01,3,WEST
MED-0392,2022-05-01,7,SOUTH
MED-0392,2022-06-01,5,NORTH
MED-0392,2022-07-01,4,SOUTH
MED-0392,2022-08-01,6,SOUTH
MED-0392,2022-09-01,5,SOUTH
MED-0392,2022-10-01,5,SOUTH
MED-0392,2022-11-01,7,EAST
MED-0392,2022-12-01,1,NORTH
MED-0392,2023-01-01,6,NORTH
MED-0392,2023-02-01,5,SOUTH
MED-0392,2023-03-01,3,SOUTH
MED-0392,2023-04-01,6,SOUTH
MED-0392,2023-05-01,7,SOUTH
MED-0392,2023-06-01,3,EAST
MED-0392,2023-07-01,5,CENTRAL
MED-0392,2023-08-01,3,SOUTH
MED-0392,2023-09-01,4,SOUTH
MED-0392,2023-10-01,2,EAST
MED-0392,2023-11-01,7,SOUTH
MED-0392,2023-12-01,3,SOUTH
MED-0392,2024-01-01,4,SOUTH
MED-0392,2024-02-01,4,WEST
MED-0392,2024-03-01,5,SOUTH
MED-0392,2024-04-01,12,SOUTH
MED-0392,2024-05-01,4,SOUTH
MED-0392,2024-06-01,0,SOUTH
MED-0392,2024-07-01,10,CENTRAL
MED-0392,2024-08-01,7,SOUTH
MED-0392,2024-09-01,8,SOUTH
MED-0392,2024-10-01,2,SOUTH
MED-0392,2024-11-01,4,EAST
MED-0392,2024-12-01,3,SOUTH
MED-0392,2025-01-01,3,SOUTH
MED-0392,2025-02-01,2,SOUTH
MED-0392,2025-03-01,2,SOUTH
MED-0392,2025-04-01,7,SOUTH
MED-0392,2025-05-01,7,SOUTH
MED-0392,2025-06-01,3,SOUTH
MED-0392,2025-07-01,4,SOUTH
MED-0392,2025-08-01,2,NORTH
MED-0392,2025-09-01,10,SOUTH
MED-0392,2025-10-01,1,SOUTH
MED-0392,2025-11-01,4,EAST
MED-0392,2025-12-01,6,WEST
MED-0393,2022-01-01,7,EAST
MED-0393,2022-02-01,1,SOUTH
MED-0393,2022-03-01,6,SOUTH
MED-0393,2022-04-01,4,SOUTH
MED-0393,2022-05-01,1,SOUTH
MED-0393,2022-06-01,2,WEST
MED-0393,2022-07-01,4,SOUTH
MED-0393,2022-08-01,2,SOUTH
MED-0393,2022-09-01,1,WEST
MED-0393,2022-10-01,4,SOUTH
MED-0393,2022-11-01,5,SOUTH
MED-0393,2022-12-01,0,CENTRAL
MED-0393,2023-01-01,1,SOUTH
MED-0393,2023-02-01,3,SOUTH
MED-0393,2023-03-01,4,SOUTH
MED-0393,2023-04-01,5,NORTH
MED-0393,2023-05-01,5,SOUTH
MED-0393,2023-06-01,4,SOUTH
MED-0393,2023-07-01,1,SOUTH
MED-0393,2023-08-01,7,SOUTH
MED-0393,2023-09-01,5,SOUTH
MED-0393,2023-10-01,2,SOUTH
MED-0393,2023-11-01,1,SOUTH
MED-0393,2023-12-01,6,SOUTH
MED-0393,2024-01-01,0,SOUTH
MED-0393,2024-02-01,2,SOUTH
MED-0393,2024-03-01,4,CENTRAL
MED-0393,2024-04-01,6,SOUTH
MED-0393,2024-05-01,2,NORTH
MED-0393,2024-06-01,2,SOUTH
MED-0393,2024-07-01,2,SOUTH
MED-0393,2024-08-01,3,SOUTH
MED-0393,2024-09-01,5,SOUTH
MED-0393,2024-10-01,2,SOUTH
MED-0393,2024-11-01,42,SOUTH
MED-0393,2024-12-01,5,SOUTH
MED-0393,2025-01-01,6,SOUTH
MED-0393,2025-02-01,4,SOUTH
MED-0393,2025-03-01,2,SOUTH
MED-0393,2025-04-01,4,SOUTH
MED-0393,2025-05-01,4,SOUTH
MED-0393,2025-06-01,5,SOUTH
MED-0393,2025-07-01,2,SOUTH
MED-0393,2025-08-01,4,SOUTH
MED-0393,2025-09-01,1,SOUTH
MED-0393,2025-10-01,6,EAST
MED-0393,2025-11-01,1,SOUTH
MED-0393,2025-12-01,6,SOUTH
MED-0394,2023-01-01,0,CENTRAL
MED-0394,2023-02-01,0,CENTRAL
MED-0394,2023-03-01,0,CENTRAL
MED-0394,2023-04-01,0,CENTRAL
MED-0394,2023-05-01,0,SOUTH
MED-0394,2023-06-01,0,CENTRAL
MED-0394,2023-07-01,7,CENTRAL
MED-0394,2023-08-01,0,EAST
MED-0394,2023-09-01,0,CENTRAL
MED-0394,2023-10-01,0,EAST
MED-0394,2023-11-01,0,NORTH
MED-0394,2023-12-01,0,CENTRAL
MED-0394,2024-01-01,0,CENTRAL
MED-0394,2024-02-01,0,CENTRAL
MED-0394,2024-03-01,0,CENTRAL
MED-0394,2024-04-01,11,CENTRAL
MED-0394,2024-05-01,4,CENTRAL
MED-0394,2024-06-01,4,CENTRAL
MED-0394,2024-07-01,0,EAST
MED-0394,2024-08-01,0,EAST
MED-0394,2024-09-01,9,CENTRAL
MED-0394,2024-10-01,51,CENTRAL
MED-0394,2024-11-01,4,CENTRAL
MED-0394,2024-12-01,0,CENTRAL
MED-0394,2025-01-01,0,CENTRAL
MED-0394,2025-02-01,0,CENTRAL
MED-0394,2025-03-01,5,CENTRAL
MED-0394,2025-04-01,0,CENTRAL
MED-0394,2025-05-01,0,EAST
MED-0394,2025-06-01,0,CENTRAL
MED-0394,2025-07-01,0,CENTRAL
MED-0394,2025-08-01,0,CENTRAL
MED-0394,2025-09-01,0,NORTH
MED-0394,2025-10-01,8,CENTRAL
MED-0394,2025-11-01,0,WEST
MED-0394,2025-12-01,0,CENTRAL
MED-0395,2022-07-01,6,WEST
MED-0395,2022-08-01,8,EAST
MED-0395,2022-09-01,4,EAST
MED-0395,2022-10-01,5,EAST
MED-0395,2022-11-01,7,EAST
MED-0395,2022-12-01,3,CENTRAL
MED-0395,2023-01-01,0,SOUTH
MED-0395,2023-02-01,15,EAST
MED-0395,2023-03-01,1,EAST
MED-0395,2023-04-01,5,WEST
MED-0395,2023-05-01,4,EAST
MED-0395,2023-06-01,8,EAST
MED-0395,2023-07-01,3,EAST
MED-0395,2023-08-01,5,EAST
MED-0395,2023-09-01,1,SOUTH
MED-0395,2023-10-01,1,WEST
MED-0395,2023-11-01,2,EAST
MED-0395,2023-12-01,6,EAST
MED-0395,2024-01-01,7,EAST
MED-0395,2024-02-01,2,WEST
MED-0395,2024-03-01,5,EAST
MED-0395,2024-04-01,17,EAST
MED-0395,2024-05-01,0,NORTH
MED-0395,2024-06-01,7,EAST
MED-0395,2024-07-01,6,EAST
MED-0395,2024-08-01,5,WEST
MED-0395,2024-09-01,6,EAST
MED-0395,2024-10-01,2,EAST
MED-0395,2024-11-01,8,EAST
MED-0395,2024-12-01,5,EAST
MED-0395,2025-01-01,11,EAST
MED-0395,2025-02-01,6,EAST
MED-0395,2025-03-01,9,EAST
MED-0395,2025-04-01,2,EAST
MED-0395,2025-05-01,4,EAST
MED-0395,2025-06-01,2,SOUTH
MED-0395,2025-07-01,5,EAST
MED-0395,2025-08-01,0,EAST
MED-0395,2025-09-01,3,EAST
MED-0395,2025-10-01,8,EAST
MED-0395,2025-11-01,5,CENTRAL
MED-0395,2025-12-01,3,NORTH
MED-0396,2022-01-01,2,EAST
MED-0396,2022-02-01,5,EAST
MED-0396,2022-03-01,5,NORTH
MED-0396,2022-04-01,3,EAST
MED-0396,2022-05-01,3,EAST
MED-0396,2022-06-01,5,EAST
MED-0396,2022-07-01,2,EAST
MED-0396,2022-08-01,3,EAST
MED-0396,2022-09-01,4,EAST
MED-0396,2022-10-01,4,CENTRAL
MED-0396,2022-11-01,2,EAST
MED-0396,2022-12-01,1,EAST
MED-0396,2023-01-01,4,EAST
MED-0396,2023-02-01,1,EAST
MED-0396,2023-03-01,1,EAST
MED-0396,2023-04-01,5,EAST
MED-0396,2023-05-01,5,EAST
MED-0396,2023-06-01,1,EAST
MED-0396,2023-07-01,5,EAST
MED-0396,2023-08-01,3,EAST
MED-0396,2023-09-01,2,EAST
MED-0396,2023-10-01,0,WEST
MED-0396,2023-11-01,2,SOUTH
MED-0396,2023-12-01,3,EAST
MED-0396,2024-01-01,2,EAST
MED-0396,2024-02-01,2,WEST
MED-0396,2024-03-01,0,EAST
MED-0396,2024-04-01,2,SOUTH
MED-0396,2024-05-01,5,EAST
MED-0396,2024-06-01,5,SOUTH
MED-0396,2024-07-01,3,EAST
MED-0396,2024-08-01,1,SOUTH
MED-0396,2024-09-01,0,WEST
MED-0396,2024-10-01,2,EAST
MED-0396,2024-11-01,6,WEST
MED-0396,2024-12-01,1,EAST
MED-0396,2025-01-01,2,EAST
MED-0396,2025-02-01,1,EAST
MED-0396,2025-03-01,1,EAST
MED-0396,2025-04-01,4,EAST
MED-0396,2025-05-01,1,EAST
MED-0396,2025-06-01,3,CENTRAL
MED-0396,2025-07-01,4,CENTRAL
MED-0396,2025-08-01,3,CENTRAL
MED-0396,2025-09-01,10,EAST
MED-0396,2025-10-01,4,EAST
MED-0396,2025-11-01,5,NORTH
MED-0396,2025-12-01,7,EAST
MED-0397,2022-01-01,5,EAST
MED-0397,2022-02-01,1,NORTH
MED-0397,2022-03-01,3,EAST
MED-0397,2022-04-01,5,EAST
MED-0397,2022-05-01,4,EAST
MED-0397,2022-06-01,3,EAST
MED-0397,2022-07-01,3,SOUTH
MED-0397,2022-08-01,3,WEST
MED-0397,2022-09-01,4,EAST
MED-0397,2022-10-01,7,EAST
MED-0397,2022-11-01,5,EAST
MED-0397,2022-12-01,4,EAST
MED-0397,2023-01-01,6,EAST
MED-0397,2023-02-01,6,NORTH
MED-0397,2023-03-01,5,EAST
MED-0397,2023-04-01,6,EAST
MED-0397,2023-05-01,2,EAST
MED-0397,2023-06-01,7,EAST
MED-0397,2023-07-01,1,SOUTH
MED-0397,2023-08-01,1,EAST
MED-0397,2023-09-01,5,WEST
MED-0397,2023-10-01,8,EAST
MED-0397,2023-11-01,7,SOUTH
MED-0397,2023-12-01,8,EAST
MED-0397,2024-01-01,7,EAST
MED-0397,2024-02-01,5,EAST
MED-0397,2024-03-01,7,CENTRAL
MED-0397,2024-04-01,6,EAST
MED-0397,2024-05-01,10,EAST
MED-0397,2024-06-01,3,EAST
MED-0397,2024-07-01,1,SOUTH
MED-0397,2024-08-01,26,EAST
MED-0397,2024-09-01,8,SOUTH
MED-0397,2024-10-01,4,EAST
MED-0397,2024-11-01,6,EAST
MED-0397,2024-12-01,6,EAST
MED-0397,2025-01-01,10,EAST
MED-0397,2025-02-01,4,WEST
MED-0397,2025-03-01,2,EAST
MED-0397,2025-04-01,4,EAST
MED-0397,2025-05-01,3,EAST
MED-0397,2025-06-01,6,EAST
MED-0397,2025-07-01,4,EAST
MED-0397,2025-08-01,5,EAST
MED-0397,2025-09-01,5,SOUTH
MED-0397,2025-10-01,5,EAST
MED-0397,2025-11-01,6,NORTH
MED-0397,2025-12-01,4,WEST
MED-0398,2022-01-01,3,WEST
MED-0398,2022-02-01,2,WEST
MED-0398,2022-03-01,2,WEST
MED-0398,2022-04-01,4,CENTRAL
MED-0398,2022-05-01,7,WEST
MED-0398,2022-06-01,2,SOUTH
MED-0398,2022-07-01,0,WEST
MED-0398,2022-08-01,0,CENTRAL
MED-0398,2022-09-01,5,WEST
MED-0398,2022-10-01,2,WEST
MED-0398,2022-11-01,5,WEST
MED-0398,2022-12-01,7,SOUTH
MED-0398,2023-01-01,3,WEST
MED-0398,2023-02-01,1,WEST
MED-0398,2023-03-01,7,NORTH
MED-0398,2023-04-01,2,WEST
MED-0398,2023-05-01,1,WEST
MED-0398,2023-06-01,4,WEST
MED-0398,2023-07-01,7,SOUTH
MED-0398,2023-08-01,8,WEST
MED-0398,2023-09-01,10,WEST
MED-0398,2023-10-01,3,WEST
MED-0398,2023-11-01,0,WEST
MED-0398,2023-12-01,5,WEST
MED-0398,2024-01-01,2,NORTH
MED-0398,2024-02-01,6,CENTRAL
MED-0398,2024-03-01,5,WEST
MED-0398,2024-04-01,6,SOUTH
MED-0398,2024-05-01,4,WEST
MED-0398,2024-06-01,3,WEST
MED-0398,2024-07-01,3,WEST
MED-0398,2024-08-01,8,WEST
MED-0398,2024-09-01,5,NORTH
MED-0398,2024-10-01,5,WEST
MED-0398,2024-11-01,4,WEST
MED-0398,2024-12-01,0,NORTH
MED-0398,2025-01-01,2,EAST
MED-0398,2025-02-01,6,SOUTH
MED-0398,2025-03-01,3,WEST
MED-0398,2025-04-01,7,WEST
MED-0398,2025-05-01,10,SOUTH
MED-0398,2025-06-01,3,WEST
MED-0398,2025-07-01,2,WEST
MED-0398,2025-08-01,2,WEST
MED-0398,2025-09-01,5,NORTH
MED-0398,2025-10-01,5,WEST
MED-0398,2025-11-01,4,WEST
MED-0398,2025-12-01,5,WEST
MED-0399,2023-01-01,10,WEST
MED-0399,2023-02-01,0,WEST
MED-0399,2023-03-01,4,EAST
MED-0399,2023-04-01,0,CENTRAL
MED-0399,2023-05-01,1,WEST
MED-0399,2023-06-01,0,WEST
MED-0399,2023-07-01,8,WEST
MED-0399,2023-08-01,2,WEST
MED-0399,2023-09-01,4,WEST
MED-0399,2023-10-01,6,WEST
MED-0399,2023-11-01,11,NORTH
MED-0399,2023-12-01,6,WEST
MED-0399,2024-01-01,2,WEST
MED-0399,2024-02-01,1,EAST
MED-0399,2024-03-01,6,WEST
MED-0399,2024-04-01,3,WEST
MED-0399,2024-05-01,1,CENTRAL
MED-0399,2024-06-01,6,WEST
MED-0399,2024-07-01,7,WEST
MED-0399,2024-08-01,11,WEST
MED-0399,2024-09-01,7,CENTRAL
MED-0399,2024-10-01,4,WEST
MED-0399,2024-11-01,13,WEST
MED-0399,2024-12-01,0,WEST
MED-0399,2025-01-01,6,EAST
MED-0399,2025-02-01,2,WEST
MED-0399,2025-03-01,20,SOUTH
MED-0399,2025-04-01,7,WEST
MED-0399,2025-05-01,4,WEST
MED-0399,2025-06-01,3,WEST
MED-0399,2025-07-01,3,WEST
MED-0399,2025-08-01,6,WEST
MED-0399,2025-09-01,4,WEST
MED-0399,2025-10-01,2,EAST
MED-0399,2025-11-01,2,WEST
MED-0399,2025-12-01,1,WEST
MED-0400,2024-01-01,3,WEST
MED-0400,2024-02-01,2,WEST
MED-0400,2024-03-01,5,WEST
MED-0400,2024-04-01,0,WEST
MED-0400,2024-05-01,5,EAST
MED-0400,2024-06-01,5,EAST
MED-0400,2024-07-01,5,SOUTH
MED-0400,2024-08-01,2,EAST
MED-0400,2024-09-01,3,WEST
MED-0400,2024-10-01,4,WEST
MED-0400,2024-11-01,3,WEST
MED-0400,2024-12-01,6,WEST
MED-0400,2025-01-01,3,WEST
MED-0400,2025-02-01,1,WEST
MED-0400,2025-03-01,6,CENTRAL
MED-0400,2025-04-01,6,WEST
MED-0400,2025-05-01,7,WEST
MED-0400,2025-06-01,3,WEST
MED-0400,2025-07-01,2,WEST
MED-0400,2025-08-01,4,WEST
MED-0400,2025-09-01,3,WEST
MED-0400,2025-10-01,3,WEST
MED-0400,2025-11-01,2,WEST
MED-0400,2025-12-01,4,SOUTH
MED-0401,2022-07-01,5,CENTRAL
MED-0401,2022-08-01,4,CENTRAL
MED-0401,2022-09-01,3,CENTRAL
MED-0401,2022-10-01,4,CENTRAL
MED-0401,2022-11-01,2,EAST
MED-0401,2022-12-01,4,EAST
MED-0401,2023-01-01,5,CENTRAL
MED-0401,2023-02-01,2,NORTH
MED-0401,2023-03-01,1,CENTRAL
MED-0401,2023-04-01,3,CENTRAL
MED-0401,2023-05-01,2,CENTRAL
MED-0401,2023-06-01,10,NORTH
MED-0401,2023-07-01,1,NORTH
MED-0401,2023-08-01,1,SOUTH
MED-0401,2023-09-01,5,CENTRAL
MED-0401,2023-10-01,3,CENTRAL
MED-0401,2023-11-01,4,CENTRAL
MED-0401,2023-12-01,4,CENTRAL
MED-0401,2024-01-01,6,EAST
MED-0401,2024-02-01,6,CENTRAL
MED-0401,2024-03-01,4,WEST
MED-0401,2024-04-01,3,CENTRAL
MED-0401,2024-05-01,1,CENTRAL
MED-0401,2024-06-01,3,EAST
MED-0401,2024-07-01,4,CENTRAL
MED-0401,2024-08-01,3,CENTRAL
MED-0401,2024-09-01,4,SOUTH
MED-0401,2024-10-01,6,CENTRAL
MED-0401,2024-11-01,1,CENTRAL
MED-0401,2024-12-01,1,CENTRAL
MED-0401,2025-01-01,4,CENTRAL
MED-0401,2025-02-01,3,CENTRAL
MED-0401,2025-03-01,6,CENTRAL
MED-0401,2025-04-01,2,SOUTH
MED-0401,2025-05-01,1,CENTRAL
MED-0401,2025-06-01,2,CENTRAL
MED-0401,2025-07-01,3,CENTRAL
MED-0401,2025-08-01,2,EAST
MED-0401,2025-09-01,3,CENTRAL
MED-0401,2025-10-01,2,CENTRAL
MED-0401,2025-11-01,3,CENTRAL
MED-0401,2025-12-01,4,CENTRAL
MED-0402,2023-01-01,2,WEST
MED-0402,2023-02-01,7,CENTRAL
MED-0402,2023-03-01,3,EAST
MED-0402,2023-04-01,6,CENTRAL
MED-0402,2023-05-01,9,NORTH
MED-0402,2023-06-01,8,SOUTH
MED-0402,2023-07-01,6,CENTRAL
MED-0402,2023-08-01,6,SOUTH
MED-0402,2023-09-01,8,WEST
MED-0402,2023-10-01,6,EAST
MED-0402,2023-11-01,7,CENTRAL
MED-0402,2023-12-01,3,SOUTH
MED-0402,2024-01-01,6,CENTRAL
MED-0402,2024-02-01,3,CENTRAL
MED-0402,2024-03-01,2,CENTRAL
MED-0402,2024-04-01,9,WEST
MED-0402,2024-05-01,44,CENTRAL
MED-0402,2024-06-01,16,NORTH
MED-0402,2024-07-01,6,WEST
MED-0402,2024-08-01,9,WEST
MED-0402,2024-09-01,5,CENTRAL
MED-0402,2024-10-01,2,WEST
MED-0402,2024-11-01,6,CENTRAL
MED-0402,2024-12-01,0,NORTH
MED-0402,2025-01-01,5,CENTRAL
MED-0402,2025-02-01,11,CENTRAL
MED-0402,2025-03-01,4,CENTRAL
MED-0402,2025-04-01,14,CENTRAL
MED-0402,2025-05-01,10,CENTRAL
MED-0402,2025-06-01,8,CENTRAL
MED-0402,2025-07-01,3,CENTRAL
MED-0402,2025-08-01,7,CENTRAL
MED-0402,2025-09-01,5,CENTRAL
MED-0402,2025-10-01,12,NORTH
MED-0402,2025-11-01,26,WEST
MED-0402,2025-12-01,3,CENTRAL
MED-0403,2023-07-01,9,SOUTH
MED-0403,2023-08-01,7,EAST
MED-0403,2023-09-01,11,CENTRAL
MED-0403,2023-10-01,5,SOUTH
MED-0403,2023-11-01,6,SOUTH
MED-0403,2023-12-01,1,NORTH
MED-0403,2024-01-01,4,SOUTH
MED-0403,2024-02-01,4,SOUTH
MED-0403,2024-03-01,5,SOUTH
MED-0403,2024-04-01,5,SOUTH
MED-0403,2024-05-01,6,SOUTH
MED-0403,2024-06-01,6,SOUTH
MED-0403,2024-07-01,3,SOUTH
MED-0403,2024-08-01,8,SOUTH
MED-0403,2024-09-01,9,SOUTH
MED-0403,2024-10-01,8,SOUTH
MED-0403,2024-11-01,5,CENTRAL
MED-0403,2024-12-01,23,EAST
MED-0403,2025-01-01,8,SOUTH
MED-0403,2025-02-01,13,SOUTH
MED-0403,2025-03-01,3,SOUTH
MED-0403,2025-04-01,1,SOUTH
MED-0403,2025-05-01,6,SOUTH
MED-0403,2025-06-01,3,SOUTH
MED-0403,2025-07-01,10,EAST
MED-0403,2025-08-01,8,CENTRAL
MED-0403,2025-09-01,6,SOUTH
MED-0403,2025-10-01,7,WEST
MED-0403,2025-11-01,12,SOUTH
MED-0403,2025-12-01,4,SOUTH
MED-0404,2023-01-01,0,CENTRAL
MED-0404,2023-02-01,0,WEST
MED-0404,2023-03-01,0,WEST
MED-0404,2023-04-01,0,WEST
MED-0404,2023-05-01,0,WEST
MED-0404,2023-06-01,0,WEST
MED-0404,2023-07-01,0,WEST
MED-0404,2023-08-01,0,WEST
MED-0404,2023-09-01,0,WEST
MED-0404,2023-10-01,0,EAST
MED-0404,2023-11-01,0,WEST
MED-0404,2023-12-01,0,CENTRAL
MED-0404,2024-01-01,0,CENTRAL
MED-0404,2024-02-01,0,WEST
MED-0404,2024-03-01,0,WEST
MED-0404,2024-04-01,7,WEST
MED-0404,2024-05-01,0,WEST
MED-0404,2024-06-01,0,WEST
MED-0404,2024-07-01,0,WEST
MED-0404,2024-08-01,11,WEST
MED-0404,2024-09-01,0,CENTRAL
MED-0404,2024-10-01,0,WEST
MED-0404,2024-11-01,12,WEST
MED-0404,2024-12-01,0,EAST
MED-0404,2025-01-01,0,WEST
MED-0404,2025-02-01,0,NORTH
MED-0404,2025-03-01,0,WEST
MED-0404,2025-04-01,0,WEST
MED-0404,2025-05-01,0,WEST
MED-0404,2025-06-01,28,WEST
MED-0404,2025-07-01,0,WEST
MED-0404,2025-08-01,0,SOUTH
MED-0404,2025-09-01,0,WEST
MED-0404,2025-10-01,10,WEST
MED-0404,2025-11-01,0,WEST
MED-0404,2025-12-01,0,WEST
MED-0405,2024-01-01,0,NORTH
MED-0405,2024-02-01,0,CENTRAL
MED-0405,2024-03-01,22,NORTH
MED-0405,2024-04-01,0,CENTRAL
MED-0405,2024-05-01,0,NORTH
MED-0405,2024-06-01,0,NORTH
MED-0405,2024-07-01,0,NORTH
MED-0405,2024-08-01,0,NORTH
MED-0405,2024-09-01,0,NORTH
MED-0405,2024-10-01,59,NORTH
MED-0405,2024-11-01,0,NORTH
MED-0405,2024-12-01,0,CENTRAL
MED-0405,2025-01-01,0,NORTH
MED-0405,2025-02-01,0,NORTH
MED-0405,2025-03-01,0,EAST
MED-0405,2025-04-01,0,NORTH
MED-0405,2025-05-01,0,NORTH
MED-0405,2025-06-01,0,WEST
MED-0405,2025-07-01,0,NORTH
MED-0405,2025-08-01,0,NORTH
MED-0405,2025-09-01,0,WEST
MED-0405,2025-10-01,14,NORTH
MED-0405,2025-11-01,0,NORTH
MED-0405,2025-12-01,0,NORTH
MED-0406,2022-07-01,6,WEST
MED-0406,2022-08-01,7,WEST
MED-0406,2022-09-01,9,SOUTH
MED-0406,2022-10-01,3,WEST
MED-0406,2022-11-01,10,WEST
MED-0406,2022-12-01,9,WEST
MED-0406,2023-01-01,9,WEST
MED-0406,2023-02-01,4,EAST
MED-0406,2023-03-01,8,WEST
MED-0406,2023-04-01,1,WEST
MED-0406,2023-05-01,3,SOUTH
MED-0406,2023-06-01,8,NORTH
MED-0406,2023-07-01,3,SOUTH
MED-0406,2023-08-01,3,SOUTH
MED-0406,2023-09-01,10,WEST
MED-0406,2023-10-01,5,WEST
MED-0406,2023-11-01,7,WEST
MED-0406,2023-12-01,6,WEST
MED-0406,2024-01-01,8,WEST
MED-0406,2024-02-01,10,WEST
MED-0406,2024-03-01,3,WEST
MED-0406,2024-04-01,3,WEST
MED-0406,2024-05-01,2,WEST
MED-0406,2024-06-01,6,WEST
MED-0406,2024-07-01,0,SOUTH
MED-0406,2024-08-01,12,WEST
MED-0406,2024-09-01,3,WEST
MED-0406,2024-10-01,3,CENTRAL
MED-0406,2024-11-01,0,WEST
MED-0406,2024-12-01,7,WEST
MED-0406,2025-01-01,7,WEST
MED-0406,2025-02-01,1,WEST
MED-0406,2025-03-01,4,WEST
MED-0406,2025-04-01,5,WEST
MED-0406,2025-05-01,1,WEST
MED-0406,2025-06-01,4,WEST
MED-0406,2025-07-01,6,WEST
MED-0406,2025-08-01,6,WEST
MED-0406,2025-09-01,8,CENTRAL
MED-0406,2025-10-01,4,WEST
MED-0406,2025-11-01,7,WEST
MED-0406,2025-12-01,2,EAST
MED-0407,2022-01-01,0,WEST
MED-0407,2022-02-01,0,WEST
MED-0407,2022-03-01,0,WEST
MED-0407,2022-04-01,0,WEST
MED-0407,2022-05-01,0,WEST
MED-0407,2022-06-01,0,WEST
MED-0407,2022-07-01,11,EAST
MED-0407,2022-08-01,0,WEST
MED-0407,2022-09-01,0,WEST
MED-0407,2022-10-01,0,WEST
MED-0407,2022-11-01,0,WEST
MED-0407,2022-12-01,9,WEST
MED-0407,2023-01-01,3,WEST
MED-0407,2023-02-01,0,WEST
MED-0407,2023-03-01,0,WEST
MED-0407,2023-04-01,9,EAST
MED-0407,2023-05-01,0,WEST
MED-0407,2023-06-01,0,SOUTH
MED-0407,2023-07-01,4,WEST
MED-0407,2023-08-01,0,SOUTH
MED-0407,2023-09-01,0,WEST
MED-0407,2023-10-01,0,WEST
MED-0407,2023-11-01,0,SOUTH
MED-0407,2023-12-01,0,EAST
MED-0407,2024-01-01,0,NORTH
MED-0407,2024-02-01,0,WEST
MED-0407,2024-03-01,0,EAST
MED-0407,2024-04-01,0,NORTH
MED-0407,2024-05-01,4,SOUTH
MED-0407,2024-06-01,3,WEST
MED-0407,2024-07-01,0,WEST
MED-0407,2024-08-01,8,WEST
MED-0407,2024-09-01,0,WEST
MED-0407,2024-10-01,9,NORTH
MED-0407,2024-11-01,10,EAST
MED-0407,2024-12-01,0,WEST
MED-0407,2025-01-01,0,EAST
MED-0407,2025-02-01,0,WEST
MED-0407,2025-03-01,12,WEST
MED-0407,2025-04-01,0,EAST
MED-0407,2025-05-01,9,WEST
MED-0407,2025-06-01,0,WEST
MED-0407,2025-07-01,0,WEST
MED-0407,2025-08-01,0,CENTRAL
MED-0407,2025-09-01,5,SOUTH
MED-0407,2025-10-01,0,WEST
MED-0407,2025-11-01,0,WEST
MED-0407,2025-12-01,0,NORTH
MED-0408,2024-07-01,0,WEST
MED-0408,2024-08-01,0,WEST
MED-0408,2024-09-01,5,WEST
MED-0408,2024-10-01,0,WEST
MED-0408,2024-11-01,0,SOUTH
MED-0408,2024-12-01,0,NORTH
MED-0408,2025-01-01,0,WEST
MED-0408,2025-02-01,0,WEST
MED-0408,2025-03-01,0,NORTH
MED-0408,2025-04-01,0,WEST
MED-0408,2025-05-01,0,WEST
MED-0408,2025-06-01,0,SOUTH
MED-0408,2025-07-01,18,CENTRAL
MED-0408,2025-08-01,0,EAST
MED-0408,2025-09-01,4,CENTRAL
MED-0408,2025-10-01,0,EAST
MED-0408,2025-11-01,0,WEST
MED-0408,2025-12-01,3,NORTH
MED-0409,2024-07-01,3,CENTRAL
MED-0409,2024-08-01,0,SOUTH
MED-0409,2024-09-01,0,SOUTH
MED-0409,2024-10-01,4,NORTH
MED-0409,2024-11-01,0,NORTH
MED-0409,2024-12-01,0,NORTH
MED-0409,2025-01-01,6,NORTH
MED-0409,2025-02-01,6,NORTH
MED-0409,2025-03-01,2,NORTH
MED-0409,2025-04-01,0,SOUTH
MED-0409,2025-05-01,0,NORTH
MED-0409,2025-06-01,0,NORTH
MED-0409,2025-07-01,0,NORTH
MED-0409,2025-08-01,0,SOUTH
MED-0409,2025-09-01,0,NORTH
MED-0409,2025-10-01,0,NORTH
MED-0409,2025-11-01,0,SOUTH
MED-0409,2025-12-01,0,NORTH
MED-0410,2022-01-01,6,SOUTH
MED-0410,2022-02-01,5,CENTRAL
MED-0410,2022-03-01,3,WEST
MED-0410,2022-04-01,0,SOUTH
MED-0410,2022-05-01,4,SOUTH
MED-0410,2022-06-01,1,WEST
MED-0410,2022-07-01,5,SOUTH
MED-0410,2022-08-01,13,SOUTH
MED-0410,2022-09-01,1,NORTH
MED-0410,2022-10-01,8,SOUTH
MED-0410,2022-11-01,5,SOUTH
MED-0410,2022-12-01,0,WEST
MED-0410,2023-01-01,3,SOUTH
MED-0410,2023-02-01,1,NORTH
MED-0410,2023-03-01,1,EAST
MED-0410,2023-04-01,9,NORTH
MED-0410,2023-05-01,17,SOUTH
MED-0410,2023-06-01,6,SOUTH
MED-0410,2023-07-01,1,NORTH
MED-0410,2023-08-01,4,SOUTH
MED-0410,2023-09-01,8,SOUTH
MED-0410,2023-10-01,6,SOUTH
MED-0410,2023-11-01,4,SOUTH
MED-0410,2023-12-01,1,SOUTH
MED-0410,2024-01-01,3,EAST
MED-0410,2024-02-01,6,CENTRAL
MED-0410,2024-03-01,4,SOUTH
MED-0410,2024-04-01,9,WEST
MED-0410,2024-05-01,7,SOUTH
MED-0410,2024-06-01,0,SOUTH
MED-0410,2024-07-01,0,SOUTH
MED-0410,2024-08-01,5,SOUTH
MED-0410,2024-09-01,4,SOUTH
MED-0410,2024-10-01,9,SOUTH
MED-0410,2024-11-01,3,EAST
MED-0410,2024-12-01,4,CENTRAL
MED-0410,2025-01-01,2,SOUTH
MED-0410,2025-02-01,2,CENTRAL
MED-0410,2025-03-01,5,SOUTH
MED-0410,2025-04-01,4,NORTH
MED-0410,2025-05-01,6,EAST
MED-0410,2025-06-01,4,WEST
MED-0410,2025-07-01,2,SOUTH
MED-0410,2025-08-01,4,SOUTH
MED-0410,2025-09-01,0,CENTRAL
MED-0410,2025-10-01,8,SOUTH
MED-0410,2025-11-01,4,SOUTH
MED-0410,2025-12-01,1,NORTH
MED-0411,2023-07-01,3,CENTRAL
MED-0411,2023-08-01,0,CENTRAL
MED-0411,2023-09-01,4,WEST
MED-0411,2023-10-01,0,CENTRAL
MED-0411,2023-11-01,0,CENTRAL
MED-0411,2023-12-01,0,CENTRAL
MED-0411,2024-01-01,4,CENTRAL
MED-0411,2024-02-01,2,CENTRAL
MED-0411,2024-03-01,4,CENTRAL
MED-0411,2024-04-01,0,CENTRAL
MED-0411,2024-05-01,3,CENTRAL
MED-0411,2024-06-01,0,NORTH
MED-0411,2024-07-01,0,EAST
MED-0411,2024-08-01,0,WEST
MED-0411,2024-09-01,0,SOUTH
MED-0411,2024-10-01,0,CENTRAL
MED-0411,2024-11-01,11,CENTRAL
MED-0411,2024-12-01,0,SOUTH
MED-0411,2025-01-01,0,CENTRAL
MED-0411,2025-02-01,0,CENTRAL
MED-0411,2025-03-01,7,EAST
MED-0411,2025-04-01,0,NORTH
MED-0411,2025-05-01,0,WEST
MED-0411,2025-06-01,5,CENTRAL
MED-0411,2025-07-01,0,CENTRAL
MED-0411,2025-08-01,1,SOUTH
MED-0411,2025-09-01,0,CENTRAL
MED-0411,2025-10-01,0,CENTRAL
MED-0411,2025-11-01,2,CENTRAL
MED-0411,2025-12-01,0,NORTH
MED-0412,2023-01-01,6,WEST
MED-0412,2023-02-01,6,SOUTH
MED-0412,2023-03-01,4,SOUTH
MED-0412,2023-04-01,8,EAST
MED-0412,2023-05-01,3,SOUTH
MED-0412,2023-06-01,4,SOUTH
MED-0412,2023-07-01,3,SOUTH
MED-0412,2023-08-01,6,SOUTH
MED-0412,2023-09-01,4,SOUTH
MED-0412,2023-10-01,4,SOUTH
MED-0412,2023-11-01,2,SOUTH
MED-0412,2023-12-01,3,CENTRAL
MED-0412,2024-01-01,5,NORTH
MED-0412,2024-02-01,7,SOUTH
MED-0412,2024-03-01,6,SOUTH
MED-0412,2024-04-01,5,SOUTH
MED-0412,2024-05-01,9,SOUTH
MED-0412,2024-06-01,3,SOUTH
MED-0412,2024-07-01,3,SOUTH
MED-0412,2024-08-01,0,SOUTH
MED-0412,2024-09-01,1,SOUTH
MED-0412,2024-10-01,6,SOUTH
MED-0412,2024-11-01,6,SOUTH
MED-0412,2024-12-01,6,SOUTH
MED-0412,2025-01-01,6,SOUTH
MED-0412,2025-02-01,6,SOUTH
MED-0412,2025-03-01,1,SOUTH
MED-0412,2025-04-01,6,NORTH
MED-0412,2025-05-01,5,SOUTH
MED-0412,2025-06-01,3,SOUTH
MED-0412,2025-07-01,6,SOUTH
MED-0412,2025-08-01,5,NORTH
MED-0412,2025-09-01,8,NORTH
MED-0412,2025-10-01,2,SOUTH
MED-0412,2025-11-01,6,SOUTH
MED-0412,2025-12-01,9,EAST
MED-0413,2022-01-01,5,SOUTH
MED-0413,2022-02-01,5,SOUTH
MED-0413,2022-03-01,0,SOUTH
MED-0413,2022-04-01,0,SOUTH
MED-0413,2022-05-01,0,SOUTH
MED-0413,2022-06-01,4,SOUTH
MED-0413,2022-07-01,0,EAST
MED-0413,2022-08-01,0,SOUTH
MED-0413,2022-09-01,9,CENTRAL
MED-0413,2022-10-01,0,WEST
MED-0413,2022-11-01,0,SOUTH
MED-0413,2022-12-01,0,SOUTH
MED-0413,2023-01-01,0,SOUTH
MED-0413,2023-02-01,0,SOUTH
MED-0413,2023-03-01,3,WEST
MED-0413,2023-04-01,0,SOUTH
MED-0413,2023-05-01,0,SOUTH
MED-0413,2023-06-01,2,SOUTH
MED-0413,2023-07-01,0,EAST
MED-0413,2023-08-01,0,CENTRAL
MED-0413,2023-09-01,0,NORTH
MED-0413,2023-10-01,0,SOUTH
MED-0413,2023-11-01,0,EAST
MED-0413,2023-12-01,0,SOUTH
MED-0413,2024-01-01,0,NORTH
MED-0413,2024-02-01,0,SOUTH
MED-0413,2024-03-01,0,SOUTH
MED-0413,2024-04-01,0,SOUTH
MED-0413,2024-05-01,0,SOUTH
MED-0413,2024-06-01,0,CENTRAL
MED-0413,2024-07-01,0,SOUTH
MED-0413,2024-08-01,0,SOUTH
MED-0413,2024-09-01,0,SOUTH
MED-0413,2024-10-01,17,SOUTH
MED-0413,2024-11-01,0,SOUTH
MED-0413,2024-12-01,0,SOUTH
MED-0413,2025-01-01,0,SOUTH
MED-0413,2025-02-01,0,SOUTH
MED-0413,2025-03-01,5,SOUTH
MED-0413,2025-04-01,0,SOUTH
MED-0413,2025-05-01,6,NORTH
MED-0413,2025-06-01,4,SOUTH
MED-0413,2025-07-01,0,SOUTH
MED-0413,2025-08-01,6,SOUTH
MED-0413,2025-09-01,0,NORTH
MED-0413,2025-10-01,6,SOUTH
MED-0413,2025-11-01,7,SOUTH
MED-0413,2025-12-01,4,SOUTH
MED-0414,2022-07-01,0,EAST
MED-0414,2022-08-01,2,WEST
MED-0414,2022-09-01,3,WEST
MED-0414,2022-10-01,7,WEST
MED-0414,2022-11-01,6,NORTH
MED-0414,2022-12-01,4,WEST
MED-0414,2023-01-01,8,CENTRAL
MED-0414,2023-02-01,7,NORTH
MED-0414,2023-03-01,2,NORTH
MED-0414,2023-04-01,5,SOUTH
MED-0414,2023-05-01,7,WEST
MED-0414,2023-06-01,3,WEST
MED-0414,2023-07-01,3,WEST
MED-0414,2023-08-01,0,CENTRAL
MED-0414,2023-09-01,2,WEST
MED-0414,2023-10-01,6,WEST
MED-0414,2023-11-01,1,WEST
MED-0414,2023-12-01,4,WEST
MED-0414,2024-01-01,3,WEST
MED-0414,2024-02-01,5,WEST
MED-0414,2024-03-01,7,CENTRAL
MED-0414,2024-04-01,2,SOUTH
MED-0414,2024-05-01,6,NORTH
MED-0414,2024-06-01,8,WEST
MED-0414,2024-07-01,2,WEST
MED-0414,2024-08-01,5,SOUTH
MED-0414,2024-09-01,3,CENTRAL
MED-0414,2024-10-01,4,NORTH
MED-0414,2024-11-01,5,WEST
MED-0414,2024-12-01,1,WEST
MED-0414,2025-01-01,1,SOUTH
MED-0414,2025-02-01,5,CENTRAL
MED-0414,2025-03-01,5,CENTRAL
MED-0414,2025-04-01,8,WEST
MED-0414,2025-05-01,2,WEST
MED-0414,2025-06-01,3,WEST
MED-0414,2025-07-01,10,WEST
MED-0414,2025-08-01,4,WEST
MED-0414,2025-09-01,3,WEST
MED-0414,2025-10-01,7,WEST
MED-0414,2025-11-01,5,NORTH
MED-0414,2025-12-01,4,NORTH
MED-0415,2022-07-01,0,EAST
MED-0415,2022-08-01,0,CENTRAL
MED-0415,2022-09-01,0,CENTRAL
MED-0415,2022-10-01,0,CENTRAL
MED-0415,2022-11-01,0,CENTRAL
MED-0415,2022-12-01,0,SOUTH
MED-0415,2023-01-01,0,EAST
MED-0415,2023-02-01,0,CENTRAL
MED-0415,2023-03-01,0,NORTH
MED-0415,2023-04-01,0,CENTRAL
MED-0415,2023-05-01,0,WEST
MED-0415,2023-06-01,0,CENTRAL
MED-0415,2023-07-01,0,SOUTH
MED-0415,2023-08-01,0,CENTRAL
MED-0415,2023-09-01,0,CENTRAL
MED-0415,2023-10-01,0,CENTRAL
MED-0415,2023-11-01,0,CENTRAL
MED-0415,2023-12-01,0,CENTRAL
MED-0415,2024-01-01,0,CENTRAL
MED-0415,2024-02-01,0,CENTRAL
MED-0415,2024-03-01,0,CENTRAL
MED-0415,2024-04-01,0,CENTRAL
MED-0415,2024-05-01,6,CENTRAL
MED-0415,2024-06-01,0,CENTRAL
MED-0415,2024-07-01,0,EAST
MED-0415,2024-08-01,0,CENTRAL
MED-0415,2024-09-01,0,NORTH
MED-0415,2024-10-01,0,EAST
MED-0415,2024-11-01,0,SOUTH
MED-0415,2024-12-01,0,CENTRAL
MED-0415,2025-01-01,0,CENTRAL
MED-0415,2025-02-01,0,CENTRAL
MED-0415,2025-03-01,0,CENTRAL
MED-0415,2025-04-01,0,CENTRAL
MED-0415,2025-05-01,0,CENTRAL
MED-0415,2025-06-01,0,CENTRAL
MED-0415,2025-07-01,0,NORTH
MED-0415,2025-08-01,0,EAST
MED-0415,2025-09-01,0,CENTRAL
MED-0415,2025-10-01,0,NORTH
MED-0415,2025-11-01,0,CENTRAL
MED-0415,2025-12-01,0,CENTRAL
MED-0416,2024-01-01,0,EAST
MED-0416,2024-02-01,8,EAST
MED-0416,2024-03-01,0,EAST
MED-0416,2024-04-01,4,EAST
MED-0416,2024-05-01,0,EAST
MED-0416,2024-06-01,0,EAST
MED-0416,2024-07-01,12,EAST
MED-0416,2024-08-01,0,WEST
MED-0416,2024-09-01,0,NORTH
MED-0416,2024-10-01,0,EAST
MED-0416,2024-11-01,0,EAST
MED-0416,2024-12-01,0,EAST
MED-0416,2025-01-01,0,NORTH
MED-0416,2025-02-01,0,EAST
MED-0416,2025-03-01,0,WEST
MED-0416,2025-04-01,0,NORTH
MED-0416,2025-05-01,13,EAST
MED-0416,2025-06-01,0,EAST
MED-0416,2025-07-01,0,EAST
MED-0416,2025-08-01,0,EAST
MED-0416,2025-09-01,0,EAST
MED-0416,2025-10-01,0,EAST
MED-0416,2025-11-01,2,NORTH
MED-0416,2025-12-01,13,WEST
MED-0417,2024-07-01,4,SOUTH
MED-0417,2024-08-01,6,NORTH
MED-0417,2024-09-01,5,SOUTH
MED-0417,2024-10-01,2,SOUTH
MED-0417,2024-11-01,7,SOUTH
MED-0417,2024-12-01,4,SOUTH
MED-0417,2025-01-01,4,SOUTH
MED-0417,2025-02-01,7,NORTH
MED-0417,2025-03-01,4,SOUTH
MED-0417,2025-04-01,1,SOUTH
MED-0417,2025-05-01,1,WEST
MED-0417,2025-06-01,1,SOUTH
MED-0417,2025-07-01,8,EAST
MED-0417,2025-08-01,2,SOUTH
MED-0417,2025-09-01,10,NORTH
MED-0417,2025-10-01,4,NORTH
MED-0417,2025-11-01,39,SOUTH
MED-0417,2025-12-01,3,SOUTH
MED-0418,2022-01-01,2,WEST
MED-0418,2022-02-01,3,EAST
MED-0418,2022-03-01,5,WEST
MED-0418,2022-04-01,2,WEST
MED-0418,2022-05-01,2,WEST
MED-0418,2022-06-01,4,WEST
MED-0418,2022-07-01,3,WEST
MED-0418,2022-08-01,1,WEST
MED-0418,2022-09-01,5,WEST
MED-0418,2022-10-01,9,WEST
MED-0418,2022-11-01,5,WEST
MED-0418,2022-12-01,2,WEST
MED-0418,2023-01-01,4,SOUTH
MED-0418,2023-02-01,1,WEST
MED-0418,2023-03-01,8,WEST
MED-0418,2023-04-01,4,WEST
MED-0418,2023-05-01,2,WEST
MED-0418,2023-06-01,8,WEST
MED-0418,2023-07-01,1,WEST
MED-0418,2023-08-01,4,WEST
MED-0418,2023-09-01,2,CENTRAL
MED-0418,2023-10-01,3,WEST
MED-0418,2023-11-01,4,WEST
MED-0418,2023-12-01,2,WEST
MED-0418,2024-01-01,1,WEST
MED-0418,2024-02-01,3,WEST
MED-0418,2024-03-01,4,WEST
MED-0418,2024-04-01,4,WEST
MED-0418,2024-05-01,3,WEST
MED-0418,2024-06-01,5,WEST
MED-0418,2024-07-01,3,WEST
MED-0418,2024-08-01,2,CENTRAL
MED-0418,2024-09-01,3,NORTH
MED-0418,2024-10-01,2,WEST
MED-0418,2024-11-01,4,WEST
MED-0418,2024-12-01,7,EAST
MED-0418,2025-01-01,3,SOUTH
MED-0418,2025-02-01,2,WEST
MED-0418,2025-03-01,2,WEST
MED-0418,2025-04-01,4,WEST
MED-0418,2025-05-01,14,WEST
MED-0418,2025-06-01,5,WEST
MED-0418,2025-07-01,2,EAST
MED-0418,2025-08-01,3,WEST
MED-0418,2025-09-01,5,WEST
MED-0418,2025-10-01,0,CENTRAL
MED-0418,2025-11-01,0,WEST
MED-0418,2025-12-01,4,SOUTH
MED-0419,2022-01-01,0,SOUTH
MED-0419,2022-02-01,0,SOUTH
MED-0419,2022-03-01,0,NORTH
MED-0419,2022-04-01,7,SOUTH
MED-0419,2022-05-01,0,SOUTH
MED-0419,2022-06-01,0,WEST
MED-0419,2022-07-01,3,NORTH
MED-0419,2022-08-01,0,NORTH
MED-0419,2022-09-01,7,SOUTH
MED-0419,2022-10-01,0,SOUTH
MED-0419,2022-11-01,0,SOUTH
MED-0419,2022-12-01,5,SOUTH
MED-0419,2023-01-01,2,NORTH
MED-0419,2023-02-01,0,SOUTH
MED-0419,2023-03-01,0,SOUTH
MED-0419,2023-04-01,0,SOUTH
MED-0419,2023-05-01,0,WEST
MED-0419,2023-06-01,4,SOUTH
MED-0419,2023-07-01,0,EAST
MED-0419,2023-08-01,6,SOUTH
MED-0419,2023-09-01,0,EAST
MED-0419,2023-10-01,0,WEST
MED-0419,2023-11-01,2,SOUTH
MED-0419,2023-12-01,0,SOUTH
MED-0419,2024-01-01,0,EAST
MED-0419,2024-02-01,0,SOUTH
MED-0419,2024-03-01,0,SOUTH
MED-0419,2024-04-01,4,CENTRAL
MED-0419,2024-05-01,0,EAST
MED-0419,2024-06-01,0,NORTH
MED-0419,2024-07-01,0,SOUTH
MED-0419,2024-08-01,7,SOUTH
MED-0419,2024-09-01,5,NORTH
MED-0419,2024-10-01,0,SOUTH
MED-0419,2024-11-01,0,CENTRAL
MED-0419,2024-12-01,0,SOUTH
MED-0419,2025-01-01,0,SOUTH
MED-0419,2025-02-01,0,CENTRAL
MED-0419,2025-03-01,0,NORTH
MED-0419,2025-04-01,2,SOUTH
MED-0419,2025-05-01,7,SOUTH
MED-0419,2025-06-01,0,SOUTH
MED-0419,2025-07-01,0,NORTH
MED-0419,2025-08-01,0,SOUTH
MED-0419,2025-09-01,0,SOUTH
MED-0419,2025-10-01,6,SOUTH
MED-0419,2025-11-01,3,SOUTH
MED-0419,2025-12-01,0,NORTH
MED-0420,2022-07-01,3,EAST
MED-0420,2022-08-01,5,CENTRAL
MED-0420,2022-09-01,3,WEST
MED-0420,2022-10-01,7,CENTRAL
MED-0420,2022-11-01,4,SOUTH
MED-0420,2022-12-01,1,CENTRAL
MED-0420,2023-01-01,1,CENTRAL
MED-0420,2023-02-01,4,CENTRAL
MED-0420,2023-03-01,0,SOUTH
MED-0420,2023-04-01,2,CENTRAL
MED-0420,2023-05-01,3,CENTRAL
MED-0420,2023-06-01,1,CENTRAL
MED-0420,2023-07-01,1,WEST
MED-0420,2023-08-01,3,CENTRAL
MED-0420,2023-09-01,7,CENTRAL
MED-0420,2023-10-01,1,CENTRAL
MED-0420,2023-11-01,3,CENTRAL
MED-0420,2023-12-01,2,CENTRAL
MED-0420,2024-01-01,1,CENTRAL
MED-0420,2024-02-01,3,SOUTH
MED-0420,2024-03-01,2,CENTRAL
MED-0420,2024-04-01,4,CENTRAL
MED-0420,2024-05-01,3,CENTRAL
MED-0420,2024-06-01,1,CENTRAL
MED-0420,2024-07-01,3,CENTRAL
MED-0420,2024-08-01,2,CENTRAL
MED-0420,2024-09-01,2,CENTRAL
MED-0420,2024-10-01,5,CENTRAL
MED-0420,2024-11-01,2,CENTRAL
MED-0420,2024-12-01,3,EAST
MED-0420,2025-01-01,2,CENTRAL
MED-0420,2025-02-01,0,NORTH
MED-0420,2025-03-01,6,CENTRAL
MED-0420,2025-04-01,2,EAST
MED-0420,2025-05-01,3,SOUTH
MED-0420,2025-06-01,0,NORTH
MED-0420,2025-07-01,3,CENTRAL
MED-0420,2025-08-01,2,CENTRAL
MED-0420,2025-09-01,1,CENTRAL
MED-0420,2025-10-01,3,CENTRAL
MED-0420,2025-11-01,2,CENTRAL
MED-0420,2025-12-01,1,SOUTH
MED-0421,2024-07-01,0,NORTH
MED-0421,2024-08-01,0,CENTRAL
MED-0421,2024-09-01,0,EAST
MED-0421,2024-10-01,0,SOUTH
MED-0421,2024-11-01,0,EAST
MED-0421,2024-12-01,0,SOUTH
MED-0421,2025-01-01,0,EAST
MED-0421,2025-02-01,0,EAST
MED-0421,2025-03-01,3,EAST
MED-0421,2025-04-01,0,WEST
MED-0421,2025-05-01,0,EAST
MED-0421,2025-06-01,0,CENTRAL
MED-0421,2025-07-01,0,EAST
MED-0421,2025-08-01,0,CENTRAL
MED-0421,2025-09-01,0,EAST
MED-0421,2025-10-01,0,EAST
MED-0421,2025-11-01,0,EAST
MED-0421,2025-12-01,0,SOUTH
MED-0422,2022-01-01,0,NORTH
MED-0422,2022-02-01,0,NORTH
MED-0422,2022-03-01,11,NORTH
MED-0422,2022-04-01,0,NORTH
MED-0422,2022-05-01,0,NORTH
MED-0422,2022-06-01,0,NORTH
MED-0422,2022-07-01,0,NORTH
MED-0422,2022-08-01,0,NORTH
MED-0422,2022-09-01,0,CENTRAL
MED-0422,2022-10-01,0,NORTH
MED-0422,2022-11-01,0,SOUTH
MED-0422,2022-12-01,0,NORTH
MED-0422,2023-01-01,0,NORTH
MED-0422,2023-02-01,0,NORTH
MED-0422,2023-03-01,0,NORTH
MED-0422,2023-04-01,0,NORTH
MED-0422,2023-05-01,0,NORTH
MED-0422,2023-06-01,0,NORTH
MED-0422,2023-07-01,23,NORTH
MED-0422,2023-08-01,0,NORTH
MED-0422,2023-09-01,13,NORTH
MED-0422,2023-10-01,0,CENTRAL
MED-0422,2023-11-01,0,NORTH
MED-0422,2023-12-01,0,NORTH
MED-0422,2024-01-01,0,NORTH
MED-0422,2024-02-01,0,NORTH
MED-0422,2024-03-01,0,NORTH
MED-0422,2024-04-01,0,NORTH
MED-0422,2024-05-01,0,NORTH
MED-0422,2024-06-01,20,CENTRAL
MED-0422,2024-07-01,0,NORTH
MED-0422,2024-08-01,0,EAST
MED-0422,2024-09-01,0,NORTH
MED-0422,2024-10-01,0,WEST
MED-0422,2024-11-01,6,EAST
MED-0422,2024-12-01,0,NORTH
MED-0422,2025-01-01,0,NORTH
MED-0422,2025-02-01,10,CENTRAL
MED-0422,2025-03-01,0,NORTH
MED-0422,2025-04-01,0,NORTH
MED-0422,2025-05-01,0,NORTH
MED-0422,2025-06-01,0,EAST
MED-0422,2025-07-01,0,CENTRAL
MED-0422,2025-08-01,0,NORTH
MED-0422,2025-09-01,0,NORTH
MED-0422,2025-10-01,0,SOUTH
MED-0422,2025-11-01,0,NORTH
MED-0422,2025-12-01,12,NORTH
MED-0423,2022-01-01,4,CENTRAL
MED-0423,2022-02-01,3,CENTRAL
MED-0423,2022-03-01,3,CENTRAL
MED-0423,2022-04-01,0,WEST
MED-0423,2022-05-01,3,CENTRAL
MED-0423,2022-06-01,7,CENTRAL
MED-0423,2022-07-01,3,NORTH
MED-0423,2022-08-01,3,CENTRAL
MED-0423,2022-09-01,2,CENTRAL
MED-0423,2022-10-01,1,NORTH
MED-0423,2022-11-01,4,CENTRAL
MED-0423,2022-12-01,5,CENTRAL
MED-0423,2023-01-01,4,SOUTH
MED-0423,2023-02-01,2,CENTRAL
MED-0423,2023-03-01,0,CENTRAL
MED-0423,2023-04-01,5,CENTRAL
MED-0423,2023-05-01,3,CENTRAL
MED-0423,2023-06-01,3,CENTRAL
MED-0423,2023-07-01,1,CENTRAL
MED-0423,2023-08-01,1,CENTRAL
MED-0423,2023-09-01,7,WEST
MED-0423,2023-10-01,7,CENTRAL
MED-0423,2023-11-01,3,CENTRAL
MED-0423,2023-12-01,6,CENTRAL
MED-0423,2024-01-01,3,CENTRAL
MED-0423,2024-02-01,3,WEST
MED-0423,2024-03-01,3,CENTRAL
MED-0423,2024-04-01,2,CENTRAL
MED-0423,2024-05-01,2,EAST
MED-0423,2024-06-01,1,NORTH
MED-0423,2024-07-01,4,CENTRAL
MED-0423,2024-08-01,8,CENTRAL
MED-0423,2024-09-01,2,CENTRAL
MED-0423,2024-10-01,2,CENTRAL
MED-0423,2024-11-01,3,CENTRAL
MED-0423,2024-12-01,4,CENTRAL
MED-0423,2025-01-01,2,SOUTH
MED-0423,2025-02-01,5,CENTRAL
MED-0423,2025-03-01,2,CENTRAL
MED-0423,2025-04-01,2,NORTH
MED-0423,2025-05-01,2,CENTRAL
MED-0423,2025-06-01,2,CENTRAL
MED-0423,2025-07-01,5,WEST
MED-0423,2025-08-01,4,CENTRAL
MED-0423,2025-09-01,2,CENTRAL
MED-0423,2025-10-01,2,NORTH
MED-0423,2025-11-01,2,NORTH
MED-0423,2025-12-01,1,CENTRAL
MED-0424,2022-01-01,4,CENTRAL
MED-0424,2022-02-01,0,NORTH
MED-0424,2022-03-01,5,NORTH
MED-0424,2022-04-01,8,NORTH
MED-0424,2022-05-01,0,CENTRAL
MED-0424,2022-06-01,0,NORTH
MED-0424,2022-07-01,2,NORTH
MED-0424,2022-08-01,9,NORTH
MED-0424,2022-09-01,0,CENTRAL
MED-0424,2022-10-01,0,WEST
MED-0424,2022-11-01,0,NORTH
MED-0424,2022-12-01,0,CENTRAL
MED-0424,2023-01-01,0,EAST
MED-0424,2023-02-01,0,EAST
MED-0424,2023-03-01,16,NORTH
MED-0424,2023-04-01,0,NORTH
MED-0424,2023-05-01,0,NORTH
MED-0424,2023-06-01,0,NORTH
MED-0424,2023-07-01,0,NORTH
MED-0424,2023-08-01,0,NORTH
MED-0424,2023-09-01,0,NORTH
MED-0424,2023-10-01,0,EAST
MED-0424,2023-11-01,3,WEST
MED-0424,2023-12-01,0,SOUTH
MED-0424,2024-01-01,0,NORTH
MED-0424,2024-02-01,5,NORTH
MED-0424,2024-03-01,0,WEST
MED-0424,2024-04-01,0,NORTH
MED-0424,2024-05-01,0,NORTH
MED-0424,2024-06-01,0,NORTH
MED-0424,2024-07-01,0,NORTH
MED-0424,2024-08-01,0,NORTH
MED-0424,2024-09-01,5,NORTH
MED-0424,2024-10-01,0,NORTH
MED-0424,2024-11-01,3,NORTH
MED-0424,2024-12-01,0,NORTH
MED-0424,2025-01-01,0,NORTH
MED-0424,2025-02-01,0,NORTH
MED-0424,2025-03-01,0,WEST
MED-0424,2025-04-01,0,EAST
MED-0424,2025-05-01,0,WEST
MED-0424,2025-06-01,20,NORTH
MED-0424,2025-07-01,0,NORTH
MED-0424,2025-08-01,0,NORTH
MED-0424,2025-09-01,0,NORTH
MED-0424,2025-10-01,0,CENTRAL
MED-0424,2025-11-01,6,NORTH
MED-0424,2025-12-01,0,NORTH
MED-0425,2023-07-01,2,WEST
MED-0425,2023-08-01,7,WEST
MED-0425,2023-09-01,3,WEST
MED-0425,2023-10-01,1,WEST
MED-0425,2023-11-01,7,WEST
MED-0425,2023-12-01,2,WEST
MED-0425,2024-01-01,1,WEST
MED-0425,2024-02-01,0,WEST
MED-0425,2024-03-01,6,WEST
MED-0425,2024-04-01,3,WEST
MED-0425,2024-05-01,4,WEST
MED-0425,2024-06-01,2,EAST
MED-0425,2024-07-01,4,WEST
MED-0425,2024-08-01,4,WEST
MED-0425,2024-09-01,3,WEST
MED-0425,2024-10-01,2,WEST
MED-0425,2024-11-01,2,WEST
MED-0425,2024-12-01,4,WEST
MED-0425,2025-01-01,1,NORTH
MED-0425,2025-02-01,30,EAST
MED-0425,2025-03-01,4,WEST
MED-0425,2025-04-01,2,EAST
MED-0425,2025-05-01,3,NORTH
MED-0425,2025-06-01,3,WEST
MED-0425,2025-07-01,4,WEST
MED-0425,2025-08-01,3,WEST
MED-0425,2025-09-01,1,WEST
MED-0425,2025-10-01,4,WEST
MED-0425,2025-11-01,3,WEST
MED-0425,2025-12-01,1,EAST
MED-0426,2023-01-01,4,WEST
MED-0426,2023-02-01,6,CENTRAL
MED-0426,2023-03-01,4,WEST
MED-0426,2023-04-01,5,WEST
MED-0426,2023-05-01,9,WEST
MED-0426,2023-06-01,4,WEST
MED-0426,2023-07-01,7,EAST
MED-0426,2023-08-01,2,SOUTH
MED-0426,2023-09-01,3,WEST
MED-0426,2023-10-01,3,WEST
MED-0426,2023-11-01,5,WEST
MED-0426,2023-12-01,4,WEST
MED-0426,2024-01-01,3,WEST
MED-0426,2024-02-01,3,WEST
MED-0426,2024-03-01,4,WEST
MED-0426,2024-04-01,2,CENTRAL
MED-0426,2024-05-01,6,WEST
MED-0426,2024-06-01,37,WEST
MED-0426,2024-07-01,3,WEST
MED-0426,2024-08-01,5,WEST
MED-0426,2024-09-01,3,CENTRAL
MED-0426,2024-10-01,4,WEST
MED-0426,2024-11-01,6,WEST
MED-0426,2024-12-01,9,WEST
MED-0426,2025-01-01,4,WEST
MED-0426,2025-02-01,2,WEST
MED-0426,2025-03-01,6,WEST
MED-0426,2025-04-01,5,WEST
MED-0426,2025-05-01,2,WEST
MED-0426,2025-06-01,0,WEST
MED-0426,2025-07-01,4,NORTH
MED-0426,2025-08-01,1,WEST
MED-0426,2025-09-01,3,WEST
MED-0426,2025-10-01,1,NORTH
MED-0426,2025-11-01,4,WEST
MED-0426,2025-12-01,5,WEST
MED-0427,2024-01-01,0,WEST
MED-0427,2024-02-01,3,WEST
MED-0427,2024-03-01,0,WEST
MED-0427,2024-04-01,0,WEST
MED-0427,2024-05-01,0,WEST
MED-0427,2024-06-01,0,WEST
MED-0427,2024-07-01,0,WEST
MED-0427,2024-08-01,0,WEST
MED-0427,2024-09-01,0,NORTH
MED-0427,2024-10-01,0,SOUTH
MED-0427,2024-11-01,0,WEST
MED-0427,2024-12-01,0,WEST
MED-0427,2025-01-01,0,EAST
MED-0427,2025-02-01,0,WEST
MED-0427,2025-03-01,0,WEST
MED-0427,2025-04-01,0,EAST
MED-0427,2025-05-01,0,WEST
MED-0427,2025-06-01,0,WEST
MED-0427,2025-07-01,0,WEST
MED-0427,2025-08-01,0,WEST
MED-0427,2025-09-01,0,WEST
MED-0427,2025-10-01,0,WEST
MED-0427,2025-11-01,0,WEST
MED-0427,2025-12-01,0,WEST
MED-0428,2022-01-01,0,CENTRAL
MED-0428,2022-02-01,0,WEST
MED-0428,2022-03-01,0,NORTH
MED-0428,2022-04-01,0,CENTRAL
MED-0428,2022-05-01,0,CENTRAL
MED-0428,2022-06-01,5,CENTRAL
MED-0428,2022-07-01,0,NORTH
MED-0428,2022-08-01,0,CENTRAL
MED-0428,2022-09-01,0,CENTRAL
MED-0428,2022-10-01,5,CENTRAL
MED-0428,2022-11-01,0,SOUTH
MED-0428,2022-12-01,0,CENTRAL
MED-0428,2023-01-01,0,CENTRAL
MED-0428,2023-02-01,0,CENTRAL
MED-0428,2023-03-01,0,EAST
MED-0428,2023-04-01,0,CENTRAL
MED-0428,2023-05-01,0,CENTRAL
MED-0428,2023-06-01,0,CENTRAL
MED-0428,2023-07-01,0,CENTRAL
MED-0428,2023-08-01,0,CENTRAL
MED-0428,2023-09-01,13,CENTRAL
MED-0428,2023-10-01,0,EAST
MED-0428,2023-11-01,0,CENTRAL
MED-0428,2023-12-01,0,CENTRAL
MED-0428,2024-01-01,0,CENTRAL
MED-0428,2024-02-01,0,CENTRAL
MED-0428,2024-03-01,0,CENTRAL
MED-0428,2024-04-01,0,EAST
MED-0428,2024-05-01,0,CENTRAL
MED-0428,2024-06-01,0,CENTRAL
MED-0428,2024-07-01,0,CENTRAL
MED-0428,2024-08-01,0,SOUTH
MED-0428,2024-09-01,0,CENTRAL
MED-0428,2024-10-01,0,CENTRAL
MED-0428,2024-11-01,0,CENTRAL
MED-0428,2024-12-01,0,NORTH
MED-0428,2025-01-01,0,CENTRAL
MED-0428,2025-02-01,0,NORTH
MED-0428,2025-03-01,0,WEST
MED-0428,2025-04-01,0,CENTRAL
MED-0428,2025-05-01,0,WEST
MED-0428,2025-06-01,0,SOUTH
MED-0428,2025-07-01,0,CENTRAL
MED-0428,2025-08-01,0,CENTRAL
MED-0428,2025-09-01,4,CENTRAL
MED-0428,2025-10-01,0,EAST
MED-0428,2025-11-01,0,CENTRAL
MED-0428,2025-12-01,0,WEST
MED-0429,2022-01-01,6,SOUTH
MED-0429,2022-02-01,6,CENTRAL
MED-0429,2022-03-01,6,CENTRAL
MED-0429,2022-04-01,4,CENTRAL
MED-0429,2022-05-01,6,CENTRAL
MED-0429,2022-06-01,3,CENTRAL
MED-0429,2022-07-01,6,CENTRAL
MED-0429,2022-08-01,7,CENTRAL
MED-0429,2022-09-01,9,SOUTH
MED-0429,2022-10-01,4,CENTRAL
MED-0429,2022-11-01,1,CENTRAL
MED-0429,2022-12-01,6,CENTRAL
MED-0429,2023-01-01,2,CENTRAL
MED-0429,2023-02-01,4,CENTRAL
MED-0429,2023-03-01,4,CENTRAL
MED-0429,2023-04-01,2,WEST
MED-0429,2023-05-01,6,CENTRAL
MED-0429,2023-06-01,11,NORTH
MED-0429,2023-07-01,4,CENTRAL
MED-0429,2023-08-01,6,CENTRAL
MED-0429,2023-09-01,2,CENTRAL
MED-0429,2023-10-01,6,CENTRAL
MED-0429,2023-11-01,6,CENTRAL
MED-0429,2023-12-01,4,CENTRAL
MED-0429,2024-01-01,4,CENTRAL
MED-0429,2024-02-01,8,CENTRAL
MED-0429,2024-03-01,8,CENTRAL
MED-0429,2024-04-01,4,CENTRAL
MED-0429,2024-05-01,7,SOUTH
MED-0429,2024-06-01,7,CENTRAL
MED-0429,2024-07-01,4,SOUTH
MED-0429,2024-08-01,3,CENTRAL
MED-0429,2024-09-01,0,CENTRAL
MED-0429,2024-10-01,4,CENTRAL
MED-0429,2024-11-01,4,CENTRAL
MED-0429,2024-12-01,4,CENTRAL
MED-0429,2025-01-01,4,CENTRAL
MED-0429,2025-02-01,2,CENTRAL
MED-0429,2025-03-01,6,CENTRAL
MED-0429,2025-04-01,7,CENTRAL
MED-0429,2025-05-01,10,SOUTH
MED-0429,2025-06-01,6,CENTRAL
MED-0429,2025-07-01,7,CENTRAL
MED-0429,2025-08-01,5,CENTRAL
MED-0429,2025-09-01,7,CENTRAL
MED-0429,2025-10-01,8,EAST
MED-0429,2025-11-01,3,CENTRAL
MED-0429,2025-12-01,2,CENTRAL
MED-0430,2022-01-01,0,WEST
MED-0430,2022-02-01,0,WEST
MED-0430,2022-03-01,0,SOUTH
MED-0430,2022-04-01,0,WEST
MED-0430,2022-05-01,0,WEST
MED-0430,2022-06-01,0,WEST
MED-0430,2022-07-01,0,WEST
MED-0430,2022-08-01,0,CENTRAL
MED-0430,2022-09-01,0,WEST
MED-0430,2022-10-01,0,WEST
MED-0430,2022-11-01,0,WEST
MED-0430,2022-12-01,12,WEST
MED-0430,2023-01-01,0,NORTH
MED-0430,2023-02-01,0,WEST
MED-0430,2023-03-01,0,SOUTH
MED-0430,2023-04-01,0,WEST
MED-0430,2023-05-01,0,WEST
MED-0430,2023-06-01,0,WEST
MED-0430,2023-07-01,0,WEST
MED-0430,2023-08-01,0,NORTH
MED-0430,2023-09-01,0,WEST
MED-0430,2023-10-01,0,WEST
MED-0430,2023-11-01,0,EAST
MED-0430,2023-12-01,9,WEST
MED-0430,2024-01-01,10,CENTRAL
MED-0430,2024-02-01,0,WEST
MED-0430,2024-03-01,0,WEST
MED-0430,2024-04-01,0,SOUTH
MED-0430,2024-05-01,0,WEST
MED-0430,2024-06-01,0,WEST
MED-0430,2024-07-01,0,WEST
MED-0430,2024-08-01,0,WEST
MED-0430,2024-09-01,0,NORTH
MED-0430,2024-10-01,0,WEST
MED-0430,2024-11-01,0,WEST
MED-0430,2024-12-01,0,WEST
MED-0430,2025-01-01,0,WEST
MED-0430,2025-02-01,0,WEST
MED-0430,2025-03-01,0,CENTRAL
MED-0430,2025-04-01,28,WEST
MED-0430,2025-05-01,0,WEST
MED-0430,2025-06-01,0,EAST
MED-0430,2025-07-01,0,WEST
MED-0430,2025-08-01,0,WEST
MED-0430,2025-09-01,3,WEST
MED-0430,2025-10-01,0,WEST
MED-0430,2025-11-01,8,WEST
MED-0430,2025-12-01,0,WEST
MED-0431,2024-01-01,2,WEST
MED-0431,2024-02-01,2,EAST
MED-0431,2024-03-01,1,EAST
MED-0431,2024-04-01,5,EAST
MED-0431,2024-05-01,4,EAST
MED-0431,2024-06-01,6,EAST
MED-0431,2024-07-01,1,EAST
MED-0431,2024-08-01,7,EAST
MED-0431,2024-09-01,5,EAST
MED-0431,2024-10-01,3,EAST
MED-0431,2024-11-01,5,EAST
MED-0431,2024-12-01,4,EAST
MED-0431,2025-01-01,5,EAST
MED-0431,2025-02-01,8,EAST
MED-0431,2025-03-01,6,CENTRAL
MED-0431,2025-04-01,5,EAST
MED-0431,2025-05-01,8,EAST
MED-0431,2025-06-01,8,EAST
MED-0431,2025-07-01,7,WEST
MED-0431,2025-08-01,6,EAST
MED-0431,2025-09-01,1,EAST
MED-0431,2025-10-01,6,EAST
MED-0431,2025-11-01,3,EAST
MED-0431,2025-12-01,4,WEST
MED-0432,2024-07-01,0,EAST
MED-0432,2024-08-01,3,EAST
MED-0432,2024-09-01,0,EAST
MED-0432,2024-10-01,2,EAST
MED-0432,2024-11-01,5,WEST
MED-0432,2024-12-01,0,EAST
MED-0432,2025-01-01,0,EAST
MED-0432,2025-02-01,0,NORTH
MED-0432,2025-03-01,0,WEST
MED-0432,2025-04-01,3,CENTRAL
MED-0432,2025-05-01,0,EAST
MED-0432,2025-06-01,0,EAST
MED-0432,2025-07-01,2,EAST
MED-0432,2025-08-01,0,EAST
MED-0432,2025-09-01,0,CENTRAL
MED-0432,2025-10-01,0,EAST
MED-0432,2025-11-01,0,EAST
MED-0432,2025-12-01,0,EAST
MED-0433,2023-07-01,0,NORTH
MED-0433,2023-08-01,15,EAST
MED-0433,2023-09-01,8,SOUTH
MED-0433,2023-10-01,0,EAST
MED-0433,2023-11-01,0,EAST
MED-0433,2023-12-01,0,EAST
MED-0433,2024-01-01,14,SOUTH
MED-0433,2024-02-01,0,EAST
MED-0433,2024-03-01,0,EAST
MED-0433,2024-04-01,13,EAST
MED-0433,2024-05-01,0,NORTH
MED-0433,2024-06-01,0,EAST
MED-0433,2024-07-01,0,EAST
MED-0433,2024-08-01,0,EAST
MED-0433,2024-09-01,20,EAST
MED-0433,2024-10-01,0,EAST
MED-0433,2024-11-01,0,EAST
MED-0433,2024-12-01,0,EAST
MED-0433,2025-01-01,0,EAST
MED-0433,2025-02-01,0,EAST
MED-0433,2025-03-01,0,EAST
MED-0433,2025-04-01,0,SOUTH
MED-0433,2025-05-01,0,EAST
MED-0433,2025-06-01,0,EAST
MED-0433,2025-07-01,0,EAST
MED-0433,2025-08-01,30,NORTH
MED-0433,2025-09-01,7,SOUTH
MED-0433,2025-10-01,0,EAST
MED-0433,2025-11-01,10,NORTH
MED-0433,2025-12-01,17,EAST
MED-0434,2023-07-01,0,EAST
MED-0434,2023-08-01,0,EAST
MED-0434,2023-09-01,3,WEST
MED-0434,2023-10-01,0,EAST
MED-0434,2023-11-01,0,WEST
MED-0434,2023-12-01,0,CENTRAL
MED-0434,2024-01-01,3,EAST
MED-0434,2024-02-01,0,EAST
MED-0434,2024-03-01,0,EAST
MED-0434,2024-04-01,0,EAST
MED-0434,2024-05-01,0,SOUTH
MED-0434,2024-06-01,0,EAST
MED-0434,2024-07-01,0,EAST
MED-0434,2024-08-01,0,EAST
MED-0434,2024-09-01,0,EAST
MED-0434,2024-10-01,0,EAST
MED-0434,2024-11-01,0,SOUTH
MED-0434,2024-12-01,3,EAST
MED-0434,2025-01-01,2,EAST
MED-0434,2025-02-01,4,CENTRAL
MED-0434,2025-03-01,0,EAST
MED-0434,2025-04-01,0,EAST
MED-0434,2025-05-01,0,CENTRAL
MED-0434,2025-06-01,0,EAST
MED-0434,2025-07-01,0,NORTH
MED-0434,2025-08-01,0,EAST
MED-0434,2025-09-01,0,EAST
MED-0434,2025-10-01,3,SOUTH
MED-0434,2025-11-01,4,EAST
MED-0434,2025-12-01,0,EAST
MED-0435,2024-07-01,0,EAST
MED-0435,2024-08-01,0,WEST
MED-0435,2024-09-01,0,WEST
MED-0435,2024-10-01,0,WEST
MED-0435,2024-11-01,0,CENTRAL
MED-0435,2024-12-01,0,WEST
MED-0435,2025-01-01,3,WEST
MED-0435,2025-02-01,5,WEST
MED-0435,2025-03-01,3,WEST
MED-0435,2025-04-01,0,CENTRAL
MED-0435,2025-05-01,0,WEST
MED-0435,2025-06-01,0,WEST
MED-0435,2025-07-01,0,WEST
MED-0435,2025-08-01,0,CENTRAL
MED-0435,2025-09-01,0,WEST
MED-0435,2025-10-01,0,WEST
MED-0435,2025-11-01,0,CENTRAL
MED-0435,2025-12-01,0,EAST
MED-0436,2022-01-01,0,SOUTH
MED-0436,2022-02-01,0,SOUTH
MED-0436,2022-03-01,0,NORTH
MED-0436,2022-04-01,18,SOUTH
MED-0436,2022-05-01,0,NORTH
MED-0436,2022-06-01,0,CENTRAL
MED-0436,2022-07-01,5,WEST
MED-0436,2022-08-01,0,SOUTH
MED-0436,2022-09-01,0,SOUTH
MED-0436,2022-10-01,11,SOUTH
MED-0436,2022-11-01,0,SOUTH
MED-0436,2022-12-01,0,SOUTH
MED-0436,2023-01-01,0,SOUTH
MED-0436,2023-02-01,0,SOUTH
MED-0436,2023-03-01,4,CENTRAL
MED-0436,2023-04-01,0,NORTH
MED-0436,2023-05-01,0,CENTRAL
MED-0436,2023-06-01,0,SOUTH
MED-0436,2023-07-01,0,SOUTH
MED-0436,2023-08-01,0,SOUTH
MED-0436,2023-09-01,0,SOUTH
MED-0436,2023-10-01,0,SOUTH
MED-0436,2023-11-01,0,SOUTH
MED-0436,2023-12-01,0,SOUTH
MED-0436,2024-01-01,0,NORTH
MED-0436,2024-02-01,0,EAST
MED-0436,2024-03-01,0,SOUTH
MED-0436,2024-04-01,0,SOUTH
MED-0436,2024-05-01,0,SOUTH
MED-0436,2024-06-01,0,SOUTH
MED-0436,2024-07-01,0,EAST
MED-0436,2024-08-01,0,SOUTH
MED-0436,2024-09-01,0,WEST
MED-0436,2024-10-01,0,CENTRAL
MED-0436,2024-11-01,0,SOUTH
MED-0436,2024-12-01,0,SOUTH
MED-0436,2025-01-01,0,SOUTH
MED-0436,2025-02-01,0,SOUTH
MED-0436,2025-03-01,0,EAST
MED-0436,2025-04-01,6,SOUTH
MED-0436,2025-05-01,10,SOUTH
MED-0436,2025-06-01,0,SOUTH
MED-0436,2025-07-01,8,SOUTH
MED-0436,2025-08-01,0,SOUTH
MED-0436,2025-09-01,0,NORTH
MED-0436,2025-10-01,0,SOUTH
MED-0436,2025-11-01,0,SOUTH
MED-0436,2025-12-01,0,WEST
MED-0437,2024-01-01,0,WEST
MED-0437,2024-02-01,0,EAST
MED-0437,2024-03-01,0,EAST
MED-0437,2024-04-01,0,EAST
MED-0437,2024-05-01,0,CENTRAL
MED-0437,2024-06-01,0,NORTH
MED-0437,2024-07-01,0,EAST
MED-0437,2024-08-01,0,CENTRAL
MED-0437,2024-09-01,0,EAST
MED-0437,2024-10-01,3,EAST
MED-0437,2024-11-01,3,EAST
MED-0437,2024-12-01,0,WEST
MED-0437,2025-01-01,4,WEST
MED-0437,2025-02-01,0,EAST
MED-0437,2025-03-01,0,WEST
MED-0437,2025-04-01,2,EAST
MED-0437,2025-05-01,0,EAST
MED-0437,2025-06-01,0,EAST
MED-0437,2025-07-01,0,EAST
MED-0437,2025-08-01,4,EAST
MED-0437,2025-09-01,0,EAST
MED-0437,2025-10-01,0,EAST
MED-0437,2025-11-01,7,EAST
MED-0437,2025-12-01,4,EAST
MED-0438,2024-01-01,2,CENTRAL
MED-0438,2024-02-01,1,CENTRAL
MED-0438,2024-03-01,2,CENTRAL
MED-0438,2024-04-01,0,NORTH
MED-0438,2024-05-01,1,CENTRAL
MED-0438,2024-06-01,1,SOUTH
MED-0438,2024-07-01,2,WEST
MED-0438,2024-08-01,3,CENTRAL
MED-0438,2024-09-01,0,WEST
MED-0438,2024-10-01,4,CENTRAL
MED-0438,2024-11-01,0,NORTH
MED-0438,2024-12-01,8,WEST
MED-0438,2025-01-01,2,CENTRAL
MED-0438,2025-02-01,2,WEST
MED-0438,2025-03-01,6,CENTRAL
MED-0438,2025-04-01,4,WEST
MED-0438,2025-05-01,0,CENTRAL
MED-0438,2025-06-01,0,CENTRAL
MED-0438,2025-07-01,3,CENTRAL
MED-0438,2025-08-01,0,SOUTH
MED-0438,2025-09-01,4,CENTRAL
MED-0438,2025-10-01,6,CENTRAL
MED-0438,2025-11-01,2,CENTRAL
MED-0438,2025-12-01,4,CENTRAL
MED-0439,2022-01-01,0,WEST
MED-0439,2022-02-01,1,WEST
MED-0439,2022-03-01,4,WEST
MED-0439,2022-04-01,2,WEST
MED-0439,2022-05-01,0,NORTH
MED-0439,2022-06-01,5,WEST
MED-0439,2022-07-01,1,WEST
MED-0439,2022-08-01,2,WEST
MED-0439,2022-09-01,3,NORTH
MED-0439,2022-10-01,2,NORTH
MED-0439,2022-11-01,3,EAST
MED-0439,2022-12-01,5,EAST
MED-0439,2023-01-01,2,WEST
MED-0439,2023-02-01,3,CENTRAL
MED-0439,2023-03-01,4,WEST
MED-0439,2023-04-01,5,WEST
MED-0439,2023-05-01,0,WEST
MED-0439,2023-06-01,3,EAST
MED-0439,2023-07-01,1,CENTRAL
MED-0439,2023-08-01,0,EAST
MED-0439,2023-09-01,6,CENTRAL
MED-0439,2023-10-01,3,WEST
MED-0439,2023-11-01,7,SOUTH
MED-0439,2023-12-01,2,EAST
MED-0439,2024-01-01,2,WEST
MED-0439,2024-02-01,5,EAST
MED-0439,2024-03-01,0,WEST
MED-0439,2024-04-01,1,WEST
MED-0439,2024-05-01,2,WEST
MED-0439,2024-06-01,4,WEST
MED-0439,2024-07-01,3,WEST
MED-0439,2024-08-01,2,WEST
MED-0439,2024-09-01,1,CENTRAL
MED-0439,2024-10-01,0,WEST
MED-0439,2024-11-01,6,WEST
MED-0439,2024-12-01,0,WEST
MED-0439,2025-01-01,1,WEST
MED-0439,2025-02-01,1,NORTH
MED-0439,2025-03-01,4,WEST
MED-0439,2025-04-01,5,WEST
MED-0439,2025-05-01,4,NORTH
MED-0439,2025-06-01,2,WEST
MED-0439,2025-07-01,3,WEST
MED-0439,2025-08-01,5,WEST
MED-0439,2025-09-01,3,WEST
MED-0439,2025-10-01,4,WEST
MED-0439,2025-11-01,2,WEST
MED-0439,2025-12-01,6,NORTH
MED-0440,2022-07-01,6,NORTH
MED-0440,2022-08-01,2,WEST
MED-0440,2022-09-01,1,SOUTH
MED-0440,2022-10-01,3,SOUTH
MED-0440,2022-11-01,4,NORTH
MED-0440,2022-12-01,2,SOUTH
MED-0440,2023-01-01,2,SOUTH
MED-0440,2023-02-01,5,SOUTH
MED-0440,2023-03-01,3,CENTRAL
MED-0440,2023-04-01,2,SOUTH
MED-0440,2023-05-01,4,SOUTH
MED-0440,2023-06-01,10,SOUTH
MED-0440,2023-07-01,4,SOUTH
MED-0440,2023-08-01,2,EAST
MED-0440,2023-09-01,1,SOUTH
MED-0440,2023-10-01,7,SOUTH
MED-0440,2023-11-01,2,SOUTH
MED-0440,2023-12-01,2,NORTH
MED-0440,2024-01-01,4,SOUTH
MED-0440,2024-02-01,2,SOUTH
MED-0440,2024-03-01,2,SOUTH
MED-0440,2024-04-01,3,CENTRAL
MED-0440,2024-05-01,4,NORTH
MED-0440,2024-06-01,7,EAST
MED-0440,2024-07-01,6,SOUTH
MED-0440,2024-08-01,3,SOUTH
MED-0440,2024-09-01,2,SOUTH
MED-0440,2024-10-01,2,SOUTH
MED-0440,2024-11-01,1,SOUTH
MED-0440,2024-12-01,4,SOUTH
MED-0440,2025-01-01,4,SOUTH
MED-0440,2025-02-01,2,SOUTH
MED-0440,2025-03-01,4,SOUTH
MED-0440,2025-04-01,4,SOUTH
MED-0440,2025-05-01,7,SOUTH
MED-0440,2025-06-01,2,WEST
MED-0440,2025-07-01,4,SOUTH
MED-0440,2025-08-01,4,SOUTH
MED-0440,2025-09-01,5,SOUTH
MED-0440,2025-10-01,1,SOUTH
MED-0440,2025-11-01,7,WEST
MED-0440,2025-12-01,3,SOUTH
MED-0441,2022-01-01,6,NORTH
MED-0441,2022-02-01,2,SOUTH
MED-0441,2022-03-01,2,EAST
MED-0441,2022-04-01,8,EAST
MED-0441,2022-05-01,4,EAST
MED-0441,2022-06-01,3,EAST
MED-0441,2022-07-01,4,SOUTH
MED-0441,2022-08-01,3,EAST
MED-0441,2022-09-01,2,EAST
MED-0441,2022-10-01,8,EAST
MED-0441,2022-11-01,4,EAST
MED-0441,2022-12-01,1,EAST
MED-0441,2023-01-01,2,EAST
MED-0441,2023-02-01,4,EAST
MED-0441,2023-03-01,5,EAST
MED-0441,2023-04-01,6,EAST
MED-0441,2023-05-01,4,NORTH
MED-0441,2023-06-01,6,WEST
MED-0441,2023-07-01,3,EAST
MED-0441,2023-08-01,2,EAST
MED-0441,2023-09-01,2,EAST
MED-0441,2023-10-01,3,EAST
MED-0441,2023-11-01,3,EAST
MED-0441,2023-12-01,3,EAST
MED-0441,2024-01-01,2,EAST
MED-0441,2024-02-01,3,WEST
MED-0441,2024-03-01,2,EAST
MED-0441,2024-04-01,4,EAST
MED-0441,2024-05-01,4,EAST
MED-0441,2024-06-01,7,EAST
MED-0441,2024-07-01,3,SOUTH
MED-0441,2024-08-01,2,EAST
MED-0441,2024-09-01,5,EAST
MED-0441,2024-10-01,4,EAST
MED-0441,2024-11-01,1,EAST
MED-0441,2024-12-01,2,EAST
MED-0441,2025-01-01,2,EAST
MED-0441,2025-02-01,4,EAST
MED-0441,2025-03-01,2,EAST
MED-0441,2025-04-01,4,EAST
MED-0441,2025-05-01,4,EAST
MED-0441,2025-06-01,8,EAST
MED-0441,2025-07-01,2,EAST
MED-0441,2025-08-01,3,EAST
MED-0441,2025-09-01,2,EAST
MED-0441,2025-10-01,11,CENTRAL
MED-0441,2025-11-01,7,EAST
MED-0441,2025-12-01,0,EAST
MED-0442,2024-01-01,0,NORTH
MED-0442,2024-02-01,0,NORTH
MED-0442,2024-03-01,0,NORTH
MED-0442,2024-04-01,0,NORTH
MED-0442,2024-05-01,0,NORTH
MED-0442,2024-06-01,0,SOUTH
MED-0442,2024-07-01,0,NORTH
MED-0442,2024-08-01,0,NORTH
MED-0442,2024-09-01,0,NORTH
MED-0442,2024-10-01,0,NORTH
MED-0442,2024-11-01,0,NORTH
MED-0442,2024-12-01,0,NORTH
MED-0442,2025-01-01,0,NORTH
MED-0442,2025-02-01,0,NORTH
MED-0442,2025-03-01,0,SOUTH
MED-0442,2025-04-01,0,NORTH
MED-0442,2025-05-01,0,NORTH
MED-0442,2025-06-01,0,NORTH
MED-0442,2025-07-01,0,NORTH
MED-0442,2025-08-01,5,WEST
MED-0442,2025-09-01,0,NORTH
MED-0442,2025-10-01,0,NORTH
MED-0442,2025-11-01,0,NORTH
MED-0442,2025-12-01,0,EAST
MED-0443,2022-01-01,0,NORTH
MED-0443,2022-02-01,0,SOUTH
MED-0443,2022-03-01,0,WEST
MED-0443,2022-04-01,0,WEST
MED-0443,2022-05-01,0,WEST
MED-0443,2022-06-01,0,EAST
MED-0443,2022-07-01,0,WEST
MED-0443,2022-08-01,0,SOUTH
MED-0443,2022-09-01,5,WEST
MED-0443,2022-10-01,0,NORTH
MED-0443,2022-11-01,0,WEST
MED-0443,2022-12-01,0,WEST
MED-0443,2023-01-01,0,WEST
MED-0443,2023-02-01,0,WEST
MED-0443,2023-03-01,5,WEST
MED-0443,2023-04-01,0,WEST
MED-0443,2023-05-01,0,WEST
MED-0443,2023-06-01,0,SOUTH
MED-0443,2023-07-01,0,WEST
MED-0443,2023-08-01,11,WEST
MED-0443,2023-09-01,0,WEST
MED-0443,2023-10-01,0,WEST
MED-0443,2023-11-01,0,WEST
MED-0443,2023-12-01,0,WEST
MED-0443,2024-01-01,0,WEST
MED-0443,2024-02-01,0,WEST
MED-0443,2024-03-01,0,WEST
MED-0443,2024-04-01,0,WEST
MED-0443,2024-05-01,6,WEST
MED-0443,2024-06-01,12,NORTH
MED-0443,2024-07-01,0,WEST
MED-0443,2024-08-01,0,WEST
MED-0443,2024-09-01,8,WEST
MED-0443,2024-10-01,0,SOUTH
MED-0443,2024-11-01,14,WEST
MED-0443,2024-12-01,0,WEST
MED-0443,2025-01-01,0,WEST
MED-0443,2025-02-01,3,WEST
MED-0443,2025-03-01,10,WEST
MED-0443,2025-04-01,0,WEST
MED-0443,2025-05-01,0,NORTH
MED-0443,2025-06-01,0,WEST
MED-0443,2025-07-01,0,WEST
MED-0443,2025-08-01,0,WEST
MED-0443,2025-09-01,0,WEST
MED-0443,2025-10-01,24,WEST
MED-0443,2025-11-01,0,WEST
MED-0443,2025-12-01,5,WEST
MED-0444,2022-07-01,0,NORTH
MED-0444,2022-08-01,2,WEST
MED-0444,2022-09-01,1,CENTRAL
MED-0444,2022-10-01,2,WEST
MED-0444,2022-11-01,4,WEST
MED-0444,2022-12-01,0,NORTH
MED-0444,2023-01-01,2,WEST
MED-0444,2023-02-01,1,WEST
MED-0444,2023-03-01,2,EAST
MED-0444,2023-04-01,8,WEST
MED-0444,2023-05-01,6,WEST
MED-0444,2023-06-01,4,WEST
MED-0444,2023-07-01,3,SOUTH
MED-0444,2023-08-01,13,WEST
MED-0444,2023-09-01,3,CENTRAL
MED-0444,2023-10-01,5,WEST
MED-0444,2023-11-01,1,EAST
MED-0444,2023-12-01,0,CENTRAL
MED-0444,2024-01-01,0,WEST
MED-0444,2024-02-01,6,EAST
MED-0444,2024-03-01,0,WEST
MED-0444,2024-04-01,3,WEST
MED-0444,2024-05-01,6,WEST
MED-0444,2024-06-01,2,WEST
MED-0444,2024-07-01,3,WEST
MED-0444,2024-08-01,10,NORTH
MED-0444,2024-09-01,3,WEST
MED-0444,2024-10-01,3,WEST
MED-0444,2024-11-01,1,WEST
MED-0444,2024-12-01,1,EAST
MED-0444,2025-01-01,5,WEST
MED-0444,2025-02-01,0,SOUTH
MED-0444,2025-03-01,3,WEST
MED-0444,2025-04-01,0,CENTRAL
MED-0444,2025-05-01,5,WEST
MED-0444,2025-06-01,5,WEST
MED-0444,2025-07-01,22,WEST
MED-0444,2025-08-01,1,WEST
MED-0444,2025-09-01,2,CENTRAL
MED-0444,2025-10-01,1,WEST
MED-0444,2025-11-01,2,WEST
MED-0444,2025-12-01,5,WEST
MED-0445,2024-01-01,0,EAST
MED-0445,2024-02-01,0,NORTH
MED-0445,2024-03-01,0,EAST
MED-0445,2024-04-01,0,EAST
MED-0445,2024-05-01,0,EAST
MED-0445,2024-06-01,0,EAST
MED-0445,2024-07-01,0,EAST
MED-0445,2024-08-01,4,WEST
MED-0445,2024-09-01,1,EAST
MED-0445,2024-10-01,3,EAST
MED-0445,2024-11-01,0,EAST
MED-0445,2024-12-01,3,EAST
MED-0445,2025-01-01,0,EAST
MED-0445,2025-02-01,0,EAST
MED-0445,2025-03-01,0,CENTRAL
MED-0445,2025-04-01,0,EAST
MED-0445,2025-05-01,3,EAST
MED-0445,2025-06-01,3,NORTH
MED-0445,2025-07-01,0,EAST
MED-0445,2025-08-01,0,NORTH
MED-0445,2025-09-01,0,EAST
MED-0445,2025-10-01,0,EAST
MED-0445,2025-11-01,0,EAST
MED-0445,2025-12-01,5,EAST
MED-0446,2023-01-01,0,SOUTH
MED-0446,2023-02-01,0,SOUTH
MED-0446,2023-03-01,0,SOUTH
MED-0446,2023-04-01,0,SOUTH
MED-0446,2023-05-01,0,EAST
MED-0446,2023-06-01,0,SOUTH
MED-0446,2023-07-01,0,NORTH
MED-0446,2023-08-01,0,SOUTH
MED-0446,2023-09-01,0,SOUTH
MED-0446,2023-10-01,0,SOUTH
MED-0446,2023-11-01,0,SOUTH
MED-0446,2023-12-01,0,CENTRAL
MED-0446,2024-01-01,0,SOUTH
MED-0446,2024-02-01,11,SOUTH
MED-0446,2024-03-01,0,EAST
MED-0446,2024-04-01,0,CENTRAL
MED-0446,2024-05-01,0,SOUTH
MED-0446,2024-06-01,0,SOUTH
MED-0446,2024-07-01,0,SOUTH
MED-0446,2024-08-01,0,WEST
MED-0446,2024-09-01,14,EAST
MED-0446,2024-10-01,0,SOUTH
MED-0446,2024-11-01,0,CENTRAL
MED-0446,2024-12-01,0,SOUTH
MED-0446,2025-01-01,0,SOUTH
MED-0446,2025-02-01,0,SOUTH
MED-0446,2025-03-01,5,SOUTH
MED-0446,2025-04-01,0,CENTRAL
MED-0446,2025-05-01,12,SOUTH
MED-0446,2025-06-01,6,WEST
MED-0446,2025-07-01,0,SOUTH
MED-0446,2025-08-01,0,SOUTH
MED-0446,2025-09-01,0,CENTRAL
MED-0446,2025-10-01,12,EAST
MED-0446,2025-11-01,0,SOUTH
MED-0446,2025-12-01,6,SOUTH
MED-0447,2022-01-01,6,NORTH
MED-0447,2022-02-01,4,EAST
MED-0447,2022-03-01,5,EAST
MED-0447,2022-04-01,2,EAST
MED-0447,2022-05-01,1,EAST
MED-0447,2022-06-01,2,EAST
MED-0447,2022-07-01,0,WEST
MED-0447,2022-08-01,2,EAST
MED-0447,2022-09-01,6,EAST
MED-0447,2022-10-01,0,EAST
MED-0447,2022-11-01,3,NORTH
MED-0447,2022-12-01,2,EAST
MED-0447,2023-01-01,1,EAST
MED-0447,2023-02-01,4,EAST
MED-0447,2023-03-01,6,EAST
MED-0447,2023-04-01,1,EAST
MED-0447,2023-05-01,3,EAST
MED-0447,2023-06-01,5,EAST
MED-0447,2023-07-01,3,EAST
MED-0447,2023-08-01,2,EAST
MED-0447,2023-09-01,1,EAST
MED-0447,2023-10-01,7,NORTH
MED-0447,2023-11-01,2,EAST
MED-0447,2023-12-01,5,EAST
MED-0447,2024-01-01,4,EAST
MED-0447,2024-02-01,7,EAST
MED-0447,2024-03-01,4,SOUTH
MED-0447,2024-04-01,2,EAST
MED-0447,2024-05-01,3,EAST
MED-0447,2024-06-01,3,WEST
MED-0447,2024-07-01,2,EAST
MED-0447,2024-08-01,1,SOUTH
MED-0447,2024-09-01,3,EAST
MED-0447,2024-10-01,6,WEST
MED-0447,2024-11-01,5,EAST
MED-0447,2024-12-01,2,SOUTH
MED-0447,2025-01-01,1,CENTRAL
MED-0447,2025-02-01,2,SOUTH
MED-0447,2025-03-01,1,EAST
MED-0447,2025-04-01,4,WEST
MED-0447,2025-05-01,7,CENTRAL
MED-0447,2025-06-01,2,EAST
MED-0447,2025-07-01,3,SOUTH
MED-0447,2025-08-01,5,SOUTH
MED-0447,2025-09-01,4,EAST
MED-0447,2025-10-01,4,EAST
MED-0447,2025-11-01,2,EAST
MED-0447,2025-12-01,0,EAST
MED-0448,2022-01-01,4,CENTRAL
MED-0448,2022-02-01,3,NORTH
MED-0448,2022-03-01,10,NORTH
MED-0448,2022-04-01,4,WEST
MED-0448,2022-05-01,5,EAST
MED-0448,2022-06-01,3,EAST
MED-0448,2022-07-01,2,NORTH
MED-0448,2022-08-01,6,EAST
MED-0448,2022-09-01,1,NORTH
MED-0448,2022-10-01,5,CENTRAL
MED-0448,2022-11-01,2,EAST
MED-0448,2022-12-01,6,EAST
MED-0448,2023-01-01,2,EAST
MED-0448,2023-02-01,1,EAST
MED-0448,2023-03-01,6,EAST
MED-0448,2023-04-01,1,CENTRAL
MED-0448,2023-05-01,2,NORTH
MED-0448,2023-06-01,6,WEST
MED-0448,2023-07-01,5,WEST
MED-0448,2023-08-01,3,EAST
MED-0448,2023-09-01,2,EAST
MED-0448,2023-10-01,4,EAST
MED-0448,2023-11-01,1,EAST
MED-0448,2023-12-01,7,EAST
MED-0448,2024-01-01,13,EAST
MED-0448,2024-02-01,5,WEST
MED-0448,2024-03-01,3,EAST
MED-0448,2024-04-01,4,EAST
MED-0448,2024-05-01,4,EAST
MED-0448,2024-06-01,4,NORTH
MED-0448,2024-07-01,4,EAST
MED-0448,2024-08-01,2,EAST
MED-0448,2024-09-01,2,EAST
MED-0448,2024-10-01,3,EAST
MED-0448,2024-11-01,1,SOUTH
MED-0448,2024-12-01,4,CENTRAL
MED-0448,2025-01-01,2,EAST
MED-0448,2025-02-01,0,EAST
MED-0448,2025-03-01,8,SOUTH
MED-0448,2025-04-01,7,EAST
MED-0448,2025-05-01,4,EAST
MED-0448,2025-06-01,5,EAST
MED-0448,2025-07-01,4,EAST
MED-0448,2025-08-01,1,NORTH
MED-0448,2025-09-01,2,EAST
MED-0448,2025-10-01,4,EAST
MED-0448,2025-11-01,4,EAST
MED-0448,2025-12-01,7,EAST
MED-0449,2024-07-01,3,CENTRAL
MED-0449,2024-08-01,2,CENTRAL
MED-0449,2024-09-01,2,EAST
MED-0449,2024-10-01,3,CENTRAL
MED-0449,2024-11-01,6,CENTRAL
MED-0449,2024-12-01,1,CENTRAL
MED-0449,2025-01-01,1,CENTRAL
MED-0449,2025-02-01,3,CENTRAL
MED-0449,2025-03-01,8,SOUTH
MED-0449,2025-04-01,2,WEST
MED-0449,2025-05-01,1,CENTRAL
MED-0449,2025-06-01,1,CENTRAL
MED-0449,2025-07-01,0,CENTRAL
MED-0449,2025-08-01,9,CENTRAL
MED-0449,2025-09-01,0,CENTRAL
MED-0449,2025-10-01,0,CENTRAL
MED-0449,2025-11-01,6,CENTRAL
MED-0449,2025-12-01,0,CENTRAL
MED-0450,2023-07-01,0,EAST
MED-0450,2023-08-01,0,EAST
MED-0450,2023-09-01,1,EAST
MED-0450,2023-10-01,0,WEST
MED-0450,2023-11-01,0,EAST
MED-0450,2023-12-01,5,EAST
MED-0450,2024-01-01,7,EAST
MED-0450,2024-02-01,3,SOUTH
MED-0450,2024-03-01,0,WEST
MED-0450,2024-04-01,2,EAST
MED-0450,2024-05-01,0,EAST
MED-0450,2024-06-01,0,CENTRAL
MED-0450,2024-07-01,0,EAST
MED-0450,2024-08-01,0,EAST
MED-0450,2024-09-01,2,NORTH
MED-0450,2024-10-01,0,EAST
MED-0450,2024-11-01,0,EAST
MED-0450,2024-12-01,0,NORTH
MED-0450,2025-01-01,0,EAST
MED-0450,2025-02-01,0,NORTH
MED-0450,2025-03-01,0,WEST
MED-0450,2025-04-01,0,EAST
MED-0450,2025-05-01,0,EAST
MED-0450,2025-06-01,0,EAST
MED-0450,2025-07-01,0,EAST
MED-0450,2025-08-01,0,EAST
MED-0450,2025-09-01,0,WEST
MED-0450,2025-10-01,0,EAST
MED-0450,2025-11-01,0,EAST
MED-0450,2025-12-01,0,EAST
MED-0451,2022-01-01,0,NORTH
MED-0451,2022-02-01,0,EAST
MED-0451,2022-03-01,0,EAST
MED-0451,2022-04-01,10,EAST
MED-0451,2022-05-01,0,NORTH
MED-0451,2022-06-01,0,EAST
MED-0451,2022-07-01,0,EAST
MED-0451,2022-08-01,0,EAST
MED-0451,2022-09-01,13,WEST
MED-0451,2022-10-01,4,CENTRAL
MED-0451,2022-11-01,0,EAST
MED-0451,2022-12-01,0,EAST
MED-0451,2023-01-01,0,NORTH
MED-0451,2023-02-01,8,EAST
MED-0451,2023-03-01,0,CENTRAL
MED-0451,2023-04-01,0,EAST
MED-0451,2023-05-01,0,WEST
MED-0451,2023-06-01,0,EAST
MED-0451,2023-07-01,1,EAST
MED-0451,2023-08-01,6,EAST
MED-0451,2023-09-01,0,EAST
MED-0451,2023-10-01,0,WEST
MED-0451,2023-11-01,0,EAST
MED-0451,2023-12-01,0,EAST
MED-0451,2024-01-01,0,EAST
MED-0451,2024-02-01,5,CENTRAL
MED-0451,2024-03-01,2,EAST
MED-0451,2024-04-01,0,EAST
MED-0451,2024-05-01,0,EAST
MED-0451,2024-06-01,0,WEST
MED-0451,2024-07-01,1,EAST
MED-0451,2024-08-01,0,WEST
MED-0451,2024-09-01,0,WEST
MED-0451,2024-10-01,2,EAST
MED-0451,2024-11-01,0,EAST
MED-0451,2024-12-01,0,NORTH
MED-0451,2025-01-01,0,EAST
MED-0451,2025-02-01,1,EAST
MED-0451,2025-03-01,12,EAST
MED-0451,2025-04-01,0,EAST
MED-0451,2025-05-01,0,WEST
MED-0451,2025-06-01,0,SOUTH
MED-0451,2025-07-01,0,EAST
MED-0451,2025-08-01,5,CENTRAL
MED-0451,2025-09-01,0,SOUTH
MED-0451,2025-10-01,7,EAST
MED-0451,2025-11-01,0,EAST
MED-0451,2025-12-01,0,EAST
MED-0452,2022-01-01,0,EAST
MED-0452,2022-02-01,0,WEST
MED-0452,2022-03-01,0,EAST
MED-0452,2022-04-01,0,EAST
MED-0452,2022-05-01,0,EAST
MED-0452,2022-06-01,0,EAST
MED-0452,2022-07-01,0,NORTH
MED-0452,2022-08-01,1,WEST
MED-0452,2022-09-01,0,EAST
MED-0452,2022-10-01,0,EAST
MED-0452,2022-11-01,0,WEST
MED-0452,2022-12-01,0,EAST
MED-0452,2023-01-01,7,EAST
MED-0452,2023-02-01,0,EAST
MED-0452,2023-03-01,2,EAST
MED-0452,2023-04-01,0,EAST
MED-0452,2023-05-01,11,EAST
MED-0452,2023-06-01,0,EAST
MED-0452,2023-07-01,0,WEST
MED-0452,2023-08-01,0,EAST
MED-0452,2023-09-01,0,EAST
MED-0452,2023-10-01,0,EAST
MED-0452,2023-11-01,0,EAST
MED-0452,2023-12-01,0,NORTH
MED-0452,2024-01-01,3,EAST
MED-0452,2024-02-01,7,WEST
MED-0452,2024-03-01,0,EAST
MED-0452,2024-04-01,0,EAST
MED-0452,2024-05-01,0,EAST
MED-0452,2024-06-01,0,WEST
MED-0452,2024-07-01,0,EAST
MED-0452,2024-08-01,0,EAST
MED-0452,2024-09-01,4,NORTH
MED-0452,2024-10-01,0,EAST
MED-0452,2024-11-01,0,SOUTH
MED-0452,2024-12-01,0,WEST
MED-0452,2025-01-01,0,WEST
MED-0452,2025-02-01,0,EAST
MED-0452,2025-03-01,0,EAST
MED-0452,2025-04-01,0,EAST
MED-0452,2025-05-01,0,EAST
MED-0452,2025-06-01,0,SOUTH
MED-0452,2025-07-01,0,EAST
MED-0452,2025-08-01,0,EAST
MED-0452,2025-09-01,5,EAST
MED-0452,2025-10-01,0,EAST
MED-0452,2025-11-01,0,EAST
MED-0452,2025-12-01,4,EAST
MED-0453,2022-01-01,3,NORTH
MED-0453,2022-02-01,4,NORTH
MED-0453,2022-03-01,3,NORTH
MED-0453,2022-04-01,4,NORTH
MED-0453,2022-05-01,18,WEST
MED-0453,2022-06-01,3,NORTH
MED-0453,2022-07-01,4,NORTH
MED-0453,2022-08-01,2,NORTH
MED-0453,2022-09-01,5,NORTH
MED-0453,2022-10-01,5,NORTH
MED-0453,2022-11-01,3,NORTH
MED-0453,2022-12-01,1,NORTH
MED-0453,2023-01-01,1,NORTH
MED-0453,2023-02-01,3,NORTH
MED-0453,2023-03-01,2,CENTRAL
MED-0453,2023-04-01,4,NORTH
MED-0453,2023-05-01,5,NORTH
MED-0453,2023-06-01,3,NORTH
MED-0453,2023-07-01,2,NORTH
MED-0453,2023-08-01,4,NORTH
MED-0453,2023-09-01,4,NORTH
MED-0453,2023-10-01,4,NORTH
MED-0453,2023-11-01,4,WEST
MED-0453,2023-12-01,1,NORTH
MED-0453,2024-01-01,5,NORTH
MED-0453,2024-02-01,2,NORTH
MED-0453,2024-03-01,5,CENTRAL
MED-0453,2024-04-01,4,SOUTH
MED-0453,2024-05-01,2,NORTH
MED-0453,2024-06-01,6,NORTH
MED-0453,2024-07-01,2,NORTH
MED-0453,2024-08-01,6,NORTH
MED-0453,2024-09-01,2,NORTH
MED-0453,2024-10-01,2,NORTH
MED-0453,2024-11-01,2,NORTH
MED-0453,2024-12-01,3,NORTH
MED-0453,2025-01-01,2,CENTRAL
MED-0453,2025-02-01,5,NORTH
MED-0453,2025-03-01,2,NORTH
MED-0453,2025-04-01,4,NORTH
MED-0453,2025-05-01,1,CENTRAL
MED-0453,2025-06-01,4,NORTH
MED-0453,2025-07-01,3,NORTH
MED-0453,2025-08-01,6,NORTH
MED-0453,2025-09-01,5,CENTRAL
MED-0453,2025-10-01,1,WEST
MED-0453,2025-11-01,4,NORTH
MED-0453,2025-12-01,2,NORTH
MED-0454,2022-01-01,0,NORTH
MED-0454,2022-02-01,0,WEST
MED-0454,2022-03-01,0,NORTH
MED-0454,2022-04-01,12,EAST
MED-0454,2022-05-01,0,NORTH
MED-0454,2022-06-01,0,NORTH
MED-0454,2022-07-01,1,CENTRAL
MED-0454,2022-08-01,0,NORTH
MED-0454,2022-09-01,0,NORTH
MED-0454,2022-10-01,0,EAST
MED-0454,2022-11-01,0,NORTH
MED-0454,2022-12-01,0,NORTH
MED-0454,2023-01-01,0,NORTH
MED-0454,2023-02-01,0,WEST
MED-0454,2023-03-01,0,NORTH
MED-0454,2023-04-01,0,WEST
MED-0454,2023-05-01,2,CENTRAL
MED-0454,2023-06-01,0,CENTRAL
MED-0454,2023-07-01,0,SOUTH
MED-0454,2023-08-01,0,CENTRAL
MED-0454,2023-09-01,0,NORTH
MED-0454,2023-10-01,0,NORTH
MED-0454,2023-11-01,0,EAST
MED-0454,2023-12-01,0,NORTH
MED-0454,2024-01-01,7,NORTH
MED-0454,2024-02-01,0,NORTH
MED-0454,2024-03-01,0,NORTH
MED-0454,2024-04-01,0,NORTH
MED-0454,2024-05-01,4,NORTH
MED-0454,2024-06-01,0,NORTH
MED-0454,2024-07-01,0,NORTH
MED-0454,2024-08-01,0,EAST
MED-0454,2024-09-01,0,NORTH
MED-0454,2024-10-01,0,NORTH
MED-0454,2024-11-01,0,NORTH
MED-0454,2024-12-01,0,WEST
MED-0454,2025-01-01,0,WEST
MED-0454,2025-02-01,4,NORTH
MED-0454,2025-03-01,0,EAST
MED-0454,2025-04-01,0,NORTH
MED-0454,2025-05-01,0,NORTH
MED-0454,2025-06-01,0,NORTH
MED-0454,2025-07-01,0,EAST
MED-0454,2025-08-01,0,NORTH
MED-0454,2025-09-01,9,EAST
MED-0454,2025-10-01,0,NORTH
MED-0454,2025-11-01,0,NORTH
MED-0454,2025-12-01,0,NORTH
MED-0455,2022-01-01,0,EAST
MED-0455,2022-02-01,0,NORTH
MED-0455,2022-03-01,0,EAST
MED-0455,2022-04-01,3,SOUTH
MED-0455,2022-05-01,5,NORTH
MED-0455,2022-06-01,0,EAST
MED-0455,2022-07-01,5,EAST
MED-0455,2022-08-01,0,EAST
MED-0455,2022-09-01,11,EAST
MED-0455,2022-10-01,0,CENTRAL
MED-0455,2022-11-01,0,NORTH
MED-0455,2022-12-01,0,EAST
MED-0455,2023-01-01,0,EAST
MED-0455,2023-02-01,0,EAST
MED-0455,2023-03-01,11,EAST
MED-0455,2023-04-01,9,EAST
MED-0455,2023-05-01,0,EAST
MED-0455,2023-06-01,0,EAST
MED-0455,2023-07-01,0,EAST
MED-0455,2023-08-01,0,EAST
MED-0455,2023-09-01,0,EAST
MED-0455,2023-10-01,0,NORTH
MED-0455,2023-11-01,0,EAST
MED-0455,2023-12-01,5,EAST
MED-0455,2024-01-01,0,EAST
MED-0455,2024-02-01,0,EAST
MED-0455,2024-03-01,0,WEST
MED-0455,2024-04-01,0,EAST
MED-0455,2024-05-01,0,EAST
MED-0455,2024-06-01,0,EAST
MED-0455,2024-07-01,5,WEST
MED-0455,2024-08-01,0,EAST
MED-0455,2024-09-01,0,EAST
MED-0455,2024-10-01,2,EAST
MED-0455,2024-11-01,0,EAST
MED-0455,2024-12-01,0,EAST
MED-0455,2025-01-01,10,EAST
MED-0455,2025-02-01,0,EAST
MED-0455,2025-03-01,0,EAST
MED-0455,2025-04-01,7,EAST
MED-0455,2025-05-01,0,NORTH
MED-0455,2025-06-01,0,SOUTH
MED-0455,2025-07-01,0,EAST
MED-0455,2025-08-01,0,NORTH
MED-0455,2025-09-01,0,EAST
MED-0455,2025-10-01,8,EAST
MED-0455,2025-11-01,0,EAST
MED-0455,2025-12-01,0,EAST
MED-0456,2022-01-01,6,EAST
MED-0456,2022-02-01,3,EAST
MED-0456,2022-03-01,3,EAST
MED-0456,2022-04-01,3,SOUTH
MED-0456,2022-05-01,3,EAST
MED-0456,2022-06-01,4,NORTH
MED-0456,2022-07-01,5,EAST
MED-0456,2022-08-01,0,EAST
MED-0456,2022-09-01,6,EAST
MED-0456,2022-10-01,3,EAST
MED-0456,2022-11-01,1,EAST
MED-0456,2022-12-01,3,EAST
MED-0456,2023-01-01,7,EAST
MED-0456,2023-02-01,3,EAST
MED-0456,2023-03-01,6,EAST
MED-0456,2023-04-01,7,EAST
MED-0456,2023-05-01,4,EAST
MED-0456,2023-06-01,0,EAST
MED-0456,2023-07-01,4,EAST
MED-0456,2023-08-01,3,NORTH
MED-0456,2023-09-01,3,EAST
MED-0456,2023-10-01,0,EAST
MED-0456,2023-11-01,3,NORTH
MED-0456,2023-12-01,3,WEST
MED-0456,2024-01-01,4,EAST
MED-0456,2024-02-01,4,EAST
MED-0456,2024-03-01,6,EAST
MED-0456,2024-04-01,8,EAST
MED-0456,2024-05-01,4,EAST
MED-0456,2024-06-01,3,EAST
MED-0456,2024-07-01,3,EAST
MED-0456,2024-08-01,4,NORTH
MED-0456,2024-09-01,3,EAST
MED-0456,2024-10-01,4,SOUTH
MED-0456,2024-11-01,1,EAST
MED-0456,2024-12-01,0,CENTRAL
MED-0456,2025-01-01,3,EAST
MED-0456,2025-02-01,5,EAST
MED-0456,2025-03-01,4,EAST
MED-0456,2025-04-01,3,EAST
MED-0456,2025-05-01,4,EAST
MED-0456,2025-06-01,1,EAST
MED-0456,2025-07-01,0,EAST
MED-0456,2025-08-01,6,EAST
MED-0456,2025-09-01,8,CENTRAL
MED-0456,2025-10-01,6,EAST
MED-0456,2025-11-01,3,CENTRAL
MED-0456,2025-12-01,11,EAST
MED-0457,2023-01-01,5,CENTRAL
MED-0457,2023-02-01,8,CENTRAL
MED-0457,2023-03-01,3,CENTRAL
MED-0457,2023-04-01,5,SOUTH
MED-0457,2023-05-01,1,CENTRAL
MED-0457,2023-06-01,2,WEST
MED-0457,2023-07-01,1,CENTRAL
MED-0457,2023-08-01,3,CENTRAL
MED-0457,2023-09-01,5,CENTRAL
MED-0457,2023-10-01,6,SOUTH
MED-0457,2023-11-01,5,CENTRAL
MED-0457,2023-12-01,7,CENTRAL
MED-0457,2024-01-01,4,CENTRAL
MED-0457,2024-02-01,5,CENTRAL
MED-0457,2024-03-01,2,CENTRAL
MED-0457,2024-04-01,7,WEST
MED-0457,2024-05-01,4,NORTH
MED-0457,2024-06-01,4,CENTRAL
MED-0457,2024-07-01,0,CENTRAL
MED-0457,2024-08-01,5,CENTRAL
MED-0457,2024-09-01,1,NORTH
MED-0457,2024-10-01,4,WEST
MED-0457,2024-11-01,2,CENTRAL
MED-0457,2024-12-01,5,SOUTH
MED-0457,2025-01-01,4,CENTRAL
MED-0457,2025-02-01,2,CENTRAL
MED-0457,2025-03-01,13,EAST
MED-0457,2025-04-01,7,EAST
MED-0457,2025-05-01,9,CENTRAL
MED-0457,2025-06-01,5,CENTRAL
MED-0457,2025-07-01,3,NORTH
MED-0457,2025-08-01,3,WEST
MED-0457,2025-09-01,6,EAST
MED-0457,2025-10-01,2,CENTRAL
MED-0457,2025-11-01,0,CENTRAL
MED-0457,2025-12-01,11,CENTRAL
MED-0458,2022-07-01,5,SOUTH
MED-0458,2022-08-01,1,EAST
MED-0458,2022-09-01,1,EAST
MED-0458,2022-10-01,1,EAST
MED-0458,2022-11-01,4,EAST
MED-0458,2022-12-01,2,EAST
MED-0458,2023-01-01,3,WEST
MED-0458,2023-02-01,1,EAST
MED-0458,2023-03-01,4,EAST
MED-0458,2023-04-01,1,EAST
MED-0458,2023-05-01,4,CENTRAL
MED-0458,2023-06-01,24,EAST
MED-0458,2023-07-01,3,WEST
MED-0458,2023-08-01,4,CENTRAL
MED-0458,2023-09-01,0,WEST
MED-0458,2023-10-01,1,EAST
MED-0458,2023-11-01,12,EAST
MED-0458,2023-12-01,7,SOUTH
MED-0458,2024-01-01,1,EAST
MED-0458,2024-02-01,4,SOUTH
MED-0458,2024-03-01,5,EAST
MED-0458,2024-04-01,4,WEST
MED-0458,2024-05-01,0,EAST
MED-0458,2024-06-01,4,EAST
MED-0458,2024-07-01,15,EAST
MED-0458,2024-08-01,4,EAST
MED-0458,2024-09-01,4,EAST
MED-0458,2024-10-01,4,EAST
MED-0458,2024-11-01,3,EAST
MED-0458,2024-12-01,9,EAST
MED-0458,2025-01-01,3,EAST
MED-0458,2025-02-01,0,EAST
MED-0458,2025-03-01,5,EAST
MED-0458,2025-04-01,0,WEST
MED-0458,2025-05-01,6,EAST
MED-0458,2025-06-01,2,CENTRAL
MED-0458,2025-07-01,4,EAST
MED-0458,2025-08-01,3,NORTH
MED-0458,2025-09-01,3,EAST
MED-0458,2025-10-01,0,EAST
MED-0458,2025-11-01,5,EAST
MED-0458,2025-12-01,9,EAST
MED-0459,2024-07-01,0,CENTRAL
MED-0459,2024-08-01,5,NORTH
MED-0459,2024-09-01,0,CENTRAL
MED-0459,2024-10-01,3,CENTRAL
MED-0459,2024-11-01,0,WEST
MED-0459,2024-12-01,0,CENTRAL
MED-0459,2025-01-01,0,CENTRAL
MED-0459,2025-02-01,5,CENTRAL
MED-0459,2025-03-01,0,CENTRAL
MED-0459,2025-04-01,0,CENTRAL
MED-0459,2025-05-01,0,SOUTH
MED-0459,2025-06-01,0,CENTRAL
MED-0459,2025-07-01,7,CENTRAL
MED-0459,2025-08-01,0,CENTRAL
MED-0459,2025-09-01,5,CENTRAL
MED-0459,2025-10-01,0,CENTRAL
MED-0459,2025-11-01,0,EAST
MED-0459,2025-12-01,0,CENTRAL
MED-0460,2022-07-01,0,EAST
MED-0460,2022-08-01,0,EAST
MED-0460,2022-09-01,0,WEST
MED-0460,2022-10-01,0,EAST
MED-0460,2022-11-01,0,EAST
MED-0460,2022-12-01,0,NORTH
MED-0460,2023-01-01,6,EAST
MED-0460,2023-02-01,0,EAST
MED-0460,2023-03-01,0,EAST
MED-0460,2023-04-01,0,EAST
MED-0460,2023-05-01,14,EAST
MED-0460,2023-06-01,0,EAST
MED-0460,2023-07-01,0,EAST
MED-0460,2023-08-01,0,EAST
MED-0460,2023-09-01,0,WEST
MED-0460,2023-10-01,0,EAST
MED-0460,2023-11-01,0,EAST
MED-0460,2023-12-01,0,EAST
MED-0460,2024-01-01,0,NORTH
MED-0460,2024-02-01,0,WEST
MED-0460,2024-03-01,29,SOUTH
MED-0460,2024-04-01,0,WEST
MED-0460,2024-05-01,0,WEST
MED-0460,2024-06-01,0,WEST
MED-0460,2024-07-01,0,EAST
MED-0460,2024-08-01,0,EAST
MED-0460,2024-09-01,0,EAST
MED-0460,2024-10-01,2,EAST
MED-0460,2024-11-01,0,EAST
MED-0460,2024-12-01,14,EAST
MED-0460,2025-01-01,0,EAST
MED-0460,2025-02-01,0,EAST
MED-0460,2025-03-01,14,EAST
MED-0460,2025-04-01,0,EAST
MED-0460,2025-05-01,0,EAST
MED-0460,2025-06-01,0,EAST
MED-0460,2025-07-01,0,WEST
MED-0460,2025-08-01,0,EAST
MED-0460,2025-09-01,0,EAST
MED-0460,2025-10-01,0,NORTH
MED-0460,2025-11-01,0,CENTRAL
MED-0460,2025-12-01,0,EAST
MED-0461,2022-01-01,4,WEST
MED-0461,2022-02-01,5,NORTH
MED-0461,2022-03-01,6,SOUTH
MED-0461,2022-04-01,2,WEST
MED-0461,2022-05-01,3,SOUTH
MED-0461,2022-06-01,5,SOUTH
MED-0461,2022-07-01,4,CENTRAL
MED-0461,2022-08-01,4,NORTH
MED-0461,2022-09-01,5,SOUTH
MED-0461,2022-10-01,3,SOUTH
MED-0461,2022-11-01,0,NORTH
MED-0461,2022-12-01,1,SOUTH
MED-0461,2023-01-01,3,EAST
MED-0461,2023-02-01,2,SOUTH
MED-0461,2023-03-01,4,SOUTH
MED-0461,2023-04-01,4,EAST
MED-0461,2023-05-01,4,SOUTH
MED-0461,2023-06-01,4,SOUTH
MED-0461,2023-07-01,1,SOUTH
MED-0461,2023-08-01,5,WEST
MED-0461,2023-09-01,4,CENTRAL
MED-0461,2023-10-01,6,SOUTH
MED-0461,2023-11-01,3,SOUTH
MED-0461,2023-12-01,5,SOUTH
MED-0461,2024-01-01,4,EAST
MED-0461,2024-02-01,1,SOUTH
MED-0461,2024-03-01,3,WEST
MED-0461,2024-04-01,6,SOUTH
MED-0461,2024-05-01,2,SOUTH
MED-0461,2024-06-01,2,SOUTH
MED-0461,2024-07-01,3,SOUTH
MED-0461,2024-08-01,6,EAST
MED-0461,2024-09-01,2,SOUTH
MED-0461,2024-10-01,3,SOUTH
MED-0461,2024-11-01,6,SOUTH
MED-0461,2024-12-01,4,EAST
MED-0461,2025-01-01,3,SOUTH
MED-0461,2025-02-01,3,SOUTH
MED-0461,2025-03-01,1,NORTH
MED-0461,2025-04-01,6,SOUTH
MED-0461,2025-05-01,6,SOUTH
MED-0461,2025-06-01,0,SOUTH
MED-0461,2025-07-01,3,SOUTH
MED-0461,2025-08-01,2,SOUTH
MED-0461,2025-09-01,3,EAST
MED-0461,2025-10-01,2,SOUTH
MED-0461,2025-11-01,3,SOUTH
MED-0461,2025-12-01,4,CENTRAL
MED-0462,2022-01-01,0,SOUTH
MED-0462,2022-02-01,0,EAST
MED-0462,2022-03-01,0,SOUTH
MED-0462,2022-04-01,0,SOUTH
MED-0462,2022-05-01,13,SOUTH
MED-0462,2022-06-01,2,NORTH
MED-0462,2022-07-01,8,WEST
MED-0462,2022-08-01,0,SOUTH
MED-0462,2022-09-01,0,WEST
MED-0462,2022-10-01,0,EAST
MED-0462,2022-11-01,23,SOUTH
MED-0462,2022-12-01,0,SOUTH
MED-0462,2023-01-01,0,SOUTH
MED-0462,2023-02-01,0,SOUTH
MED-0462,2023-03-01,0,SOUTH
MED-0462,2023-04-01,0,WEST
MED-0462,2023-05-01,0,EAST
MED-0462,2023-06-01,0,SOUTH
MED-0462,2023-07-01,0,SOUTH
MED-0462,2023-08-01,0,NORTH
MED-0462,2023-09-01,0,SOUTH
MED-0462,2023-10-01,0,NORTH
MED-0462,2023-11-01,0,SOUTH
MED-0462,2023-12-01,9,SOUTH
MED-0462,2024-01-01,0,SOUTH
MED-0462,2024-02-01,11,WEST
MED-0462,2024-03-01,0,SOUTH
MED-0462,2024-04-01,0,SOUTH
MED-0462,2024-05-01,0,SOUTH
MED-0462,2024-06-01,0,WEST
MED-0462,2024-07-01,0,CENTRAL
MED-0462,2024-08-01,0,SOUTH
MED-0462,2024-09-01,0,SOUTH
MED-0462,2024-10-01,0,SOUTH
MED-0462,2024-11-01,0,NORTH
MED-0462,2024-12-01,0,CENTRAL
MED-0462,2025-01-01,16,WEST
MED-0462,2025-02-01,0,SOUTH
MED-0462,2025-03-01,14,NORTH
MED-0462,2025-04-01,0,EAST
MED-0462,2025-05-01,0,SOUTH
MED-0462,2025-06-01,0,CENTRAL
MED-0462,2025-07-01,0,SOUTH
MED-0462,2025-08-01,0,SOUTH
MED-0462,2025-09-01,0,SOUTH
MED-0462,2025-10-01,0,SOUTH
MED-0462,2025-11-01,0,NORTH
MED-0462,2025-12-01,15,CENTRAL
MED-0463,2022-01-01,5,CENTRAL
MED-0463,2022-02-01,5,SOUTH
MED-0463,2022-03-01,7,SOUTH
MED-0463,2022-04-01,3,SOUTH
MED-0463,2022-05-01,4,CENTRAL
MED-0463,2022-06-01,12,CENTRAL
MED-0463,2022-07-01,5,CENTRAL
MED-0463,2022-08-01,7,CENTRAL
MED-0463,2022-09-01,8,CENTRAL
MED-0463,2022-10-01,8,NORTH
MED-0463,2022-11-01,9,CENTRAL
MED-0463,2022-12-01,3,CENTRAL
MED-0463,2023-01-01,7,CENTRAL
MED-0463,2023-02-01,2,EAST
MED-0463,2023-03-01,9,CENTRAL
MED-0463,2023-04-01,2,CENTRAL
MED-0463,2023-05-01,3,CENTRAL
MED-0463,2023-06-01,3,CENTRAL
MED-0463,2023-07-01,5,CENTRAL
MED-0463,2023-08-01,7,CENTRAL
MED-0463,2023-09-01,2,EAST
MED-0463,2023-10-01,6,CENTRAL
MED-0463,2023-11-01,4,CENTRAL
MED-0463,2023-12-01,4,CENTRAL
MED-0463,2024-01-01,2,CENTRAL
MED-0463,2024-02-01,3,CENTRAL
MED-0463,2024-03-01,5,WEST
MED-0463,2024-04-01,2,WEST
MED-0463,2024-05-01,10,SOUTH
MED-0463,2024-06-01,4,CENTRAL
MED-0463,2024-07-01,5,CENTRAL
MED-0463,2024-08-01,7,CENTRAL
MED-0463,2024-09-01,6,WEST
MED-0463,2024-10-01,3,CENTRAL
MED-0463,2024-11-01,5,CENTRAL
MED-0463,2024-12-01,7,CENTRAL
MED-0463,2025-01-01,4,EAST
MED-0463,2025-02-01,5,CENTRAL
MED-0463,2025-03-01,6,EAST
MED-0463,2025-04-01,4,EAST
MED-0463,2025-05-01,1,WEST
MED-0463,2025-06-01,7,EAST
MED-0463,2025-07-01,4,CENTRAL
MED-0463,2025-08-01,2,CENTRAL
MED-0463,2025-09-01,2,CENTRAL
MED-0463,2025-10-01,4,CENTRAL
MED-0463,2025-11-01,8,CENTRAL
MED-0463,2025-12-01,2,CENTRAL
MED-0464,2022-01-01,3,EAST
MED-0464,2022-02-01,0,EAST
MED-0464,2022-03-01,1,EAST
MED-0464,2022-04-01,3,SOUTH
MED-0464,2022-05-01,5,EAST
MED-0464,2022-06-01,7,CENTRAL
MED-0464,2022-07-01,5,SOUTH
MED-0464,2022-08-01,0,EAST
MED-0464,2022-09-01,6,WEST
MED-0464,2022-10-01,1,EAST
MED-0464,2022-11-01,2,EAST
MED-0464,2022-12-01,3,EAST
MED-0464,2023-01-01,3,NORTH
MED-0464,2023-02-01,4,EAST
MED-0464,2023-03-01,4,WEST
MED-0464,2023-04-01,7,NORTH
MED-0464,2023-05-01,5,EAST
MED-0464,2023-06-01,3,SOUTH
MED-0464,2023-07-01,2,EAST
MED-0464,2023-08-01,8,CENTRAL
MED-0464,2023-09-01,2,EAST
MED-0464,2023-10-01,9,EAST
MED-0464,2023-11-01,3,EAST
MED-0464,2023-12-01,2,EAST
MED-0464,2024-01-01,1,WEST
MED-0464,2024-02-01,2,EAST
MED-0464,2024-03-01,6,EAST
MED-0464,2024-04-01,4,EAST
MED-0464,2024-05-01,3,EAST
MED-0464,2024-06-01,4,EAST
MED-0464,2024-07-01,6,WEST
MED-0464,2024-08-01,3,EAST
MED-0464,2024-09-01,5,EAST
MED-0464,2024-10-01,7,EAST
MED-0464,2024-11-01,4,EAST
MED-0464,2024-12-01,3,WEST
MED-0464,2025-01-01,4,EAST
MED-0464,2025-02-01,1,EAST
MED-0464,2025-03-01,1,EAST
MED-0464,2025-04-01,2,EAST
MED-0464,2025-05-01,4,EAST
MED-0464,2025-06-01,6,CENTRAL
MED-0464,2025-07-01,4,WEST
MED-0464,2025-08-01,3,EAST
MED-0464,2025-09-01,3,SOUTH
MED-0464,2025-10-01,9,CENTRAL
MED-0464,2025-11-01,3,SOUTH
MED-0464,2025-12-01,1,EAST
MED-0465,2023-07-01,7,NORTH
MED-0465,2023-08-01,0,EAST
MED-0465,2023-09-01,0,SOUTH
MED-0465,2023-10-01,0,SOUTH
MED-0465,2023-11-01,0,SOUTH
MED-0465,2023-12-01,12,SOUTH
MED-0465,2024-01-01,0,SOUTH
MED-0465,2024-02-01,0,SOUTH
MED-0465,2024-03-01,0,SOUTH
MED-0465,2024-04-01,0,SOUTH
MED-0465,2024-05-01,0,SOUTH
MED-0465,2024-06-01,0,SOUTH
MED-0465,2024-07-01,10,SOUTH
MED-0465,2024-08-01,4,SOUTH
MED-0465,2024-09-01,7,SOUTH
MED-0465,2024-10-01,0,SOUTH
MED-0465,2024-11-01,5,CENTRAL
MED-0465,2024-12-01,3,SOUTH
MED-0465,2025-01-01,0,SOUTH
MED-0465,2025-02-01,0,EAST
MED-0465,2025-03-01,0,SOUTH
MED-0465,2025-04-01,0,SOUTH
MED-0465,2025-05-01,0,SOUTH
MED-0465,2025-06-01,0,SOUTH
MED-0465,2025-07-01,0,SOUTH
MED-0465,2025-08-01,0,EAST
MED-0465,2025-09-01,0,SOUTH
MED-0465,2025-10-01,0,EAST
MED-0465,2025-11-01,0,SOUTH
MED-0465,2025-12-01,10,SOUTH
MED-0466,2023-01-01,4,SOUTH
MED-0466,2023-02-01,4,NORTH
MED-0466,2023-03-01,1,WEST
MED-0466,2023-04-01,4,WEST
MED-0466,2023-05-01,7,WEST
MED-0466,2023-06-01,4,WEST
MED-0466,2023-07-01,5,WEST
MED-0466,2023-08-01,9,CENTRAL
MED-0466,2023-09-01,3,WEST
MED-0466,2023-10-01,2,WEST
MED-0466,2023-11-01,7,WEST
MED-0466,2023-12-01,4,WEST
MED-0466,2024-01-01,5,WEST
MED-0466,2024-02-01,1,SOUTH
MED-0466,2024-03-01,7,WEST
MED-0466,2024-04-01,6,WEST
MED-0466,2024-05-01,5,WEST
MED-0466,2024-06-01,9,WEST
MED-0466,2024-07-01,0,WEST
MED-0466,2024-08-01,3,WEST
MED-0466,2024-09-01,3,WEST
MED-0466,2024-10-01,1,WEST
MED-0466,2024-11-01,7,CENTRAL
MED-0466,2024-12-01,6,WEST
MED-0466,2025-01-01,2,WEST
MED-0466,2025-02-01,3,WEST
MED-0466,2025-03-01,3,WEST
MED-0466,2025-04-01,3,WEST
MED-0466,2025-05-01,2,WEST
MED-0466,2025-06-01,5,NORTH
MED-0466,2025-07-01,4,EAST
MED-0466,2025-08-01,0,WEST
MED-0466,2025-09-01,3,WEST
MED-0466,2025-10-01,6,WEST
MED-0466,2025-11-01,1,NORTH
MED-0466,2025-12-01,3,WEST
MED-0467,2022-01-01,9,CENTRAL
MED-0467,2022-02-01,6,CENTRAL
MED-0467,2022-03-01,6,CENTRAL
MED-0467,2022-04-01,3,CENTRAL
MED-0467,2022-05-01,3,CENTRAL
MED-0467,2022-06-01,0,CENTRAL
MED-0467,2022-07-01,0,EAST
MED-0467,2022-08-01,5,CENTRAL
MED-0467,2022-09-01,7,CENTRAL
MED-0467,2022-10-01,1,CENTRAL
MED-0467,2022-11-01,6,CENTRAL
MED-0467,2022-12-01,2,CENTRAL
MED-0467,2023-01-01,2,NORTH
MED-0467,2023-02-01,3,CENTRAL
MED-0467,2023-03-01,4,WEST
MED-0467,2023-04-01,1,CENTRAL
MED-0467,2023-05-01,5,WEST
MED-0467,2023-06-01,5,CENTRAL
MED-0467,2023-07-01,5,CENTRAL
MED-0467,2023-08-01,4,CENTRAL
MED-0467,2023-09-01,7,CENTRAL
MED-0467,2023-10-01,2,CENTRAL
MED-0467,2023-11-01,3,CENTRAL
MED-0467,2023-12-01,7,CENTRAL
MED-0467,2024-01-01,3,CENTRAL
MED-0467,2024-02-01,6,CENTRAL
MED-0467,2024-03-01,14,CENTRAL
MED-0467,2024-04-01,4,CENTRAL
MED-0467,2024-05-01,9,CENTRAL
MED-0467,2024-06-01,0,CENTRAL
MED-0467,2024-07-01,9,CENTRAL
MED-0467,2024-08-01,7,CENTRAL
MED-0467,2024-09-01,6,WEST
MED-0467,2024-10-01,3,NORTH
MED-0467,2024-11-01,3,CENTRAL
MED-0467,2024-12-01,5,CENTRAL
MED-0467,2025-01-01,2,CENTRAL
MED-0467,2025-02-01,12,CENTRAL
MED-0467,2025-03-01,2,CENTRAL
MED-0467,2025-04-01,6,CENTRAL
MED-0467,2025-05-01,3,NORTH
MED-0467,2025-06-01,6,CENTRAL
MED-0467,2025-07-01,3,CENTRAL
MED-0467,2025-08-01,7,CENTRAL
MED-0467,2025-09-01,1,SOUTH
MED-0467,2025-10-01,0,CENTRAL
MED-0467,2025-11-01,3,CENTRAL
MED-0467,2025-12-01,4,CENTRAL
MED-0468,2022-01-01,0,SOUTH
MED-0468,2022-02-01,2,NORTH
MED-0468,2022-03-01,2,SOUTH
MED-0468,2022-04-01,10,SOUTH
MED-0468,2022-05-01,3,CENTRAL
MED-0468,2022-06-01,3,CENTRAL
MED-0468,2022-07-01,0,SOUTH
MED-0468,2022-08-01,4,EAST
MED-0468,2022-09-01,1,SOUTH
MED-0468,2022-10-01,3,SOUTH
MED-0468,2022-11-01,3,WEST
MED-0468,2022-12-01,2,EAST
MED-0468,2023-01-01,3,SOUTH
MED-0468,2023-02-01,2,SOUTH
MED-0468,2023-03-01,1,WEST
MED-0468,2023-04-01,2,SOUTH
MED-0468,2023-05-01,4,SOUTH
MED-0468,2023-06-01,2,NORTH
MED-0468,2023-07-01,6,SOUTH
MED-0468,2023-08-01,1,EAST
MED-0468,2023-09-01,1,SOUTH
MED-0468,2023-10-01,1,SOUTH
MED-0468,2023-11-01,4,SOUTH
MED-0468,2023-12-01,12,NORTH
MED-0468,2024-01-01,0,SOUTH
MED-0468,2024-02-01,1,SOUTH
MED-0468,2024-03-01,0,CENTRAL
MED-0468,2024-04-01,2,CENTRAL
MED-0468,2024-05-01,2,SOUTH
MED-0468,2024-06-01,3,SOUTH
MED-0468,2024-07-01,5,WEST
MED-0468,2024-08-01,1,WEST
MED-0468,2024-09-01,6,SOUTH
MED-0468,2024-10-01,2,NORTH
MED-0468,2024-11-01,4,SOUTH
MED-0468,2024-12-01,1,SOUTH
MED-0468,2025-01-01,2,SOUTH
MED-0468,2025-02-01,2,SOUTH
MED-0468,2025-03-01,0,SOUTH
MED-0468,2025-04-01,1,SOUTH
MED-0468,2025-05-01,1,SOUTH
MED-0468,2025-06-01,18,SOUTH
MED-0468,2025-07-01,0,SOUTH
MED-0468,2025-08-01,2,SOUTH
MED-0468,2025-09-01,2,NORTH
MED-0468,2025-10-01,2,SOUTH
MED-0468,2025-11-01,0,WEST
MED-0468,2025-12-01,1,SOUTH
MED-0469,2022-01-01,3,SOUTH
MED-0469,2022-02-01,2,SOUTH
MED-0469,2022-03-01,6,EAST
MED-0469,2022-04-01,3,NORTH
MED-0469,2022-05-01,4,CENTRAL
MED-0469,2022-06-01,5,SOUTH
MED-0469,2022-07-01,11,SOUTH
MED-0469,2022-08-01,6,WEST
MED-0469,2022-09-01,3,SOUTH
MED-0469,2022-10-01,8,SOUTH
MED-0469,2022-11-01,4,SOUTH
MED-0469,2022-12-01,2,SOUTH
MED-0469,2023-01-01,2,SOUTH
MED-0469,2023-02-01,3,SOUTH
MED-0469,2023-03-01,1,SOUTH
MED-0469,2023-04-01,0,EAST
MED-0469,2023-05-01,2,NORTH
MED-0469,2023-06-01,2,SOUTH
MED-0469,2023-07-01,4,EAST
MED-0469,2023-08-01,1,SOUTH
MED-0469,2023-09-01,4,NORTH
MED-0469,2023-10-01,4,SOUTH
MED-0469,2023-11-01,2,SOUTH
MED-0469,2023-12-01,4,NORTH
MED-0469,2024-01-01,1,CENTRAL
MED-0469,2024-02-01,3,SOUTH
MED-0469,2024-03-01,2,SOUTH
MED-0469,2024-04-01,3,SOUTH
MED-0469,2024-05-01,6,SOUTH
MED-0469,2024-06-01,3,SOUTH
MED-0469,2024-07-01,2,CENTRAL
MED-0469,2024-08-01,1,SOUTH
MED-0469,2024-09-01,2,CENTRAL
MED-0469,2024-10-01,5,SOUTH
MED-0469,2024-11-01,4,SOUTH
MED-0469,2024-12-01,4,SOUTH
MED-0469,2025-01-01,2,SOUTH
MED-0469,2025-02-01,4,SOUTH
MED-0469,2025-03-01,6,SOUTH
MED-0469,2025-04-01,5,SOUTH
MED-0469,2025-05-01,5,CENTRAL
MED-0469,2025-06-01,3,SOUTH
MED-0469,2025-07-01,3,SOUTH
MED-0469,2025-08-01,5,SOUTH
MED-0469,2025-09-01,3,SOUTH
MED-0469,2025-10-01,4,SOUTH
MED-0469,2025-11-01,2,SOUTH
MED-0469,2025-12-01,5,WEST
MED-0470,2022-01-01,0,SOUTH
MED-0470,2022-02-01,0,SOUTH
MED-0470,2022-03-01,7,SOUTH
MED-0470,2022-04-01,0,SOUTH
MED-0470,2022-05-01,0,SOUTH
MED-0470,2022-06-01,0,SOUTH
MED-0470,2022-07-01,0,NORTH
MED-0470,2022-08-01,0,CENTRAL
MED-0470,2022-09-01,0,SOUTH
MED-0470,2022-10-01,0,SOUTH
MED-0470,2022-11-01,0,SOUTH
MED-0470,2022-12-01,18,SOUTH
MED-0470,2023-01-01,0,SOUTH
MED-0470,2023-02-01,0,SOUTH
MED-0470,2023-03-01,0,SOUTH
MED-0470,2023-04-01,0,SOUTH
MED-0470,2023-05-01,4,WEST
MED-0470,2023-06-01,0,CENTRAL
MED-0470,2023-07-01,0,SOUTH
MED-0470,2023-08-01,0,SOUTH
MED-0470,2023-09-01,0,SOUTH
MED-0470,2023-10-01,3,SOUTH
MED-0470,2023-11-01,0,SOUTH
MED-0470,2023-12-01,0,SOUTH
MED-0470,2024-01-01,0,NORTH
MED-0470,2024-02-01,0,SOUTH
MED-0470,2024-03-01,0,SOUTH
MED-0470,2024-04-01,0,NORTH
MED-0470,2024-05-01,0,WEST
MED-0470,2024-06-01,0,SOUTH
MED-0470,2024-07-01,0,SOUTH
MED-0470,2024-08-01,0,SOUTH
MED-0470,2024-09-01,20,SOUTH
MED-0470,2024-10-01,0,SOUTH
MED-0470,2024-11-01,0,WEST
MED-0470,2024-12-01,0,SOUTH
MED-0470,2025-01-01,0,SOUTH
MED-0470,2025-02-01,0,SOUTH
MED-0470,2025-03-01,0,EAST
MED-0470,2025-04-01,0,SOUTH
MED-0470,2025-05-01,0,WEST
MED-0470,2025-06-01,4,SOUTH
MED-0470,2025-07-01,4,CENTRAL
MED-0470,2025-08-01,0,SOUTH
MED-0470,2025-09-01,4,SOUTH
MED-0470,2025-10-01,4,SOUTH
MED-0470,2025-11-01,7,SOUTH
MED-0470,2025-12-01,0,SOUTH
MED-0471,2023-01-01,5,SOUTH
MED-0471,2023-02-01,0,SOUTH
MED-0471,2023-03-01,6,SOUTH
MED-0471,2023-04-01,0,NORTH
MED-0471,2023-05-01,0,SOUTH
MED-0471,2023-06-01,0,WEST
MED-0471,2023-07-01,0,SOUTH
MED-0471,2023-08-01,0,SOUTH
MED-0471,2023-09-01,0,SOUTH
MED-0471,2023-10-01,0,NORTH
MED-0471,2023-11-01,27,NORTH
MED-0471,2023-12-01,0,SOUTH
MED-0471,2024-01-01,4,SOUTH
MED-0471,2024-02-01,0,EAST
MED-0471,2024-03-01,0,SOUTH
MED-0471,2024-04-01,0,SOUTH
MED-0471,2024-05-01,4,SOUTH
MED-0471,2024-06-01,0,SOUTH
MED-0471,2024-07-01,8,SOUTH
MED-0471,2024-08-01,0,SOUTH
MED-0471,2024-09-01,0,NORTH
MED-0471,2024-10-01,0,WEST
MED-0471,2024-11-01,0,SOUTH
MED-0471,2024-12-01,6,SOUTH
MED-0471,2025-01-01,0,WEST
MED-0471,2025-02-01,0,SOUTH
MED-0471,2025-03-01,8,SOUTH
MED-0471,2025-04-01,3,SOUTH
MED-0471,2025-05-01,4,SOUTH
MED-0471,2025-06-01,0,CENTRAL
MED-0471,2025-07-01,0,SOUTH
MED-0471,2025-08-01,0,SOUTH
MED-0471,2025-09-01,0,SOUTH
MED-0471,2025-10-01,7,EAST
MED-0471,2025-11-01,0,SOUTH
MED-0471,2025-12-01,0,SOUTH
MED-0472,2023-01-01,5,WEST
MED-0472,2023-02-01,10,WEST
MED-0472,2023-03-01,0,WEST
MED-0472,2023-04-01,0,EAST
MED-0472,2023-05-01,0,WEST
MED-0472,2023-06-01,0,NORTH
MED-0472,2023-07-01,5,CENTRAL
MED-0472,2023-08-01,0,CENTRAL
MED-0472,2023-09-01,4,WEST
MED-0472,2023-10-01,0,WEST
MED-0472,2023-11-01,4,WEST
MED-0472,2023-12-01,6,WEST
MED-0472,2024-01-01,0,WEST
MED-0472,2024-02-01,0,WEST
MED-0472,2024-03-01,0,WEST
MED-0472,2024-04-01,0,CENTRAL
MED-0472,2024-05-01,8,WEST
MED-0472,2024-06-01,0,WEST
MED-0472,2024-07-01,0,WEST
MED-0472,2024-08-01,0,WEST
MED-0472,2024-09-01,0,WEST
MED-0472,2024-10-01,0,WEST
MED-0472,2024-11-01,5,WEST
MED-0472,2024-12-01,0,WEST
MED-0472,2025-01-01,0,NORTH
MED-0472,2025-02-01,4,CENTRAL
MED-0472,2025-03-01,0,WEST
MED-0472,2025-04-01,0,WEST
MED-0472,2025-05-01,0,WEST
MED-0472,2025-06-01,0,WEST
MED-0472,2025-07-01,0,WEST
MED-0472,2025-08-01,3,WEST
MED-0472,2025-09-01,5,WEST
MED-0472,2025-10-01,3,WEST
MED-0472,2025-11-01,7,WEST
MED-0472,2025-12-01,0,NORTH
MED-0473,2022-01-01,0,CENTRAL
MED-0473,2022-02-01,0,SOUTH
MED-0473,2022-03-01,10,NORTH
MED-0473,2022-04-01,11,SOUTH
MED-0473,2022-05-01,0,WEST
MED-0473,2022-06-01,0,CENTRAL
MED-0473,2022-07-01,0,CENTRAL
MED-0473,2022-08-01,0,CENTRAL
MED-0473,2022-09-01,0,CENTRAL
MED-0473,2022-10-01,0,CENTRAL
MED-0473,2022-11-01,0,CENTRAL
MED-0473,2022-12-01,0,NORTH
MED-0473,2023-01-01,12,NORTH
MED-0473,2023-02-01,0,CENTRAL
MED-0473,2023-03-01,0,WEST
MED-0473,2023-04-01,0,EAST
MED-0473,2023-05-01,0,CENTRAL
MED-0473,2023-06-01,0,CENTRAL
MED-0473,2023-07-01,0,CENTRAL
MED-0473,2023-08-01,34,CENTRAL
MED-0473,2023-09-01,0,CENTRAL
MED-0473,2023-10-01,14,CENTRAL
MED-0473,2023-11-01,6,EAST
MED-0473,2023-12-01,0,CENTRAL
MED-0473,2024-01-01,0,CENTRAL
MED-0473,2024-02-01,0,CENTRAL
MED-0473,2024-03-01,0,CENTRAL
MED-0473,2024-04-01,0,CENTRAL
MED-0473,2024-05-01,0,CENTRAL
MED-0473,2024-06-01,0,CENTRAL
MED-0473,2024-07-01,0,SOUTH
MED-0473,2024-08-01,0,CENTRAL
MED-0473,2024-09-01,10,CENTRAL
MED-0473,2024-10-01,0,CENTRAL
MED-0473,2024-11-01,0,CENTRAL
MED-0473,2024-12-01,0,CENTRAL
MED-0473,2025-01-01,0,CENTRAL
MED-0473,2025-02-01,12,CENTRAL
MED-0473,2025-03-01,0,EAST
MED-0473,2025-04-01,0,NORTH
MED-0473,2025-05-01,8,CENTRAL
MED-0473,2025-06-01,0,CENTRAL
MED-0473,2025-07-01,0,CENTRAL
MED-0473,2025-08-01,0,CENTRAL
MED-0473,2025-09-01,0,SOUTH
MED-0473,2025-10-01,0,CENTRAL
MED-0473,2025-11-01,0,EAST
MED-0473,2025-12-01,52,CENTRAL
MED-0474,2024-07-01,5,EAST
MED-0474,2024-08-01,1,WEST
MED-0474,2024-09-01,8,NORTH
MED-0474,2024-10-01,7,CENTRAL
MED-0474,2024-11-01,3,CENTRAL
MED-0474,2024-12-01,1,CENTRAL
MED-0474,2025-01-01,0,CENTRAL
MED-0474,2025-02-01,4,NORTH
MED-0474,2025-03-01,4,CENTRAL
MED-0474,2025-04-01,5,CENTRAL
MED-0474,2025-05-01,4,CENTRAL
MED-0474,2025-06-01,6,CENTRAL
MED-0474,2025-07-01,3,CENTRAL
MED-0474,2025-08-01,6,CENTRAL
MED-0474,2025-09-01,9,CENTRAL
MED-0474,2025-10-01,8,EAST
MED-0474,2025-11-01,5,CENTRAL
MED-0474,2025-12-01,2,CENTRAL
MED-0475,2023-07-01,5,EAST
MED-0475,2023-08-01,1,SOUTH
MED-0475,2023-09-01,5,NORTH
MED-0475,2023-10-01,6,SOUTH
MED-0475,2023-11-01,7,SOUTH
MED-0475,2023-12-01,2,CENTRAL
MED-0475,2024-01-01,1,SOUTH
MED-0475,2024-02-01,4,SOUTH
MED-0475,2024-03-01,2,SOUTH
MED-0475,2024-04-01,2,SOUTH
MED-0475,2024-05-01,5,SOUTH
MED-0475,2024-06-01,5,SOUTH
MED-0475,2024-07-01,4,SOUTH
MED-0475,2024-08-01,4,SOUTH
MED-0475,2024-09-01,2,SOUTH
MED-0475,2024-10-01,4,SOUTH
MED-0475,2024-11-01,2,SOUTH
MED-0475,2024-12-01,1,EAST
MED-0475,2025-01-01,1,SOUTH
MED-0475,2025-02-01,6,SOUTH
MED-0475,2025-03-01,5,WEST
MED-0475,2025-04-01,5,CENTRAL
MED-0475,2025-05-01,5,WEST
MED-0475,2025-06-01,2,NORTH
MED-0475,2025-07-01,3,SOUTH
MED-0475,2025-08-01,3,NORTH
MED-0475,2025-09-01,5,SOUTH
MED-0475,2025-10-01,4,SOUTH
MED-0475,2025-11-01,2,SOUTH
MED-0475,2025-12-01,3,SOUTH
MED-0476,2023-07-01,0,CENTRAL
MED-0476,2023-08-01,0,CENTRAL
MED-0476,2023-09-01,0,SOUTH
MED-0476,2023-10-01,0,WEST
MED-0476,2023-11-01,0,CENTRAL
MED-0476,2023-12-01,0,EAST
MED-0476,2024-01-01,3,CENTRAL
MED-0476,2024-02-01,0,CENTRAL
MED-0476,2024-03-01,16,CENTRAL
MED-0476,2024-04-01,0,CENTRAL
MED-0476,2024-05-01,0,CENTRAL
MED-0476,2024-06-01,0,NORTH
MED-0476,2024-07-01,0,WEST
MED-0476,2024-08-01,11,CENTRAL
MED-0476,2024-09-01,0,CENTRAL
MED-0476,2024-10-01,0,WEST
MED-0476,2024-11-01,0,CENTRAL
MED-0476,2024-12-01,0,CENTRAL
MED-0476,2025-01-01,8,CENTRAL
MED-0476,2025-02-01,0,CENTRAL
MED-0476,2025-03-01,0,CENTRAL
MED-0476,2025-04-01,0,CENTRAL
MED-0476,2025-05-01,0,CENTRAL
MED-0476,2025-06-01,0,CENTRAL
MED-0476,2025-07-01,0,WEST
MED-0476,2025-08-01,0,CENTRAL
MED-0476,2025-09-01,0,SOUTH
MED-0476,2025-10-01,0,EAST
MED-0476,2025-11-01,0,CENTRAL
MED-0476,2025-12-01,14,WEST
MED-0477,2024-01-01,6,EAST
MED-0477,2024-02-01,3,EAST
MED-0477,2024-03-01,9,EAST
MED-0477,2024-04-01,2,EAST
MED-0477,2024-05-01,0,NORTH
MED-0477,2024-06-01,1,EAST
MED-0477,2024-07-01,4,EAST
MED-0477,2024-08-01,1,NORTH
MED-0477,2024-09-01,3,EAST
MED-0477,2024-10-01,2,EAST
MED-0477,2024-11-01,4,EAST
MED-0477,2024-12-01,7,EAST
MED-0477,2025-01-01,1,EAST
MED-0477,2025-02-01,2,NORTH
MED-0477,2025-03-01,3,CENTRAL
MED-0477,2025-04-01,10,EAST
MED-0477,2025-05-01,1,NORTH
MED-0477,2025-06-01,4,EAST
MED-0477,2025-07-01,2,EAST
MED-0477,2025-08-01,6,EAST
MED-0477,2025-09-01,1,NORTH
MED-0477,2025-10-01,4,EAST
MED-0477,2025-11-01,1,EAST
MED-0477,2025-12-01,6,EAST
MED-0478,2022-01-01,0,EAST
MED-0478,2022-02-01,6,EAST
MED-0478,2022-03-01,2,EAST
MED-0478,2022-04-01,2,NORTH
MED-0478,2022-05-01,5,NORTH
MED-0478,2022-06-01,2,EAST
MED-0478,2022-07-01,3,EAST
MED-0478,2022-08-01,3,EAST
MED-0478,2022-09-01,2,EAST
MED-0478,2022-10-01,4,EAST
MED-0478,2022-11-01,14,SOUTH
MED-0478,2022-12-01,4,EAST
MED-0478,2023-01-01,0,EAST
MED-0478,2023-02-01,1,NORTH
MED-0478,2023-03-01,3,EAST
MED-0478,2023-04-01,3,EAST
MED-0478,2023-05-01,7,EAST
MED-0478,2023-06-01,2,WEST
MED-0478,2023-07-01,7,EAST
MED-0478,2023-08-01,1,EAST
MED-0478,2023-09-01,1,EAST
MED-0478,2023-10-01,5,EAST
MED-0478,2023-11-01,3,EAST
MED-0478,2023-12-01,0,EAST
MED-0478,2024-01-01,3,EAST
MED-0478,2024-02-01,2,EAST
MED-0478,2024-03-01,3,SOUTH
MED-0478,2024-04-01,0,EAST
MED-0478,2024-05-01,5,EAST
MED-0478,2024-06-01,2,EAST
MED-0478,2024-07-01,5,EAST
MED-0478,2024-08-01,1,EAST
MED-0478,2024-09-01,10,WEST
MED-0478,2024-10-01,2,EAST
MED-0478,2024-11-01,0,CENTRAL
MED-0478,2024-12-01,1,EAST
MED-0478,2025-01-01,1,EAST
MED-0478,2025-02-01,1,NORTH
MED-0478,2025-03-01,4,EAST
MED-0478,2025-04-01,2,CENTRAL
MED-0478,2025-05-01,2,EAST
MED-0478,2025-06-01,5,EAST
MED-0478,2025-07-01,5,CENTRAL
MED-0478,2025-08-01,4,SOUTH
MED-0478,2025-09-01,1,WEST
MED-0478,2025-10-01,6,EAST
MED-0478,2025-11-01,3,EAST
MED-0478,2025-12-01,0,EAST
MED-0479,2022-01-01,2,WEST
MED-0479,2022-02-01,3,NORTH
MED-0479,2022-03-01,4,EAST
MED-0479,2022-04-01,0,EAST
MED-0479,2022-05-01,0,EAST
MED-0479,2022-06-01,2,EAST
MED-0479,2022-07-01,1,NORTH
MED-0479,2022-08-01,1,EAST
MED-0479,2022-09-01,5,CENTRAL
MED-0479,2022-10-01,2,CENTRAL
MED-0479,2022-11-01,1,WEST
MED-0479,2022-12-01,0,EAST
MED-0479,2023-01-01,7,SOUTH
MED-0479,2023-02-01,2,EAST
MED-0479,2023-03-01,2,EAST
MED-0479,2023-04-01,0,EAST
MED-0479,2023-05-01,0,EAST
MED-0479,2023-06-01,3,EAST
MED-0479,2023-07-01,4,EAST
MED-0479,2023-08-01,3,NORTH
MED-0479,2023-09-01,2,WEST
MED-0479,2023-10-01,3,EAST
MED-0479,2023-11-01,1,CENTRAL
MED-0479,2023-12-01,1,CENTRAL
MED-0479,2024-01-01,4,CENTRAL
MED-0479,2024-02-01,0,EAST
MED-0479,2024-03-01,4,EAST
MED-0479,2024-04-01,3,EAST
MED-0479,2024-05-01,1,EAST
MED-0479,2024-06-01,1,EAST
MED-0479,2024-07-01,4,EAST
MED-0479,2024-08-01,0,SOUTH
MED-0479,2024-09-01,1,EAST
MED-0479,2024-10-01,4,CENTRAL
MED-0479,2024-11-01,0,EAST
MED-0479,2024-12-01,1,EAST
MED-0479,2025-01-01,3,EAST
MED-0479,2025-02-01,0,EAST
MED-0479,2025-03-01,0,SOUTH
MED-0479,2025-04-01,1,WEST
MED-0479,2025-05-01,2,NORTH
MED-0479,2025-06-01,3,EAST
MED-0479,2025-07-01,2,EAST
MED-0479,2025-08-01,0,EAST
MED-0479,2025-09-01,0,EAST
MED-0479,2025-10-01,4,EAST
MED-0479,2025-11-01,5,EAST
MED-0479,2025-12-01,1,EAST
MED-0480,2022-01-01,5,CENTRAL
MED-0480,2022-02-01,0,CENTRAL
MED-0480,2022-03-01,0,CENTRAL
MED-0480,2022-04-01,9,CENTRAL
MED-0480,2022-05-01,2,CENTRAL
MED-0480,2022-06-01,0,CENTRAL
MED-0480,2022-07-01,0,CENTRAL
MED-0480,2022-08-01,0,CENTRAL
MED-0480,2022-09-01,0,CENTRAL
MED-0480,2022-10-01,0,CENTRAL
MED-0480,2022-11-01,0,EAST
MED-0480,2022-12-01,0,CENTRAL
MED-0480,2023-01-01,0,CENTRAL
MED-0480,2023-02-01,0,CENTRAL
MED-0480,2023-03-01,15,CENTRAL
MED-0480,2023-04-01,0,CENTRAL
MED-0480,2023-05-01,0,NORTH
MED-0480,2023-06-01,0,WEST
MED-0480,2023-07-01,0,CENTRAL
MED-0480,2023-08-01,0,NORTH
MED-0480,2023-09-01,10,CENTRAL
MED-0480,2023-10-01,0,SOUTH
MED-0480,2023-11-01,0,WEST
MED-0480,2023-12-01,0,CENTRAL
MED-0480,2024-01-01,0,CENTRAL
MED-0480,2024-02-01,0,EAST
MED-0480,2024-03-01,0,CENTRAL
MED-0480,2024-04-01,0,CENTRAL
MED-0480,2024-05-01,0,NORTH
MED-0480,2024-06-01,11,NORTH
MED-0480,2024-07-01,0,CENTRAL
MED-0480,2024-08-01,0,CENTRAL
MED-0480,2024-09-01,0,SOUTH
MED-0480,2024-10-01,0,NORTH
MED-0480,2024-11-01,0,CENTRAL
MED-0480,2024-12-01,0,CENTRAL
MED-0480,2025-01-01,0,CENTRAL
MED-0480,2025-02-01,26,NORTH
MED-0480,2025-03-01,0,NORTH
MED-0480,2025-04-01,0,CENTRAL
MED-0480,2025-05-01,0,WEST
MED-0480,2025-06-01,14,CENTRAL
MED-0480,2025-07-01,0,CENTRAL
MED-0480,2025-08-01,10,CENTRAL
MED-0480,2025-09-01,0,WEST
MED-0480,2025-10-01,0,WEST
MED-0480,2025-11-01,0,EAST
MED-0480,2025-12-01,9,CENTRAL
MED-0481,2022-07-01,0,CENTRAL
MED-0481,2022-08-01,0,EAST
MED-0481,2022-09-01,0,CENTRAL
MED-0481,2022-10-01,0,CENTRAL
MED-0481,2022-11-01,0,CENTRAL
MED-0481,2022-12-01,0,CENTRAL
MED-0481,2023-01-01,0,CENTRAL
MED-0481,2023-02-01,0,NORTH
MED-0481,2023-03-01,0,CENTRAL
MED-0481,2023-04-01,0,WEST
MED-0481,2023-05-01,0,CENTRAL
MED-0481,2023-06-01,0,CENTRAL
MED-0481,2023-07-01,0,EAST
MED-0481,2023-08-01,2,CENTRAL
MED-0481,2023-09-01,0,EAST
MED-0481,2023-10-01,16,CENTRAL
MED-0481,2023-11-01,0,CENTRAL
MED-0481,2023-12-01,0,CENTRAL
MED-0481,2024-01-01,0,CENTRAL
MED-0481,2024-02-01,0,EAST
MED-0481,2024-03-01,0,CENTRAL
MED-0481,2024-04-01,0,CENTRAL
MED-0481,2024-05-01,33,CENTRAL
MED-0481,2024-06-01,0,CENTRAL
MED-0481,2024-07-01,0,CENTRAL
MED-0481,2024-08-01,0,CENTRAL
MED-0481,2024-09-01,0,CENTRAL
MED-0481,2024-10-01,0,CENTRAL
MED-0481,2024-11-01,0,CENTRAL
MED-0481,2024-12-01,0,CENTRAL
MED-0481,2025-01-01,0,CENTRAL
MED-0481,2025-02-01,0,CENTRAL
MED-0481,2025-03-01,0,NORTH
MED-0481,2025-04-01,0,SOUTH
MED-0481,2025-05-01,0,CENTRAL
MED-0481,2025-06-01,15,NORTH
MED-0481,2025-07-01,0,CENTRAL
MED-0481,2025-08-01,0,CENTRAL
MED-0481,2025-09-01,0,CENTRAL
MED-0481,2025-10-01,0,CENTRAL
MED-0481,2025-11-01,9,CENTRAL
MED-0481,2025-12-01,0,CENTRAL
MED-0482,2022-01-01,2,NORTH
MED-0482,2022-02-01,10,NORTH
MED-0482,2022-03-01,3,NORTH
MED-0482,2022-04-01,2,NORTH
MED-0482,2022-05-01,3,NORTH
MED-0482,2022-06-01,5,WEST
MED-0482,2022-07-01,1,CENTRAL
MED-0482,2022-08-01,4,NORTH
MED-0482,2022-09-01,2,NORTH
MED-0482,2022-10-01,1,WEST
MED-0482,2022-11-01,2,NORTH
MED-0482,2022-12-01,6,NORTH
MED-0482,2023-01-01,1,NORTH
MED-0482,2023-02-01,6,NORTH
MED-0482,2023-03-01,4,EAST
MED-0482,2023-04-01,3,CENTRAL
MED-0482,2023-05-01,7,NORTH
MED-0482,2023-06-01,3,EAST
MED-0482,2023-07-01,2,NORTH
MED-0482,2023-08-01,5,EAST
MED-0482,2023-09-01,5,NORTH
MED-0482,2023-10-01,4,NORTH
MED-0482,2023-11-01,3,NORTH
MED-0482,2023-12-01,2,NORTH
MED-0482,2024-01-01,1,EAST
MED-0482,2024-02-01,2,NORTH
MED-0482,2024-03-01,5,NORTH
MED-0482,2024-04-01,3,NORTH
MED-0482,2024-05-01,5,NORTH
MED-0482,2024-06-01,2,NORTH
MED-0482,2024-07-01,5,NORTH
MED-0482,2024-08-01,5,NORTH
MED-0482,2024-09-01,2,NORTH
MED-0482,2024-10-01,5,EAST
MED-0482,2024-11-01,2,CENTRAL
MED-0482,2024-12-01,4,NORTH
MED-0482,2025-01-01,2,NORTH
MED-0482,2025-02-01,2,WEST
MED-0482,2025-03-01,1,NORTH
MED-0482,2025-04-01,4,EAST
MED-0482,2025-05-01,1,WEST
MED-0482,2025-06-01,2,NORTH
MED-0482,2025-07-01,1,NORTH
MED-0482,2025-08-01,1,NORTH
MED-0482,2025-09-01,5,NORTH
MED-0482,2025-10-01,7,SOUTH
MED-0482,2025-11-01,4,NORTH
MED-0482,2025-12-01,4,EAST
MED-0483,2024-07-01,9,WEST
MED-0483,2024-08-01,7,NORTH
MED-0483,2024-09-01,4,WEST
MED-0483,2024-10-01,5,WEST
MED-0483,2024-11-01,0,WEST
MED-0483,2024-12-01,6,WEST
MED-0483,2025-01-01,5,WEST
MED-0483,2025-02-01,0,CENTRAL
MED-0483,2025-03-01,2,WEST
MED-0483,2025-04-01,6,SOUTH
MED-0483,2025-05-01,6,SOUTH
MED-0483,2025-06-01,3,WEST
MED-0483,2025-07-01,0,WEST
MED-0483,2025-08-01,3,WEST
MED-0483,2025-09-01,3,SOUTH
MED-0483,2025-10-01,5,WEST
MED-0483,2025-11-01,3,WEST
MED-0483,2025-12-01,5,WEST
MED-0484,2022-01-01,2,NORTH
MED-0484,2022-02-01,4,SOUTH
MED-0484,2022-03-01,3,NORTH
MED-0484,2022-04-01,6,NORTH
MED-0484,2022-05-01,3,SOUTH
MED-0484,2022-06-01,1,EAST
MED-0484,2022-07-01,7,NORTH
MED-0484,2022-08-01,4,NORTH
MED-0484,2022-09-01,10,NORTH
MED-0484,2022-10-01,4,NORTH
MED-0484,2022-11-01,4,WEST
MED-0484,2022-12-01,2,NORTH
MED-0484,2023-01-01,1,NORTH
MED-0484,2023-02-01,8,NORTH
MED-0484,2023-03-01,4,NORTH
MED-0484,2023-04-01,2,SOUTH
MED-0484,2023-05-01,1,NORTH
MED-0484,2023-06-01,3,NORTH
MED-0484,2023-07-01,6,NORTH
MED-0484,2023-08-01,4,CENTRAL
MED-0484,2023-09-01,2,NORTH
MED-0484,2023-10-01,3,NORTH
MED-0484,2023-11-01,6,NORTH
MED-0484,2023-12-01,5,EAST
MED-0484,2024-01-01,1,NORTH
MED-0484,2024-02-01,10,NORTH
MED-0484,2024-03-01,4,WEST
MED-0484,2024-04-01,5,NORTH
MED-0484,2024-05-01,5,WEST
MED-0484,2024-06-01,3,SOUTH
MED-0484,2024-07-01,2,NORTH
MED-0484,2024-08-01,5,NORTH
MED-0484,2024-09-01,3,SOUTH
MED-0484,2024-10-01,1,SOUTH
MED-0484,2024-11-01,2,NORTH
MED-0484,2024-12-01,4,NORTH
MED-0484,2025-01-01,8,NORTH
MED-0484,2025-02-01,3,NORTH
MED-0484,2025-03-01,7,NORTH
MED-0484,2025-04-01,4,SOUTH
MED-0484,2025-05-01,4,NORTH
MED-0484,2025-06-01,2,NORTH
MED-0484,2025-07-01,4,NORTH
MED-0484,2025-08-01,3,NORTH
MED-0484,2025-09-01,1,NORTH
MED-0484,2025-10-01,5,WEST
MED-0484,2025-11-01,2,NORTH
MED-0484,2025-12-01,1,NORTH
MED-0485,2022-01-01,0,EAST
MED-0485,2022-02-01,0,EAST
MED-0485,2022-03-01,4,NORTH
MED-0485,2022-04-01,0,WEST
MED-0485,2022-05-01,5,EAST
MED-0485,2022-06-01,0,NORTH
MED-0485,2022-07-01,0,EAST
MED-0485,2022-08-01,0,CENTRAL
MED-0485,2022-09-01,3,EAST
MED-0485,2022-10-01,0,EAST
MED-0485,2022-11-01,1,EAST
MED-0485,2022-12-01,0,EAST
MED-0485,2023-01-01,0,EAST
MED-0485,2023-02-01,0,EAST
MED-0485,2023-03-01,0,EAST
MED-0485,2023-04-01,0,EAST
MED-0485,2023-05-01,0,EAST
MED-0485,2023-06-01,0,EAST
MED-0485,2023-07-01,3,EAST
MED-0485,2023-08-01,4,EAST
MED-0485,2023-09-01,0,EAST
MED-0485,2023-10-01,0,EAST
MED-0485,2023-11-01,4,EAST
MED-0485,2023-12-01,0,CENTRAL
MED-0485,2024-01-01,0,EAST
MED-0485,2024-02-01,4,EAST
MED-0485,2024-03-01,0,EAST
MED-0485,2024-04-01,0,WEST
MED-0485,2024-05-01,2,EAST
MED-0485,2024-06-01,4,EAST
MED-0485,2024-07-01,0,EAST
MED-0485,2024-08-01,0,EAST
MED-0485,2024-09-01,0,EAST
MED-0485,2024-10-01,3,EAST
MED-0485,2024-11-01,0,EAST
MED-0485,2024-12-01,0,EAST
MED-0485,2025-01-01,0,EAST
MED-0485,2025-02-01,2,EAST
MED-0485,2025-03-01,0,CENTRAL
MED-0485,2025-04-01,0,EAST
MED-0485,2025-05-01,0,NORTH
MED-0485,2025-06-01,0,EAST
MED-0485,2025-07-01,0,EAST
MED-0485,2025-08-01,3,NORTH
MED-0485,2025-09-01,0,EAST
MED-0485,2025-10-01,0,EAST
MED-0485,2025-11-01,0,EAST
MED-0485,2025-12-01,0,SOUTH
MED-0486,2024-07-01,0,EAST
MED-0486,2024-08-01,0,EAST
MED-0486,2024-09-01,4,CENTRAL
MED-0486,2024-10-01,0,EAST
MED-0486,2024-11-01,0,NORTH
MED-0486,2024-12-01,0,EAST
MED-0486,2025-01-01,0,EAST
MED-0486,2025-02-01,3,EAST
MED-0486,2025-03-01,4,EAST
MED-0486,2025-04-01,0,SOUTH
MED-0486,2025-05-01,0,WEST
MED-0486,2025-06-01,1,SOUTH
MED-0486,2025-07-01,0,EAST
MED-0486,2025-08-01,0,EAST
MED-0486,2025-09-01,0,EAST
MED-0486,2025-10-01,2,EAST
MED-0486,2025-11-01,0,EAST
MED-0486,2025-12-01,0,EAST
MED-0487,2022-07-01,3,CENTRAL
MED-0487,2022-08-01,1,WEST
MED-0487,2022-09-01,3,WEST
MED-0487,2022-10-01,7,WEST
MED-0487,2022-11-01,6,CENTRAL
MED-0487,2022-12-01,7,WEST
MED-0487,2023-01-01,2,WEST
MED-0487,2023-02-01,3,NORTH
MED-0487,2023-03-01,7,WEST
MED-0487,2023-04-01,4,WEST
MED-0487,2023-05-01,1,WEST
MED-0487,2023-06-01,8,WEST
MED-0487,2023-07-01,5,WEST
MED-0487,2023-08-01,5,WEST
MED-0487,2023-09-01,8,EAST
MED-0487,2023-10-01,1,WEST
MED-0487,2023-11-01,6,WEST
MED-0487,2023-12-01,8,NORTH
MED-0487,2024-01-01,4,WEST
MED-0487,2024-02-01,2,WEST
MED-0487,2024-03-01,7,CENTRAL
MED-0487,2024-04-01,4,WEST
MED-0487,2024-05-01,4,WEST
MED-0487,2024-06-01,5,WEST
MED-0487,2024-07-01,6,WEST
MED-0487,2024-08-01,4,WEST
MED-0487,2024-09-01,7,SOUTH
MED-0487,2024-10-01,4,WEST
MED-0487,2024-11-01,9,NORTH
MED-0487,2024-12-01,5,EAST
MED-0487,2025-01-01,4,WEST
MED-0487,2025-02-01,4,WEST
MED-0487,2025-03-01,11,WEST
MED-0487,2025-04-01,5,CENTRAL
MED-0487,2025-05-01,5,CENTRAL
MED-0487,2025-06-01,7,CENTRAL
MED-0487,2025-07-01,7,NORTH
MED-0487,2025-08-01,5,WEST
MED-0487,2025-09-01,1,SOUTH
MED-0487,2025-10-01,4,WEST
MED-0487,2025-11-01,4,WEST
MED-0487,2025-12-01,3,WEST
MED-0488,2022-01-01,0,NORTH
MED-0488,2022-02-01,0,CENTRAL
MED-0488,2022-03-01,0,NORTH
MED-0488,2022-04-01,0,NORTH
MED-0488,2022-05-01,0,NORTH
MED-0488,2022-06-01,0,CENTRAL
MED-0488,2022-07-01,3,NORTH
MED-0488,2022-08-01,0,NORTH
MED-0488,2022-09-01,0,NORTH
MED-0488,2022-10-01,0,CENTRAL
MED-0488,2022-11-01,6,NORTH
MED-0488,2022-12-01,0,NORTH
MED-0488,2023-01-01,0,NORTH
MED-0488,2023-02-01,0,NORTH
MED-0488,2023-03-01,0,NORTH
MED-0488,2023-04-01,0,NORTH
MED-0488,2023-05-01,0,NORTH
MED-0488,2023-06-01,0,NORTH
MED-0488,2023-07-01,0,NORTH
MED-0488,2023-08-01,20,NORTH
MED-0488,2023-09-01,0,EAST
MED-0488,2023-10-01,4,NORTH
MED-0488,2023-11-01,7,EAST
MED-0488,2023-12-01,0,SOUTH
MED-0488,2024-01-01,0,NORTH
MED-0488,2024-02-01,0,WEST
MED-0488,2024-03-01,0,NORTH
MED-0488,2024-04-01,0,NORTH
MED-0488,2024-05-01,0,EAST
MED-0488,2024-06-01,0,NORTH
MED-0488,2024-07-01,0,CENTRAL
MED-0488,2024-08-01,0,SOUTH
MED-0488,2024-09-01,0,NORTH
MED-0488,2024-10-01,0,NORTH
MED-0488,2024-11-01,0,CENTRAL
MED-0488,2024-12-01,0,CENTRAL
MED-0488,2025-01-01,0,NORTH
MED-0488,2025-02-01,9,NORTH
MED-0488,2025-03-01,0,SOUTH
MED-0488,2025-04-01,0,CENTRAL
MED-0488,2025-05-01,0,WEST
MED-0488,2025-06-01,8,NORTH
MED-0488,2025-07-01,0,NORTH
MED-0488,2025-08-01,0,SOUTH
MED-0488,2025-09-01,1,NORTH
MED-0488,2025-10-01,4,NORTH
MED-0488,2025-11-01,0,NORTH
MED-0488,2025-12-01,0,NORTH
MED-0489,2022-01-01,0,WEST
MED-0489,2022-02-01,18,WEST
MED-0489,2022-03-01,0,WEST
MED-0489,2022-04-01,7,WEST
MED-0489,2022-05-01,0,WEST
MED-0489,2022-06-01,11,SOUTH
MED-0489,2022-07-01,0,WEST
MED-0489,2022-08-01,0,WEST
MED-0489,2022-09-01,0,WEST
MED-0489,2022-10-01,0,SOUTH
MED-0489,2022-11-01,0,EAST
MED-0489,2022-12-01,0,WEST
MED-0489,2023-01-01,28,SOUTH
MED-0489,2023-02-01,0,WEST
MED-0489,2023-03-01,0,WEST
MED-0489,2023-04-01,14,CENTRAL
MED-0489,2023-05-01,0,WEST
MED-0489,2023-06-01,0,EAST
MED-0489,2023-07-01,0,CENTRAL
MED-0489,2023-08-01,0,EAST
MED-0489,2023-09-01,0,WEST
MED-0489,2023-10-01,0,SOUTH
MED-0489,2023-11-01,8,EAST
MED-0489,2023-12-01,0,EAST
MED-0489,2024-01-01,0,CENTRAL
MED-0489,2024-02-01,0,WEST
MED-0489,2024-03-01,5,NORTH
MED-0489,2024-04-01,0,WEST
MED-0489,2024-05-01,0,WEST
MED-0489,2024-06-01,0,WEST
MED-0489,2024-07-01,0,WEST
MED-0489,2024-08-01,0,WEST
MED-0489,2024-09-01,5,WEST
MED-0489,2024-10-01,0,WEST
MED-0489,2024-11-01,0,CENTRAL
MED-0489,2024-12-01,8,WEST
MED-0489,2025-01-01,0,WEST
MED-0489,2025-02-01,0,WEST
MED-0489,2025-03-01,0,WEST
MED-0489,2025-04-01,0,EAST
MED-0489,2025-05-01,0,WEST
MED-0489,2025-06-01,0,NORTH
MED-0489,2025-07-01,0,CENTRAL
MED-0489,2025-08-01,0,WEST
MED-0489,2025-09-01,0,WEST
MED-0489,2025-10-01,0,WEST
MED-0489,2025-11-01,0,SOUTH
MED-0489,2025-12-01,0,WEST
MED-0490,2023-07-01,4,NORTH
MED-0490,2023-08-01,6,NORTH
MED-0490,2023-09-01,7,NORTH
MED-0490,2023-10-01,2,NORTH
MED-0490,2023-11-01,2,NORTH
MED-0490,2023-12-01,3,NORTH
MED-0490,2024-01-01,2,SOUTH
MED-0490,2024-02-01,3,NORTH
MED-0490,2024-03-01,6,EAST
MED-0490,2024-04-01,2,NORTH
MED-0490,2024-05-01,5,NORTH
MED-0490,2024-06-01,4,SOUTH
MED-0490,2024-07-01,4,NORTH
MED-0490,2024-08-01,3,CENTRAL
MED-0490,2024-09-01,4,SOUTH
MED-0490,2024-10-01,5,NORTH
MED-0490,2024-11-01,4,NORTH
MED-0490,2024-12-01,4,WEST
MED-0490,2025-01-01,6,NORTH
MED-0490,2025-02-01,2,NORTH
MED-0490,2025-03-01,5,EAST
MED-0490,2025-04-01,6,NORTH
MED-0490,2025-05-01,3,NORTH
MED-0490,2025-06-01,6,NORTH
MED-0490,2025-07-01,7,NORTH
MED-0490,2025-08-01,2,NORTH
MED-0490,2025-09-01,5,NORTH
MED-0490,2025-10-01,3,NORTH
MED-0490,2025-11-01,2,WEST
MED-0490,2025-12-01,2,NORTH
MED-0491,2023-07-01,0,EAST
MED-0491,2023-08-01,0,EAST
MED-0491,2023-09-01,0,EAST
MED-0491,2023-10-01,0,EAST
MED-0491,2023-11-01,0,WEST
MED-0491,2023-12-01,0,EAST
MED-0491,2024-01-01,0,SOUTH
MED-0491,2024-02-01,0,EAST
MED-0491,2024-03-01,0,EAST
MED-0491,2024-04-01,0,EAST
MED-0491,2024-05-01,3,EAST
MED-0491,2024-06-01,3,SOUTH
MED-0491,2024-07-01,0,EAST
MED-0491,2024-08-01,2,SOUTH
MED-0491,2024-09-01,0,EAST
MED-0491,2024-10-01,0,WEST
MED-0491,2024-11-01,0,SOUTH
MED-0491,2024-12-01,0,EAST
MED-0491,2025-01-01,4,EAST
MED-0491,2025-02-01,0,WEST
MED-0491,2025-03-01,0,EAST
MED-0491,2025-04-01,3,NORTH
MED-0491,2025-05-01,0,WEST
MED-0491,2025-06-01,0,WEST
MED-0491,2025-07-01,0,EAST
MED-0491,2025-08-01,0,EAST
MED-0491,2025-09-01,0,EAST
MED-0491,2025-10-01,0,EAST
MED-0491,2025-11-01,4,NORTH
MED-0491,2025-12-01,0,EAST
MED-0492,2024-07-01,0,EAST
MED-0492,2024-08-01,0,SOUTH
MED-0492,2024-09-01,1,EAST
MED-0492,2024-10-01,4,NORTH
MED-0492,2024-11-01,3,NORTH
MED-0492,2024-12-01,1,SOUTH
MED-0492,2025-01-01,2,SOUTH
MED-0492,2025-02-01,3,SOUTH
MED-0492,2025-03-01,1,NORTH
MED-0492,2025-04-01,6,SOUTH
MED-0492,2025-05-01,1,SOUTH
MED-0492,2025-06-01,3,SOUTH
MED-0492,2025-07-01,2,EAST
MED-0492,2025-08-01,0,SOUTH
MED-0492,2025-09-01,3,SOUTH
MED-0492,2025-10-01,7,SOUTH
MED-0492,2025-11-01,7,SOUTH
MED-0492,2025-12-01,3,SOUTH
MED-0493,2022-01-01,6,SOUTH
MED-0493,2022-02-01,0,SOUTH
MED-0493,2022-03-01,0,SOUTH
MED-0493,2022-04-01,0,NORTH
MED-0493,2022-05-01,0,WEST
MED-0493,2022-06-01,0,SOUTH
MED-0493,2022-07-01,7,EAST
MED-0493,2022-08-01,0,SOUTH
MED-0493,2022-09-01,5,CENTRAL
MED-0493,2022-10-01,0,SOUTH
MED-0493,2022-11-01,4,NORTH
MED-0493,2022-12-01,5,SOUTH
MED-0493,2023-01-01,0,NORTH
MED-0493,2023-02-01,0,SOUTH
MED-0493,2023-03-01,0,SOUTH
MED-0493,2023-04-01,2,SOUTH
MED-0493,2023-05-01,0,EAST
MED-0493,2023-06-01,8,SOUTH
MED-0493,2023-07-01,0,SOUTH
MED-0493,2023-08-01,0,NORTH
MED-0493,2023-09-01,3,SOUTH
MED-0493,2023-10-01,6,SOUTH
MED-0493,2023-11-01,1,CENTRAL
MED-0493,2023-12-01,0,SOUTH
MED-0493,2024-01-01,0,SOUTH
MED-0493,2024-02-01,0,SOUTH
MED-0493,2024-03-01,0,SOUTH
MED-0493,2024-04-01,0,WEST
MED-0493,2024-05-01,0,WEST
MED-0493,2024-06-01,0,SOUTH
MED-0493,2024-07-01,4,SOUTH
MED-0493,2024-08-01,0,CENTRAL
MED-0493,2024-09-01,6,NORTH
MED-0493,2024-10-01,0,EAST
MED-0493,2024-11-01,0,SOUTH
MED-0493,2024-12-01,3,SOUTH
MED-0493,2025-01-01,4,SOUTH
MED-0493,2025-02-01,0,SOUTH
MED-0493,2025-03-01,3,SOUTH
MED-0493,2025-04-01,0,CENTRAL
MED-0493,2025-05-01,2,SOUTH
MED-0493,2025-06-01,6,CENTRAL
MED-0493,2025-07-01,0,SOUTH
MED-0493,2025-08-01,0,CENTRAL
MED-0493,2025-09-01,3,SOUTH
MED-0493,2025-10-01,0,EAST
MED-0493,2025-11-01,0,NORTH
MED-0493,2025-12-01,38,NORTH
MED-0494,2022-01-01,5,SOUTH
MED-0494,2022-02-01,0,NORTH
MED-0494,2022-03-01,5,NORTH
MED-0494,2022-04-01,0,NORTH
MED-0494,2022-05-01,0,NORTH
MED-0494,2022-06-01,0,SOUTH
MED-0494,2022-07-01,0,NORTH
MED-0494,2022-08-01,2,NORTH
MED-0494,2022-09-01,0,NORTH
MED-0494,2022-10-01,0,NORTH
MED-0494,2022-11-01,3,EAST
MED-0494,2022-12-01,1,NORTH
MED-0494,2023-01-01,0,NORTH
MED-0494,2023-02-01,7,NORTH
MED-0494,2023-03-01,2,NORTH
MED-0494,2023-04-01,6,NORTH
MED-0494,2023-05-01,0,SOUTH
MED-0494,2023-06-01,5,NORTH
MED-0494,2023-07-01,0,NORTH
MED-0494,2023-08-01,0,SOUTH
MED-0494,2023-09-01,0,WEST
MED-0494,2023-10-01,1,EAST
MED-0494,2023-11-01,1,WEST
MED-0494,2023-12-01,0,NORTH
MED-0494,2024-01-01,6,NORTH
MED-0494,2024-02-01,0,WEST
MED-0494,2024-03-01,0,EAST
MED-0494,2024-04-01,0,NORTH
MED-0494,2024-05-01,0,NORTH
MED-0494,2024-06-01,0,NORTH
MED-0494,2024-07-01,0,NORTH
MED-0494,2024-08-01,5,EAST
MED-0494,2024-09-01,0,NORTH
MED-0494,2024-10-01,0,SOUTH
MED-0494,2024-11-01,0,NORTH
MED-0494,2024-12-01,0,NORTH
MED-0494,2025-01-01,0,NORTH
MED-0494,2025-02-01,0,WEST
MED-0494,2025-03-01,0,NORTH
MED-0494,2025-04-01,0,NORTH
MED-0494,2025-05-01,0,CENTRAL
MED-0494,2025-06-01,0,NORTH
MED-0494,2025-07-01,0,NORTH
MED-0494,2025-08-01,0,NORTH
MED-0494,2025-09-01,7,CENTRAL
MED-0494,2025-10-01,0,NORTH
MED-0494,2025-11-01,0,NORTH
MED-0494,2025-12-01,0,NORTH
MED-0495,2022-01-01,5,CENTRAL
MED-0495,2022-02-01,3,EAST
MED-0495,2022-03-01,2,EAST
MED-0495,2022-04-01,2,EAST
MED-0495,2022-05-01,6,EAST
MED-0495,2022-06-01,5,EAST
MED-0495,2022-07-01,11,NORTH
MED-0495,2022-08-01,10,NORTH
MED-0495,2022-09-01,5,NORTH
MED-0495,2022-10-01,11,EAST
MED-0495,2022-11-01,5,EAST
MED-0495,2022-12-01,2,EAST
MED-0495,2023-01-01,4,EAST
MED-0495,2023-02-01,2,NORTH
MED-0495,2023-03-01,7,EAST
MED-0495,2023-04-01,5,EAST
MED-0495,2023-05-01,7,CENTRAL
MED-0495,2023-06-01,8,EAST
MED-0495,2023-07-01,0,EAST
MED-0495,2023-08-01,7,NORTH
MED-0495,2023-09-01,3,EAST
MED-0495,2023-10-01,6,SOUTH
MED-0495,2023-11-01,3,EAST
MED-0495,2023-12-01,4,SOUTH
MED-0495,2024-01-01,5,EAST
MED-0495,2024-02-01,11,EAST
MED-0495,2024-03-01,5,EAST
MED-0495,2024-04-01,5,EAST
MED-0495,2024-05-01,6,CENTRAL
MED-0495,2024-06-01,5,EAST
MED-0495,2024-07-01,2,EAST
MED-0495,2024-08-01,5,EAST
MED-0495,2024-09-01,7,EAST
MED-0495,2024-10-01,4,EAST
MED-0495,2024-11-01,0,SOUTH
MED-0495,2024-12-01,1,EAST
MED-0495,2025-01-01,15,EAST
MED-0495,2025-02-01,4,EAST
MED-0495,2025-03-01,2,SOUTH
MED-0495,2025-04-01,3,NORTH
MED-0495,2025-05-01,1,EAST
MED-0495,2025-06-01,4,EAST
MED-0495,2025-07-01,4,CENTRAL
MED-0495,2025-08-01,3,EAST
MED-0495,2025-09-01,6,EAST
MED-0495,2025-10-01,2,EAST
MED-0495,2025-11-01,6,EAST
MED-0495,2025-12-01,0,WEST
MED-0496,2022-01-01,0,EAST
MED-0496,2022-02-01,0,NORTH
MED-0496,2022-03-01,0,NORTH
MED-0496,2022-04-01,17,NORTH
MED-0496,2022-05-01,23,EAST
MED-0496,2022-06-01,0,NORTH
MED-0496,2022-07-01,0,NORTH
MED-0496,2022-08-01,0,NORTH
MED-0496,2022-09-01,0,NORTH
MED-0496,2022-10-01,0,SOUTH
MED-0496,2022-11-01,0,NORTH
MED-0496,2022-12-01,0,NORTH
MED-0496,2023-01-01,0,SOUTH
MED-0496,2023-02-01,12,NORTH
MED-0496,2023-03-01,0,NORTH
MED-0496,2023-04-01,0,NORTH
MED-0496,2023-05-01,0,NORTH
MED-0496,2023-06-01,0,NORTH
MED-0496,2023-07-01,0,WEST
MED-0496,2023-08-01,0,CENTRAL
MED-0496,2023-09-01,0,SOUTH
MED-0496,2023-10-01,0,EAST
MED-0496,2023-11-01,0,NORTH
MED-0496,2023-12-01,0,WEST
MED-0496,2024-01-01,0,CENTRAL
MED-0496,2024-02-01,0,EAST
MED-0496,2024-03-01,0,NORTH
MED-0496,2024-04-01,0,NORTH
MED-0496,2024-05-01,8,CENTRAL
MED-0496,2024-06-01,0,NORTH
MED-0496,2024-07-01,0,WEST
MED-0496,2024-08-01,0,NORTH
MED-0496,2024-09-01,0,EAST
MED-0496,2024-10-01,0,NORTH
MED-0496,2024-11-01,0,NORTH
MED-0496,2024-12-01,9,NORTH
MED-0496,2025-01-01,0,EAST
MED-0496,2025-02-01,0,NORTH
MED-0496,2025-03-01,0,NORTH
MED-0496,2025-04-01,0,NORTH
MED-0496,2025-05-01,0,NORTH
MED-0496,2025-06-01,0,CENTRAL
MED-0496,2025-07-01,0,NORTH
MED-0496,2025-08-01,31,EAST
MED-0496,2025-09-01,7,NORTH
MED-0496,2025-10-01,0,NORTH
MED-0496,2025-11-01,0,NORTH
MED-0496,2025-12-01,0,NORTH
MED-0497,2022-07-01,0,SOUTH
MED-0497,2022-08-01,0,SOUTH
MED-0497,2022-09-01,0,SOUTH
MED-0497,2022-10-01,0,EAST
MED-0497,2022-11-01,0,SOUTH
MED-0497,2022-12-01,6,CENTRAL
MED-0497,2023-01-01,0,SOUTH
MED-0497,2023-02-01,0,WEST
MED-0497,2023-03-01,0,SOUTH
MED-0497,2023-04-01,10,SOUTH
MED-0497,2023-05-01,0,SOUTH
MED-0497,2023-06-01,0,SOUTH
MED-0497,2023-07-01,0,SOUTH
MED-0497,2023-08-01,9,CENTRAL
MED-0497,2023-09-01,0,SOUTH
MED-0497,2023-10-01,0,SOUTH
MED-0497,2023-11-01,0,SOUTH
MED-0497,2023-12-01,6,SOUTH
MED-0497,2024-01-01,4,SOUTH
MED-0497,2024-02-01,5,SOUTH
MED-0497,2024-03-01,0,SOUTH
MED-0497,2024-04-01,0,SOUTH
MED-0497,2024-05-01,0,SOUTH
MED-0497,2024-06-01,0,SOUTH
MED-0497,2024-07-01,0,SOUTH
MED-0497,2024-08-01,6,CENTRAL
MED-0497,2024-09-01,8,SOUTH
MED-0497,2024-10-01,3,SOUTH
MED-0497,2024-11-01,0,SOUTH
MED-0497,2024-12-01,0,SOUTH
MED-0497,2025-01-01,0,EAST
MED-0497,2025-02-01,0,SOUTH
MED-0497,2025-03-01,5,WEST
MED-0497,2025-04-01,6,SOUTH
MED-0497,2025-05-01,0,SOUTH
MED-0497,2025-06-01,0,SOUTH
MED-0497,2025-07-01,0,SOUTH
MED-0497,2025-08-01,2,SOUTH
MED-0497,2025-09-01,0,EAST
MED-0497,2025-10-01,0,SOUTH
MED-0497,2025-11-01,0,EAST
MED-0497,2025-12-01,0,WEST
MED-0498,2022-01-01,2,SOUTH
MED-0498,2022-02-01,0,SOUTH
MED-0498,2022-03-01,0,SOUTH
MED-0498,2022-04-01,6,NORTH
MED-0498,2022-05-01,0,SOUTH
MED-0498,2022-06-01,0,SOUTH
MED-0498,2022-07-01,0,SOUTH
MED-0498,2022-08-01,0,WEST
MED-0498,2022-09-01,0,SOUTH
MED-0498,2022-10-01,0,SOUTH
MED-0498,2022-11-01,0,SOUTH
MED-0498,2022-12-01,0,CENTRAL
MED-0498,2023-01-01,2,CENTRAL
MED-0498,2023-02-01,0,CENTRAL
MED-0498,2023-03-01,0,CENTRAL
MED-0498,2023-04-01,0,SOUTH
MED-0498,2023-05-01,4,NORTH
MED-0498,2023-06-01,0,SOUTH
MED-0498,2023-07-01,0,SOUTH
MED-0498,2023-08-01,0,SOUTH
MED-0498,2023-09-01,6,SOUTH
MED-0498,2023-10-01,7,SOUTH
MED-0498,2023-11-01,0,SOUTH
MED-0498,2023-12-01,0,EAST
MED-0498,2024-01-01,0,NORTH
MED-0498,2024-02-01,0,SOUTH
MED-0498,2024-03-01,0,EAST
MED-0498,2024-04-01,3,SOUTH
MED-0498,2024-05-01,0,SOUTH
MED-0498,2024-06-01,0,CENTRAL
MED-0498,2024-07-01,7,SOUTH
MED-0498,2024-08-01,0,SOUTH
MED-0498,2024-09-01,0,SOUTH
MED-0498,2024-10-01,0,SOUTH
MED-0498,2024-11-01,0,SOUTH
MED-0498,2024-12-01,0,NORTH
MED-0498,2025-01-01,0,WEST
MED-0498,2025-02-01,0,CENTRAL
MED-0498,2025-03-01,0,SOUTH
MED-0498,2025-04-01,3,NORTH
MED-0498,2025-05-01,6,CENTRAL
MED-0498,2025-06-01,0,SOUTH
MED-0498,2025-07-01,0,SOUTH
MED-0498,2025-08-01,7,SOUTH
MED-0498,2025-09-01,0,NORTH
MED-0498,2025-10-01,0,EAST
MED-0498,2025-11-01,3,SOUTH
MED-0498,2025-12-01,0,SOUTH
MED-0499,2022-01-01,0,EAST
MED-0499,2022-02-01,6,NORTH
MED-0499,2022-03-01,0,EAST
MED-0499,2022-04-01,0,WEST
MED-0499,2022-05-01,0,EAST
MED-0499,2022-06-01,0,NORTH
MED-0499,2022-07-01,11,EAST
MED-0499,2022-08-01,0,WEST
MED-0499,2022-09-01,0,EAST
MED-0499,2022-10-01,0,NORTH
MED-0499,2022-11-01,0,EAST
MED-0499,2022-12-01,0,NORTH
MED-0499,2023-01-01,0,CENTRAL
MED-0499,2023-02-01,0,EAST
MED-0499,2023-03-01,0,EAST
MED-0499,2023-04-01,38,EAST
MED-0499,2023-05-01,0,EAST
MED-0499,2023-06-01,0,EAST
MED-0499,2023-07-01,0,EAST
MED-0499,2023-08-01,0,EAST
MED-0499,2023-09-01,0,NORTH
MED-0499,2023-10-01,0,SOUTH
MED-0499,2023-11-01,0,EAST
MED-0499,2023-12-01,0,EAST
MED-0499,2024-01-01,0,EAST
MED-0499,2024-02-01,0,EAST
MED-0499,2024-03-01,85,EAST
MED-0499,2024-04-01,0,CENTRAL
MED-0499,2024-05-01,0,WEST
MED-0499,2024-06-01,0,EAST
MED-0499,2024-07-01,0,SOUTH
MED-0499,2024-08-01,0,EAST
MED-0499,2024-09-01,0,EAST
MED-0499,2024-10-01,0,EAST
MED-0499,2024-11-01,0,EAST
MED-0499,2024-12-01,0,SOUTH
MED-0499,2025-01-01,0,SOUTH
MED-0499,2025-02-01,0,WEST
MED-0499,2025-03-01,0,EAST
MED-0499,2025-04-01,0,EAST
MED-0499,2025-05-01,12,CENTRAL
MED-0499,2025-06-01,0,EAST
MED-0499,2025-07-01,0,EAST
MED-0499,2025-08-01,0,EAST
MED-0499,2025-09-01,0,EAST
MED-0499,2025-10-01,0,EAST
MED-0499,2025-11-01,0,CENTRAL
MED-0499,2025-12-01,0,NORTH
MED-0500,2022-07-01,3,CENTRAL
MED-0500,2022-08-01,3,WEST
MED-0500,2022-09-01,3,CENTRAL
MED-0500,2022-10-01,3,CENTRAL
MED-0500,2022-11-01,1,CENTRAL
MED-0500,2022-12-01,3,CENTRAL
MED-0500,2023-01-01,2,CENTRAL
MED-0500,2023-02-01,2,CENTRAL
MED-0500,2023-03-01,4,EAST
MED-0500,2023-04-01,5,SOUTH
MED-0500,2023-05-01,8,EAST
MED-0500,2023-06-01,7,EAST
MED-0500,2023-07-01,0,CENTRAL
MED-0500,2023-08-01,3,CENTRAL
MED-0500,2023-09-01,2,CENTRAL
MED-0500,2023-10-01,2,CENTRAL
MED-0500,2023-11-01,4,CENTRAL
MED-0500,2023-12-01,2,EAST
MED-0500,2024-01-01,4,CENTRAL
MED-0500,2024-02-01,2,CENTRAL
MED-0500,2024-03-01,0,CENTRAL
MED-0500,2024-04-01,7,CENTRAL
MED-0500,2024-05-01,2,WEST
MED-0500,2024-06-01,2,CENTRAL
MED-0500,2024-07-01,4,CENTRAL
MED-0500,2024-08-01,3,CENTRAL
MED-0500,2024-09-01,6,CENTRAL
MED-0500,2024-10-01,3,EAST
MED-0500,2024-11-01,3,CENTRAL
MED-0500,2024-12-01,2,SOUTH
MED-0500,2025-01-01,1,CENTRAL
MED-0500,2025-02-01,1,CENTRAL
MED-0500,2025-03-01,1,WEST
MED-0500,2025-04-01,2,CENTRAL
MED-0500,2025-05-01,1,CENTRAL
MED-0500,2025-06-01,6,EAST
MED-0500,2025-07-01,1,WEST
MED-0500,2025-08-01,4,CENTRAL
MED-0500,2025-09-01,3,EAST
MED-0500,2025-10-01,7,WEST
MED-0500,2025-11-01,2,WEST
MED-0500,2025-12-01,1,CENTRAL
MED-0501,2022-01-01,0,SOUTH
MED-0501,2022-02-01,0,SOUTH
MED-0501,2022-03-01,0,SOUTH
MED-0501,2022-04-01,0,SOUTH
MED-0501,2022-05-01,0,SOUTH
MED-0501,2022-06-01,4,SOUTH
MED-0501,2022-07-01,0,WEST
MED-0501,2022-08-01,0,SOUTH
MED-0501,2022-09-01,0,SOUTH
MED-0501,2022-10-01,0,NORTH
MED-0501,2022-11-01,1,NORTH
MED-0501,2022-12-01,0,SOUTH
MED-0501,2023-01-01,0,SOUTH
MED-0501,2023-02-01,0,WEST
MED-0501,2023-03-01,0,CENTRAL
MED-0501,2023-04-01,2,SOUTH
MED-0501,2023-05-01,5,SOUTH
MED-0501,2023-06-01,0,SOUTH
MED-0501,2023-07-01,0,SOUTH
MED-0501,2023-08-01,3,SOUTH
MED-0501,2023-09-01,0,EAST
MED-0501,2023-10-01,0,SOUTH
MED-0501,2023-11-01,0,EAST
MED-0501,2023-12-01,0,CENTRAL
MED-0501,2024-01-01,4,SOUTH
MED-0501,2024-02-01,4,SOUTH
MED-0501,2024-03-01,0,CENTRAL
MED-0501,2024-04-01,6,SOUTH
MED-0501,2024-05-01,1,CENTRAL
MED-0501,2024-06-01,0,SOUTH
MED-0501,2024-07-01,7,EAST
MED-0501,2024-08-01,1,SOUTH
MED-0501,2024-09-01,4,WEST
MED-0501,2024-10-01,0,SOUTH
MED-0501,2024-11-01,0,SOUTH
MED-0501,2024-12-01,0,SOUTH
MED-0501,2025-01-01,3,SOUTH
MED-0501,2025-02-01,0,EAST
MED-0501,2025-03-01,0,CENTRAL
MED-0501,2025-04-01,0,SOUTH
MED-0501,2025-05-01,7,SOUTH
MED-0501,2025-06-01,0,SOUTH
MED-0501,2025-07-01,0,SOUTH
MED-0501,2025-08-01,0,SOUTH
MED-0501,2025-09-01,0,SOUTH
MED-0501,2025-10-01,0,SOUTH
MED-0501,2025-11-01,0,CENTRAL
MED-0501,2025-12-01,1,WEST
MED-0502,2023-01-01,0,NORTH
MED-0502,2023-02-01,0,SOUTH
MED-0502,2023-03-01,0,WEST
MED-0502,2023-04-01,0,SOUTH
MED-0502,2023-05-01,0,WEST
MED-0502,2023-06-01,9,SOUTH
MED-0502,2023-07-01,0,SOUTH
MED-0502,2023-08-01,0,SOUTH
MED-0502,2023-09-01,0,SOUTH
MED-0502,2023-10-01,0,EAST
MED-0502,2023-11-01,0,SOUTH
MED-0502,2023-12-01,0,SOUTH
MED-0502,2024-01-01,17,WEST
MED-0502,2024-02-01,11,WEST
MED-0502,2024-03-01,0,SOUTH
MED-0502,2024-04-01,0,SOUTH
MED-0502,2024-05-01,5,CENTRAL
MED-0502,2024-06-01,0,SOUTH
MED-0502,2024-07-01,0,SOUTH
MED-0502,2024-08-01,8,WEST
MED-0502,2024-09-01,0,SOUTH
MED-0502,2024-10-01,0,WEST
MED-0502,2024-11-01,0,CENTRAL
MED-0502,2024-12-01,0,SOUTH
MED-0502,2025-01-01,0,WEST
MED-0502,2025-02-01,6,SOUTH
MED-0502,2025-03-01,0,SOUTH
MED-0502,2025-04-01,0,SOUTH
MED-0502,2025-05-01,0,SOUTH
MED-0502,2025-06-01,0,SOUTH
MED-0502,2025-07-01,0,SOUTH
MED-0502,2025-08-01,0,NORTH
MED-0502,2025-09-01,0,SOUTH
MED-0502,2025-10-01,0,NORTH
MED-0502,2025-11-01,11,NORTH
MED-0502,2025-12-01,0,SOUTH
MED-0503,2022-07-01,1,CENTRAL
MED-0503,2022-08-01,4,CENTRAL
MED-0503,2022-09-01,6,CENTRAL
MED-0503,2022-10-01,3,CENTRAL
MED-0503,2022-11-01,3,CENTRAL
MED-0503,2022-12-01,4,WEST
MED-0503,2023-01-01,1,CENTRAL
MED-0503,2023-02-01,7,CENTRAL
MED-0503,2023-03-01,12,NORTH
MED-0503,2023-04-01,1,WEST
MED-0503,2023-05-01,4,CENTRAL
MED-0503,2023-06-01,9,CENTRAL
MED-0503,2023-07-01,2,CENTRAL
MED-0503,2023-08-01,4,CENTRAL
MED-0503,2023-09-01,7,CENTRAL
MED-0503,2023-10-01,10,CENTRAL
MED-0503,2023-11-01,10,CENTRAL
MED-0503,2023-12-01,0,WEST
MED-0503,2024-01-01,8,CENTRAL
MED-0503,2024-02-01,7,CENTRAL
MED-0503,2024-03-01,4,NORTH
MED-0503,2024-04-01,4,NORTH
MED-0503,2024-05-01,0,CENTRAL
MED-0503,2024-06-01,30,CENTRAL
MED-0503,2024-07-01,0,CENTRAL
MED-0503,2024-08-01,5,CENTRAL
MED-0503,2024-09-01,8,WEST
MED-0503,2024-10-01,2,CENTRAL
MED-0503,2024-11-01,0,CENTRAL
MED-0503,2024-12-01,10,CENTRAL
MED-0503,2025-01-01,4,EAST
MED-0503,2025-02-01,4,WEST
MED-0503,2025-03-01,10,EAST
MED-0503,2025-04-01,6,CENTRAL
MED-0503,2025-05-01,7,SOUTH
MED-0503,2025-06-01,2,CENTRAL
MED-0503,2025-07-01,6,CENTRAL
MED-0503,2025-08-01,0,CENTRAL
MED-0503,2025-09-01,10,CENTRAL
MED-0503,2025-10-01,6,CENTRAL
MED-0503,2025-11-01,2,CENTRAL
MED-0503,2025-12-01,6,CENTRAL
MED-0504,2022-01-01,5,SOUTH
MED-0504,2022-02-01,4,SOUTH
MED-0504,2022-03-01,1,CENTRAL
MED-0504,2022-04-01,5,SOUTH
MED-0504,2022-05-01,1,SOUTH
MED-0504,2022-06-01,6,CENTRAL
MED-0504,2022-07-01,5,CENTRAL
MED-0504,2022-08-01,6,SOUTH
MED-0504,2022-09-01,5,EAST
MED-0504,2022-10-01,5,CENTRAL
MED-0504,2022-11-01,2,SOUTH
MED-0504,2022-12-01,0,NORTH
MED-0504,2023-01-01,3,SOUTH
MED-0504,2023-02-01,3,SOUTH
MED-0504,2023-03-01,7,SOUTH
MED-0504,2023-04-01,4,SOUTH
MED-0504,2023-05-01,6,NORTH
MED-0504,2023-06-01,2,SOUTH
MED-0504,2023-07-01,2,NORTH
MED-0504,2023-08-01,2,SOUTH
MED-0504,2023-09-01,5,WEST
MED-0504,2023-10-01,4,SOUTH
MED-0504,2023-11-01,3,SOUTH
MED-0504,2023-12-01,6,WEST
MED-0504,2024-01-01,2,SOUTH
MED-0504,2024-02-01,2,SOUTH
MED-0504,2024-03-01,4,SOUTH
MED-0504,2024-04-01,5,SOUTH
MED-0504,2024-05-01,3,SOUTH
MED-0504,2024-06-01,4,SOUTH
MED-0504,2024-07-01,6,WEST
MED-0504,2024-08-01,5,WEST
MED-0504,2024-09-01,3,CENTRAL
MED-0504,2024-10-01,4,WEST
MED-0504,2024-11-01,2,SOUTH
MED-0504,2024-12-01,5,SOUTH
MED-0504,2025-01-01,0,SOUTH
MED-0504,2025-02-01,5,SOUTH
MED-0504,2025-03-01,2,SOUTH
MED-0504,2025-04-01,5,SOUTH
MED-0504,2025-05-01,7,EAST
MED-0504,2025-06-01,5,SOUTH
MED-0504,2025-07-01,1,WEST
MED-0504,2025-08-01,2,SOUTH
MED-0504,2025-09-01,3,CENTRAL
MED-0504,2025-10-01,5,SOUTH
MED-0504,2025-11-01,4,SOUTH
MED-0504,2025-12-01,4,SOUTH
MED-0505,2022-01-01,2,SOUTH
MED-0505,2022-02-01,4,SOUTH
MED-0505,2022-03-01,4,SOUTH
MED-0505,2022-04-01,0,SOUTH
MED-0505,2022-05-01,0,WEST
MED-0505,2022-06-01,7,SOUTH
MED-0505,2022-07-01,15,EAST
MED-0505,2022-08-01,12,SOUTH
MED-0505,2022-09-01,6,WEST
MED-0505,2022-10-01,2,CENTRAL
MED-0505,2022-11-01,4,CENTRAL
MED-0505,2022-12-01,4,SOUTH
MED-0505,2023-01-01,6,SOUTH
MED-0505,2023-02-01,7,WEST
MED-0505,2023-03-01,4,EAST
MED-0505,2023-04-01,5,SOUTH
MED-0505,2023-05-01,4,SOUTH
MED-0505,2023-06-01,4,SOUTH
MED-0505,2023-07-01,4,SOUTH
MED-0505,2023-08-01,3,SOUTH
MED-0505,2023-09-01,10,SOUTH
MED-0505,2023-10-01,4,SOUTH
MED-0505,2023-11-01,6,SOUTH
MED-0505,2023-12-01,4,CENTRAL
MED-0505,2024-01-01,8,SOUTH
MED-0505,2024-02-01,4,EAST
MED-0505,2024-03-01,2,CENTRAL
MED-0505,2024-04-01,9,NORTH
MED-0505,2024-05-01,2,SOUTH
MED-0505,2024-06-01,7,SOUTH
MED-0505,2024-07-01,9,SOUTH
MED-0505,2024-08-01,3,NORTH
MED-0505,2024-09-01,5,SOUTH
MED-0505,2024-10-01,7,SOUTH
MED-0505,2024-11-01,4,SOUTH
MED-0505,2024-12-01,6,SOUTH
MED-0505,2025-01-01,11,SOUTH
MED-0505,2025-02-01,7,SOUTH
MED-0505,2025-03-01,7,CENTRAL
MED-0505,2025-04-01,6,SOUTH
MED-0505,2025-05-01,2,SOUTH
MED-0505,2025-06-01,3,SOUTH
MED-0505,2025-07-01,3,EAST
MED-0505,2025-08-01,8,SOUTH
MED-0505,2025-09-01,5,NORTH
MED-0505,2025-10-01,4,CENTRAL
MED-0505,2025-11-01,4,CENTRAL
MED-0505,2025-12-01,8,SOUTH
MED-0506,2022-07-01,2,WEST
MED-0506,2022-08-01,2,NORTH
MED-0506,2022-09-01,4,NORTH
MED-0506,2022-10-01,5,NORTH
MED-0506,2022-11-01,1,SOUTH
MED-0506,2022-12-01,1,NORTH
MED-0506,2023-01-01,4,NORTH
MED-0506,2023-02-01,0,SOUTH
MED-0506,2023-03-01,2,NORTH
MED-0506,2023-04-01,2,NORTH
MED-0506,2023-05-01,2,NORTH
MED-0506,2023-06-01,3,CENTRAL
MED-0506,2023-07-01,2,NORTH
MED-0506,2023-08-01,1,NORTH
MED-0506,2023-09-01,6,NORTH
MED-0506,2023-10-01,4,EAST
MED-0506,2023-11-01,3,NORTH
MED-0506,2023-12-01,1,NORTH
MED-0506,2024-01-01,1,NORTH
MED-0506,2024-02-01,5,NORTH
MED-0506,2024-03-01,6,NORTH
MED-0506,2024-04-01,1,NORTH
MED-0506,2024-05-01,3,WEST
MED-0506,2024-06-01,1,NORTH
MED-0506,2024-07-01,2,SOUTH
MED-0506,2024-08-01,0,NORTH
MED-0506,2024-09-01,3,NORTH
MED-0506,2024-10-01,3,SOUTH
MED-0506,2024-11-01,1,NORTH
MED-0506,2024-12-01,5,EAST
MED-0506,2025-01-01,0,NORTH
MED-0506,2025-02-01,1,CENTRAL
MED-0506,2025-03-01,6,NORTH
MED-0506,2025-04-01,0,CENTRAL
MED-0506,2025-05-01,1,EAST
MED-0506,2025-06-01,1,NORTH
MED-0506,2025-07-01,2,NORTH
MED-0506,2025-08-01,3,NORTH
MED-0506,2025-09-01,2,EAST
MED-0506,2025-10-01,2,NORTH
MED-0506,2025-11-01,1,NORTH
MED-0506,2025-12-01,6,NORTH
MED-0507,2022-07-01,11,CENTRAL
MED-0507,2022-08-01,2,CENTRAL
MED-0507,2022-09-01,7,CENTRAL
MED-0507,2022-10-01,6,CENTRAL
MED-0507,2022-11-01,8,CENTRAL
MED-0507,2022-12-01,0,CENTRAL
MED-0507,2023-01-01,9,SOUTH
MED-0507,2023-02-01,5,CENTRAL
MED-0507,2023-03-01,4,CENTRAL
MED-0507,2023-04-01,3,CENTRAL
MED-0507,2023-05-01,1,CENTRAL
MED-0507,2023-06-01,1,CENTRAL
MED-0507,2023-07-01,0,CENTRAL
MED-0507,2023-08-01,3,CENTRAL
MED-0507,2023-09-01,4,CENTRAL
MED-0507,2023-10-01,5,NORTH
MED-0507,2023-11-01,10,CENTRAL
MED-0507,2023-12-01,1,CENTRAL
MED-0507,2024-01-01,4,EAST
MED-0507,2024-02-01,6,CENTRAL
MED-0507,2024-03-01,3,WEST
MED-0507,2024-04-01,6,CENTRAL
MED-0507,2024-05-01,7,CENTRAL
MED-0507,2024-06-01,2,CENTRAL
MED-0507,2024-07-01,1,CENTRAL
MED-0507,2024-08-01,3,CENTRAL
MED-0507,2024-09-01,5,CENTRAL
MED-0507,2024-10-01,2,SOUTH
MED-0507,2024-11-01,5,CENTRAL
MED-0507,2024-12-01,3,WEST
MED-0507,2025-01-01,4,CENTRAL
MED-0507,2025-02-01,1,CENTRAL
MED-0507,2025-03-01,6,CENTRAL
MED-0507,2025-04-01,0,CENTRAL
MED-0507,2025-05-01,0,WEST
MED-0507,2025-06-01,4,CENTRAL
MED-0507,2025-07-01,6,CENTRAL
MED-0507,2025-08-01,9,CENTRAL
MED-0507,2025-09-01,3,SOUTH
MED-0507,2025-10-01,11,CENTRAL
MED-0507,2025-11-01,4,CENTRAL
MED-0507,2025-12-01,0,NORTH
MED-0508,2022-01-01,3,NORTH
MED-0508,2022-02-01,5,NORTH
MED-0508,2022-03-01,4,SOUTH
MED-0508,2022-04-01,3,SOUTH
MED-0508,2022-05-01,6,NORTH
MED-0508,2022-06-01,6,NORTH
MED-0508,2022-07-01,4,NORTH
MED-0508,2022-08-01,2,NORTH
MED-0508,2022-09-01,8,NORTH
MED-0508,2022-10-01,5,EAST
MED-0508,2022-11-01,1,CENTRAL
MED-0508,2022-12-01,1,NORTH
MED-0508,2023-01-01,0,WEST
MED-0508,2023-02-01,6,EAST
MED-0508,2023-03-01,7,NORTH
MED-0508,2023-04-01,5,NORTH
MED-0508,2023-05-01,21,NORTH
MED-0508,2023-06-01,0,NORTH
MED-0508,2023-07-01,6,NORTH
MED-0508,2023-08-01,4,NORTH
MED-0508,2023-09-01,2,NORTH
MED-0508,2023-10-01,5,NORTH
MED-0508,2023-11-01,6,NORTH
MED-0508,2023-12-01,3,CENTRAL
MED-0508,2024-01-01,3,NORTH
MED-0508,2024-02-01,5,SOUTH
MED-0508,2024-03-01,3,NORTH
MED-0508,2024-04-01,3,NORTH
MED-0508,2024-05-01,8,NORTH
MED-0508,2024-06-01,4,WEST
MED-0508,2024-07-01,5,WEST
MED-0508,2024-08-01,6,NORTH
MED-0508,2024-09-01,2,CENTRAL
MED-0508,2024-10-01,26,CENTRAL
MED-0508,2024-11-01,2,EAST
MED-0508,2024-12-01,3,NORTH
MED-0508,2025-01-01,0,EAST
MED-0508,2025-02-01,5,NORTH
MED-0508,2025-03-01,3,CENTRAL
MED-0508,2025-04-01,3,CENTRAL
MED-0508,2025-05-01,6,WEST
MED-0508,2025-06-01,5,EAST
MED-0508,2025-07-01,3,NORTH
MED-0508,2025-08-01,4,NORTH
MED-0508,2025-09-01,9,NORTH
MED-0508,2025-10-01,3,SOUTH
MED-0508,2025-11-01,4,SOUTH
MED-0508,2025-12-01,5,NORTH
MED-0509,2022-01-01,19,NORTH
MED-0509,2022-02-01,13,SOUTH
MED-0509,2022-03-01,0,CENTRAL
MED-0509,2022-04-01,10,SOUTH
MED-0509,2022-05-01,12,SOUTH
MED-0509,2022-06-01,0,SOUTH
MED-0509,2022-07-01,12,SOUTH
MED-0509,2022-08-01,0,SOUTH
MED-0509,2022-09-01,0,SOUTH
MED-0509,2022-10-01,0,SOUTH
MED-0509,2022-11-01,0,SOUTH
MED-0509,2022-12-01,20,SOUTH
MED-0509,2023-01-01,0,WEST
MED-0509,2023-02-01,0,NORTH
MED-0509,2023-03-01,21,SOUTH
MED-0509,2023-04-01,0,EAST
MED-0509,2023-05-01,0,SOUTH
MED-0509,2023-06-01,0,CENTRAL
MED-0509,2023-07-01,0,SOUTH
MED-0509,2023-08-01,0,SOUTH
MED-0509,2023-09-01,0,SOUTH
MED-0509,2023-10-01,0,WEST
MED-0509,2023-11-01,0,SOUTH
MED-0509,2023-12-01,17,SOUTH
MED-0509,2024-01-01,0,SOUTH
MED-0509,2024-02-01,0,CENTRAL
MED-0509,2024-03-01,0,CENTRAL
MED-0509,2024-04-01,0,CENTRAL
MED-0509,2024-05-01,0,SOUTH
MED-0509,2024-06-01,0,SOUTH
MED-0509,2024-07-01,14,SOUTH
MED-0509,2024-08-01,0,SOUTH
MED-0509,2024-09-01,0,SOUTH
MED-0509,2024-10-01,0,NORTH
MED-0509,2024-11-01,0,SOUTH
MED-0509,2024-12-01,0,WEST
MED-0509,2025-01-01,0,CENTRAL
MED-0509,2025-02-01,0,SOUTH
MED-0509,2025-03-01,0,SOUTH
MED-0509,2025-04-01,0,EAST
MED-0509,2025-05-01,48,WEST
MED-0509,2025-06-01,0,NORTH
MED-0509,2025-07-01,0,SOUTH
MED-0509,2025-08-01,0,SOUTH
MED-0509,2025-09-01,0,SOUTH
MED-0509,2025-10-01,0,SOUTH
MED-0509,2025-11-01,0,SOUTH
MED-0509,2025-12-01,0,SOUTH
MED-0510,2022-01-01,0,SOUTH
MED-0510,2022-02-01,0,SOUTH
MED-0510,2022-03-01,0,CENTRAL
MED-0510,2022-04-01,0,WEST
MED-0510,2022-05-01,0,CENTRAL
MED-0510,2022-06-01,4,CENTRAL
MED-0510,2022-07-01,0,CENTRAL
MED-0510,2022-08-01,2,CENTRAL
MED-0510,2022-09-01,0,CENTRAL
MED-0510,2022-10-01,0,NORTH
MED-0510,2022-11-01,0,EAST
MED-0510,2022-12-01,6,CENTRAL
MED-0510,2023-01-01,0,EAST
MED-0510,2023-02-01,0,WEST
MED-0510,2023-03-01,0,CENTRAL
MED-0510,2023-04-01,0,CENTRAL
MED-0510,2023-05-01,0,SOUTH
MED-0510,2023-06-01,0,CENTRAL
MED-0510,2023-07-01,2,SOUTH
MED-0510,2023-08-01,0,CENTRAL
MED-0510,2023-09-01,0,CENTRAL
MED-0510,2023-10-01,0,CENTRAL
MED-0510,2023-11-01,0,CENTRAL
MED-0510,2023-12-01,0,CENTRAL
MED-0510,2024-01-01,0,CENTRAL
MED-0510,2024-02-01,0,CENTRAL
MED-0510,2024-03-01,0,NORTH
MED-0510,2024-04-01,0,CENTRAL
MED-0510,2024-05-01,6,CENTRAL
MED-0510,2024-06-01,4,CENTRAL
MED-0510,2024-07-01,0,NORTH
MED-0510,2024-08-01,11,CENTRAL
MED-0510,2024-09-01,0,CENTRAL
MED-0510,2024-10-01,0,CENTRAL
MED-0510,2024-11-01,0,CENTRAL
MED-0510,2024-12-01,0,CENTRAL
MED-0510,2025-01-01,0,CENTRAL
MED-0510,2025-02-01,0,EAST
MED-0510,2025-03-01,0,CENTRAL
MED-0510,2025-04-01,0,CENTRAL
MED-0510,2025-05-01,0,CENTRAL
MED-0510,2025-06-01,1,NORTH
MED-0510,2025-07-01,10,CENTRAL
MED-0510,2025-08-01,0,CENTRAL
MED-0510,2025-09-01,0,CENTRAL
MED-0510,2025-10-01,0,CENTRAL
MED-0510,2025-11-01,0,CENTRAL
MED-0510,2025-12-01,0,CENTRAL
MED-0511,2022-01-01,0,SOUTH
MED-0511,2022-02-01,0,CENTRAL
MED-0511,2022-03-01,2,CENTRAL
MED-0511,2022-04-01,5,CENTRAL
MED-0511,2022-05-01,0,NORTH
MED-0511,2022-06-01,5,CENTRAL
MED-0511,2022-07-01,4,NORTH
MED-0511,2022-08-01,0,EAST
MED-0511,2022-09-01,0,CENTRAL
MED-0511,2022-10-01,5,CENTRAL
MED-0511,2022-11-01,0,CENTRAL
MED-0511,2022-12-01,0,CENTRAL
MED-0511,2023-01-01,0,CENTRAL
MED-0511,2023-02-01,0,CENTRAL
MED-0511,2023-03-01,0,CENTRAL
MED-0511,2023-04-01,5,CENTRAL
MED-0511,2023-05-01,0,CENTRAL
MED-0511,2023-06-01,0,EAST
MED-0511,2023-07-01,0,EAST
MED-0511,2023-08-01,0,CENTRAL
MED-0511,2023-09-01,0,WEST
MED-0511,2023-10-01,0,CENTRAL
MED-0511,2023-11-01,0,CENTRAL
MED-0511,2023-12-01,0,CENTRAL
MED-0511,2024-01-01,0,CENTRAL
MED-0511,2024-02-01,0,SOUTH
MED-0511,2024-03-01,0,CENTRAL
MED-0511,2024-04-01,0,WEST
MED-0511,2024-05-01,0,CENTRAL
MED-0511,2024-06-01,0,SOUTH
MED-0511,2024-07-01,3,CENTRAL
MED-0511,2024-08-01,3,CENTRAL
MED-0511,2024-09-01,1,CENTRAL
MED-0511,2024-10-01,0,CENTRAL
MED-0511,2024-11-01,0,CENTRAL
MED-0511,2024-12-01,3,SOUTH
MED-0511,2025-01-01,0,NORTH
MED-0511,2025-02-01,0,SOUTH
MED-0511,2025-03-01,0,WEST
MED-0511,2025-04-01,0,CENTRAL
MED-0511,2025-05-01,0,CENTRAL
MED-0511,2025-06-01,5,CENTRAL
MED-0511,2025-07-01,0,CENTRAL
MED-0511,2025-08-01,0,NORTH
MED-0511,2025-09-01,0,CENTRAL
MED-0511,2025-10-01,0,CENTRAL
MED-0511,2025-11-01,0,CENTRAL
MED-0511,2025-12-01,0,NORTH
MED-0512,2024-01-01,3,NORTH
MED-0512,2024-02-01,1,SOUTH
MED-0512,2024-03-01,9,NORTH
MED-0512,2024-04-01,4,NORTH
MED-0512,2024-05-01,5,EAST
MED-0512,2024-06-01,9,NORTH
MED-0512,2024-07-01,4,SOUTH
MED-0512,2024-08-01,12,NORTH
MED-0512,2024-09-01,7,NORTH
MED-0512,2024-10-01,2,NORTH
MED-0512,2024-11-01,4,NORTH
MED-0512,2024-12-01,7,NORTH
MED-0512,2025-01-01,14,WEST
MED-0512,2025-02-01,2,CENTRAL
MED-0512,2025-03-01,11,NORTH
MED-0512,2025-04-01,3,CENTRAL
MED-0512,2025-05-01,4,NORTH
MED-0512,2025-06-01,9,EAST
MED-0512,2025-07-01,0,NORTH
MED-0512,2025-08-01,13,NORTH
MED-0512,2025-09-01,1,CENTRAL
MED-0512,2025-10-01,5,NORTH
MED-0512,2025-11-01,5,WEST
MED-0512,2025-12-01,6,NORTH
MED-0513,2022-01-01,0,NORTH
MED-0513,2022-02-01,0,WEST
MED-0513,2022-03-01,0,WEST
MED-0513,2022-04-01,0,CENTRAL
MED-0513,2022-05-01,0,WEST
MED-0513,2022-06-01,0,EAST
MED-0513,2022-07-01,0,WEST
MED-0513,2022-08-01,0,NORTH
MED-0513,2022-09-01,0,WEST
MED-0513,2022-10-01,0,SOUTH
MED-0513,2022-11-01,3,WEST
MED-0513,2022-12-01,0,WEST
MED-0513,2023-01-01,0,NORTH
MED-0513,2023-02-01,0,WEST
MED-0513,2023-03-01,0,NORTH
MED-0513,2023-04-01,6,NORTH
MED-0513,2023-05-01,0,SOUTH
MED-0513,2023-06-01,0,WEST
MED-0513,2023-07-01,0,WEST
MED-0513,2023-08-01,3,WEST
MED-0513,2023-09-01,0,WEST
MED-0513,2023-10-01,11,SOUTH
MED-0513,2023-11-01,0,WEST
MED-0513,2023-12-01,4,WEST
MED-0513,2024-01-01,0,WEST
MED-0513,2024-02-01,0,WEST
MED-0513,2024-03-01,3,WEST
MED-0513,2024-04-01,0,WEST
MED-0513,2024-05-01,0,CENTRAL
MED-0513,2024-06-01,0,WEST
MED-0513,2024-07-01,0,WEST
MED-0513,2024-08-01,7,SOUTH
MED-0513,2024-09-01,2,WEST
MED-0513,2024-10-01,0,WEST
MED-0513,2024-11-01,2,EAST
MED-0513,2024-12-01,0,WEST
MED-0513,2025-01-01,0,WEST
MED-0513,2025-02-01,1,WEST
MED-0513,2025-03-01,0,NORTH
MED-0513,2025-04-01,0,WEST
MED-0513,2025-05-01,1,NORTH
MED-0513,2025-06-01,0,SOUTH
MED-0513,2025-07-01,0,WEST
MED-0513,2025-08-01,3,WEST
MED-0513,2025-09-01,5,WEST
MED-0513,2025-10-01,0,WEST
MED-0513,2025-11-01,2,WEST
MED-0513,2025-12-01,6,WEST
MED-0514,2022-07-01,0,SOUTH
MED-0514,2022-08-01,0,NORTH
MED-0514,2022-09-01,0,CENTRAL
MED-0514,2022-10-01,0,SOUTH
MED-0514,2022-11-01,0,SOUTH
MED-0514,2022-12-01,4,SOUTH
MED-0514,2023-01-01,3,WEST
MED-0514,2023-02-01,4,SOUTH
MED-0514,2023-03-01,0,SOUTH
MED-0514,2023-04-01,5,SOUTH
MED-0514,2023-05-01,0,NORTH
MED-0514,2023-06-01,5,EAST
MED-0514,2023-07-01,0,SOUTH
MED-0514,2023-08-01,0,WEST
MED-0514,2023-09-01,0,SOUTH
MED-0514,2023-10-01,2,EAST
MED-0514,2023-11-01,0,SOUTH
MED-0514,2023-12-01,3,EAST
MED-0514,2024-01-01,0,SOUTH
MED-0514,2024-02-01,0,SOUTH
MED-0514,2024-03-01,0,SOUTH
MED-0514,2024-04-01,0,SOUTH
MED-0514,2024-05-01,6,SOUTH
MED-0514,2024-06-01,0,SOUTH
MED-0514,2024-07-01,0,SOUTH
MED-0514,2024-08-01,0,SOUTH
MED-0514,2024-09-01,0,SOUTH
MED-0514,2024-10-01,0,SOUTH
MED-0514,2024-11-01,0,WEST
MED-0514,2024-12-01,0,CENTRAL
MED-0514,2025-01-01,8,NORTH
MED-0514,2025-02-01,0,NORTH
MED-0514,2025-03-01,2,SOUTH
MED-0514,2025-04-01,0,SOUTH
MED-0514,2025-05-01,0,SOUTH
MED-0514,2025-06-01,0,SOUTH
MED-0514,2025-07-01,0,SOUTH
MED-0514,2025-08-01,0,SOUTH
MED-0514,2025-09-01,0,SOUTH
MED-0514,2025-10-01,0,SOUTH
MED-0514,2025-11-01,0,EAST
MED-0514,2025-12-01,0,SOUTH
MED-0515,2023-01-01,0,NORTH
MED-0515,2023-02-01,0,SOUTH
MED-0515,2023-03-01,0,CENTRAL
MED-0515,2023-04-01,0,SOUTH
MED-0515,2023-05-01,0,SOUTH
MED-0515,2023-06-01,0,SOUTH
MED-0515,2023-07-01,0,SOUTH
MED-0515,2023-08-01,0,SOUTH
MED-0515,2023-09-01,0,WEST
MED-0515,2023-10-01,0,SOUTH
MED-0515,2023-11-01,0,WEST
MED-0515,2023-12-01,0,SOUTH
MED-0515,2024-01-01,0,SOUTH
MED-0515,2024-02-01,0,WEST
MED-0515,2024-03-01,0,NORTH
MED-0515,2024-04-01,0,SOUTH
MED-0515,2024-05-01,0,SOUTH
MED-0515,2024-06-01,0,SOUTH
MED-0515,2024-07-01,0,SOUTH
MED-0515,2024-08-01,10,SOUTH
MED-0515,2024-09-01,0,SOUTH
MED-0515,2024-10-01,0,CENTRAL
MED-0515,2024-11-01,0,SOUTH
MED-0515,2024-12-01,0,SOUTH
MED-0515,2025-01-01,0,SOUTH
MED-0515,2025-02-01,0,EAST
MED-0515,2025-03-01,0,CENTRAL
MED-0515,2025-04-01,0,SOUTH
MED-0515,2025-05-01,0,SOUTH
MED-0515,2025-06-01,0,SOUTH
MED-0515,2025-07-01,0,WEST
MED-0515,2025-08-01,0,SOUTH
MED-0515,2025-09-01,0,SOUTH
MED-0515,2025-10-01,0,WEST
MED-0515,2025-11-01,0,NORTH
MED-0515,2025-12-01,0,NORTH
MED-0516,2023-07-01,0,CENTRAL
MED-0516,2023-08-01,3,CENTRAL
MED-0516,2023-09-01,0,CENTRAL
MED-0516,2023-10-01,0,EAST
MED-0516,2023-11-01,0,CENTRAL
MED-0516,2023-12-01,3,CENTRAL
MED-0516,2024-01-01,3,NORTH
MED-0516,2024-02-01,0,CENTRAL
MED-0516,2024-03-01,0,CENTRAL
MED-0516,2024-04-01,2,EAST
MED-0516,2024-05-01,0,CENTRAL
MED-0516,2024-06-01,0,CENTRAL
MED-0516,2024-07-01,0,CENTRAL
MED-0516,2024-08-01,0,CENTRAL
MED-0516,2024-09-01,5,EAST
MED-0516,2024-10-01,0,CENTRAL
MED-0516,2024-11-01,5,CENTRAL
MED-0516,2024-12-01,0,CENTRAL
MED-0516,2025-01-01,0,CENTRAL
MED-0516,2025-02-01,6,NORTH
MED-0516,2025-03-01,0,WEST
MED-0516,2025-04-01,7,WEST
MED-0516,2025-05-01,0,SOUTH
MED-0516,2025-06-01,0,CENTRAL
MED-0516,2025-07-01,0,SOUTH
MED-0516,2025-08-01,3,CENTRAL
MED-0516,2025-09-01,0,CENTRAL
MED-0516,2025-10-01,0,CENTRAL
MED-0516,2025-11-01,0,NORTH
MED-0516,2025-12-01,5,CENTRAL
MED-0517,2022-01-01,0,SOUTH
MED-0517,2022-02-01,0,SOUTH
MED-0517,2022-03-01,4,CENTRAL
MED-0517,2022-04-01,2,SOUTH
MED-0517,2022-05-01,7,SOUTH
MED-0517,2022-06-01,6,WEST
MED-0517,2022-07-01,0,SOUTH
MED-0517,2022-08-01,11,WEST
MED-0517,2022-09-01,6,SOUTH
MED-0517,2022-10-01,0,SOUTH
MED-0517,2022-11-01,0,SOUTH
MED-0517,2022-12-01,0,SOUTH
MED-0517,2023-01-01,0,SOUTH
MED-0517,2023-02-01,2,SOUTH
MED-0517,2023-03-01,0,CENTRAL
MED-0517,2023-04-01,0,SOUTH
MED-0517,2023-05-01,0,SOUTH
MED-0517,2023-06-01,3,SOUTH
MED-0517,2023-07-01,10,NORTH
MED-0517,2023-08-01,0,SOUTH
MED-0517,2023-09-01,0,SOUTH
MED-0517,2023-10-01,2,SOUTH
MED-0517,2023-11-01,0,SOUTH
MED-0517,2023-12-01,0,SOUTH
MED-0517,2024-01-01,0,SOUTH
MED-0517,2024-02-01,3,SOUTH
MED-0517,2024-03-01,0,WEST
MED-0517,2024-04-01,0,SOUTH
MED-0517,2024-05-01,0,WEST
MED-0517,2024-06-01,4,SOUTH
MED-0517,2024-07-01,6,SOUTH
MED-0517,2024-08-01,0,WEST
MED-0517,2024-09-01,0,SOUTH
MED-0517,2024-10-01,11,SOUTH
MED-0517,2024-11-01,0,SOUTH
MED-0517,2024-12-01,5,SOUTH
MED-0517,2025-01-01,3,SOUTH
MED-0517,2025-02-01,0,SOUTH
MED-0517,2025-03-01,1,SOUTH
MED-0517,2025-04-01,0,SOUTH
MED-0517,2025-05-01,0,NORTH
MED-0517,2025-06-01,0,SOUTH
MED-0517,2025-07-01,0,SOUTH
MED-0517,2025-08-01,0,NORTH
MED-0517,2025-09-01,0,SOUTH
MED-0517,2025-10-01,7,SOUTH
MED-0517,2025-11-01,0,SOUTH
MED-0517,2025-12-01,0,SOUTH
MED-0518,2022-07-01,0,EAST
MED-0518,2022-08-01,0,CENTRAL
MED-0518,2022-09-01,0,WEST
MED-0518,2022-10-01,0,WEST
MED-0518,2022-11-01,0,WEST
MED-0518,2022-12-01,0,WEST
MED-0518,2023-01-01,0,WEST
MED-0518,2023-02-01,0,CENTRAL
MED-0518,2023-03-01,16,CENTRAL
MED-0518,2023-04-01,0,WEST
MED-0518,2023-05-01,0,WEST
MED-0518,2023-06-01,0,SOUTH
MED-0518,2023-07-01,0,WEST
MED-0518,2023-08-01,0,WEST
MED-0518,2023-09-01,0,WEST
MED-0518,2023-10-01,45,SOUTH
MED-0518,2023-11-01,0,WEST
MED-0518,2023-12-01,0,WEST
MED-0518,2024-01-01,0,SOUTH
MED-0518,2024-02-01,0,WEST
MED-0518,2024-03-01,0,WEST
MED-0518,2024-04-01,0,WEST
MED-0518,2024-05-01,9,WEST
MED-0518,2024-06-01,0,WEST
MED-0518,2024-07-01,0,WEST
MED-0518,2024-08-01,0,WEST
MED-0518,2024-09-01,0,SOUTH
MED-0518,2024-10-01,0,WEST
MED-0518,2024-11-01,0,EAST
MED-0518,2024-12-01,0,WEST
MED-0518,2025-01-01,3,WEST
MED-0518,2025-02-01,0,WEST
MED-0518,2025-03-01,0,NORTH
MED-0518,2025-04-01,0,WEST
MED-0518,2025-05-01,0,WEST
MED-0518,2025-06-01,0,WEST
MED-0518,2025-07-01,10,WEST
MED-0518,2025-08-01,10,EAST
MED-0518,2025-09-01,4,WEST
MED-0518,2025-10-01,0,NORTH
MED-0518,2025-11-01,0,WEST
MED-0518,2025-12-01,3,WEST
MED-0519,2022-01-01,0,CENTRAL
MED-0519,2022-02-01,0,CENTRAL
MED-0519,2022-03-01,0,CENTRAL
MED-0519,2022-04-01,0,NORTH
MED-0519,2022-05-01,4,CENTRAL
MED-0519,2022-06-01,0,EAST
MED-0519,2022-07-01,0,WEST
MED-0519,2022-08-01,0,CENTRAL
MED-0519,2022-09-01,0,SOUTH
MED-0519,2022-10-01,0,WEST
MED-0519,2022-11-01,0,CENTRAL
MED-0519,2022-12-01,0,CENTRAL
MED-0519,2023-01-01,3,EAST
MED-0519,2023-02-01,0,CENTRAL
MED-0519,2023-03-01,6,CENTRAL
MED-0519,2023-04-01,0,CENTRAL
MED-0519,2023-05-01,0,CENTRAL
MED-0519,2023-06-01,0,CENTRAL
MED-0519,2023-07-01,0,CENTRAL
MED-0519,2023-08-01,0,CENTRAL
MED-0519,2023-09-01,0,CENTRAL
MED-0519,2023-10-01,4,WEST
MED-0519,2023-11-01,0,CENTRAL
MED-0519,2023-12-01,0,SOUTH
MED-0519,2024-01-01,0,EAST
MED-0519,2024-02-01,0,SOUTH
MED-0519,2024-03-01,0,CENTRAL
MED-0519,2024-04-01,0,CENTRAL
MED-0519,2024-05-01,0,SOUTH
MED-0519,2024-06-01,9,CENTRAL
MED-0519,2024-07-01,0,CENTRAL
MED-0519,2024-08-01,7,NORTH
MED-0519,2024-09-01,0,EAST
MED-0519,2024-10-01,10,EAST
MED-0519,2024-11-01,4,CENTRAL
MED-0519,2024-12-01,8,CENTRAL
MED-0519,2025-01-01,0,CENTRAL
MED-0519,2025-02-01,0,CENTRAL
MED-0519,2025-03-01,0,CENTRAL
MED-0519,2025-04-01,0,CENTRAL
MED-0519,2025-05-01,0,SOUTH
MED-0519,2025-06-01,6,WEST
MED-0519,2025-07-01,0,EAST
MED-0519,2025-08-01,0,CENTRAL
MED-0519,2025-09-01,0,CENTRAL
MED-0519,2025-10-01,0,CENTRAL
MED-0519,2025-11-01,0,WEST
MED-0519,2025-12-01,0,CENTRAL
MED-0520,2024-07-01,5,CENTRAL
MED-0520,2024-08-01,0,CENTRAL
MED-0520,2024-09-01,4,CENTRAL
MED-0520,2024-10-01,0,CENTRAL
MED-0520,2024-11-01,6,SOUTH
MED-0520,2024-12-01,3,CENTRAL
MED-0520,2025-01-01,2,CENTRAL
MED-0520,2025-02-01,5,CENTRAL
MED-0520,2025-03-01,3,CENTRAL
MED-0520,2025-04-01,6,CENTRAL
MED-0520,2025-05-01,9,CENTRAL
MED-0520,2025-06-01,4,CENTRAL
MED-0520,2025-07-01,8,NORTH
MED-0520,2025-08-01,3,CENTRAL
MED-0520,2025-09-01,5,WEST
MED-0520,2025-10-01,7,NORTH
MED-0520,2025-11-01,4,CENTRAL
MED-0520,2025-12-01,10,CENTRAL
MED-0521,2022-01-01,1,SOUTH
MED-0521,2022-02-01,1,SOUTH
MED-0521,2022-03-01,4,SOUTH
MED-0521,2022-04-01,9,SOUTH
MED-0521,2022-05-01,2,CENTRAL
MED-0521,2022-06-01,4,EAST
MED-0521,2022-07-01,3,SOUTH
MED-0521,2022-08-01,2,CENTRAL
MED-0521,2022-09-01,6,SOUTH
MED-0521,2022-10-01,2,CENTRAL
MED-0521,2022-11-01,5,SOUTH
MED-0521,2022-12-01,9,SOUTH
MED-0521,2023-01-01,2,SOUTH
MED-0521,2023-02-01,5,SOUTH
MED-0521,2023-03-01,11,SOUTH
MED-0521,2023-04-01,2,SOUTH
MED-0521,2023-05-01,1,SOUTH
MED-0521,2023-06-01,4,SOUTH
MED-0521,2023-07-01,3,SOUTH
MED-0521,2023-08-01,4,CENTRAL
MED-0521,2023-09-01,5,SOUTH
MED-0521,2023-10-01,2,NORTH
MED-0521,2023-11-01,2,SOUTH
MED-0521,2023-12-01,10,SOUTH
MED-0521,2024-01-01,11,SOUTH
MED-0521,2024-02-01,3,SOUTH
MED-0521,2024-03-01,1,SOUTH
MED-0521,2024-04-01,1,WEST
MED-0521,2024-05-01,6,CENTRAL
MED-0521,2024-06-01,4,SOUTH
MED-0521,2024-07-01,3,NORTH
MED-0521,2024-08-01,1,SOUTH
MED-0521,2024-09-01,5,WEST
MED-0521,2024-10-01,2,SOUTH
MED-0521,2024-11-01,0,SOUTH
MED-0521,2024-12-01,5,SOUTH
MED-0521,2025-01-01,9,WEST
MED-0521,2025-02-01,4,SOUTH
MED-0521,2025-03-01,4,SOUTH
MED-0521,2025-04-01,8,SOUTH
MED-0521,2025-05-01,0,SOUTH
MED-0521,2025-06-01,3,SOUTH
MED-0521,2025-07-01,4,EAST
MED-0521,2025-08-01,3,EAST
MED-0521,2025-09-01,5,SOUTH
MED-0521,2025-10-01,6,NORTH
MED-0521,2025-11-01,0,SOUTH
MED-0521,2025-12-01,0,SOUTH
MED-0522,2023-01-01,1,SOUTH
MED-0522,2023-02-01,4,EAST
MED-0522,2023-03-01,3,CENTRAL
MED-0522,2023-04-01,0,EAST
MED-0522,2023-05-01,5,EAST
MED-0522,2023-06-01,2,EAST
MED-0522,2023-07-01,4,EAST
MED-0522,2023-08-01,1,EAST
MED-0522,2023-09-01,9,EAST
MED-0522,2023-10-01,1,EAST
MED-0522,2023-11-01,3,EAST
MED-0522,2023-12-01,2,EAST
MED-0522,2024-01-01,7,EAST
MED-0522,2024-02-01,1,EAST
MED-0522,2024-03-01,0,EAST
MED-0522,2024-04-01,4,EAST
MED-0522,2024-05-01,4,CENTRAL
MED-0522,2024-06-01,0,SOUTH
MED-0522,2024-07-01,4,EAST
MED-0522,2024-08-01,2,EAST
MED-0522,2024-09-01,2,EAST
MED-0522,2024-10-01,2,EAST
MED-0522,2024-11-01,5,EAST
MED-0522,2024-12-01,4,EAST
MED-0522,2025-01-01,3,WEST
MED-0522,2025-02-01,1,EAST
MED-0522,2025-03-01,7,SOUTH
MED-0522,2025-04-01,5,EAST
MED-0522,2025-05-01,3,EAST
MED-0522,2025-06-01,13,EAST
MED-0522,2025-07-01,3,EAST
MED-0522,2025-08-01,1,EAST
MED-0522,2025-09-01,3,EAST
MED-0522,2025-10-01,1,SOUTH
MED-0522,2025-11-01,4,EAST
MED-0522,2025-12-01,4,EAST
MED-0523,2023-01-01,1,NORTH
MED-0523,2023-02-01,7,CENTRAL
MED-0523,2023-03-01,2,CENTRAL
MED-0523,2023-04-01,4,NORTH
MED-0523,2023-05-01,1,CENTRAL
MED-0523,2023-06-01,6,CENTRAL
MED-0523,2023-07-01,3,CENTRAL
MED-0523,2023-08-01,5,CENTRAL
MED-0523,2023-09-01,1,NORTH
MED-0523,2023-10-01,5,WEST
MED-0523,2023-11-01,41,CENTRAL
MED-0523,2023-12-01,4,NORTH
MED-0523,2024-01-01,3,WEST
MED-0523,2024-02-01,3,CENTRAL
MED-0523,2024-03-01,5,CENTRAL
MED-0523,2024-04-01,5,SOUTH
MED-0523,2024-05-01,4,CENTRAL
MED-0523,2024-06-01,5,CENTRAL
MED-0523,2024-07-01,5,SOUTH
MED-0523,2024-08-01,2,EAST
MED-0523,2024-09-01,2,NORTH
MED-0523,2024-10-01,0,CENTRAL
MED-0523,2024-11-01,11,CENTRAL
MED-0523,2024-12-01,3,CENTRAL
MED-0523,2025-01-01,2,CENTRAL
MED-0523,2025-02-01,6,SOUTH
MED-0523,2025-03-01,3,CENTRAL
MED-0523,2025-04-01,8,CENTRAL
MED-0523,2025-05-01,4,CENTRAL
MED-0523,2025-06-01,7,CENTRAL
MED-0523,2025-07-01,4,CENTRAL
MED-0523,2025-08-01,5,SOUTH
MED-0523,2025-09-01,4,EAST
MED-0523,2025-10-01,1,CENTRAL
MED-0523,2025-11-01,4,CENTRAL
MED-0523,2025-12-01,2,CENTRAL
MED-0524,2022-01-01,1,WEST
MED-0524,2022-02-01,3,SOUTH
MED-0524,2022-03-01,15,SOUTH
MED-0524,2022-04-01,0,SOUTH
MED-0524,2022-05-01,16,SOUTH
MED-0524,2022-06-01,8,SOUTH
MED-0524,2022-07-01,4,SOUTH
MED-0524,2022-08-01,2,SOUTH
MED-0524,2022-09-01,1,EAST
MED-0524,2022-10-01,3,EAST
MED-0524,2022-11-01,2,SOUTH
MED-0524,2022-12-01,1,SOUTH
MED-0524,2023-01-01,5,CENTRAL
MED-0524,2023-02-01,3,SOUTH
MED-0524,2023-03-01,5,SOUTH
MED-0524,2023-04-01,2,SOUTH
MED-0524,2023-05-01,6,SOUTH
MED-0524,2023-06-01,4,SOUTH
MED-0524,2023-07-01,0,CENTRAL
MED-0524,2023-08-01,1,SOUTH
MED-0524,2023-09-01,3,NORTH
MED-0524,2023-10-01,1,SOUTH
MED-0524,2023-11-01,4,NORTH
MED-0524,2023-12-01,5,SOUTH
MED-0524,2024-01-01,3,SOUTH
MED-0524,2024-02-01,3,SOUTH
MED-0524,2024-03-01,4,SOUTH
MED-0524,2024-04-01,2,SOUTH
MED-0524,2024-05-01,4,SOUTH
MED-0524,2024-06-01,6,CENTRAL
MED-0524,2024-07-01,3,SOUTH
MED-0524,2024-08-01,3,SOUTH
MED-0524,2024-09-01,1,SOUTH
MED-0524,2024-10-01,4,EAST
MED-0524,2024-11-01,4,EAST
MED-0524,2024-12-01,1,EAST
MED-0524,2025-01-01,2,SOUTH
MED-0524,2025-02-01,1,NORTH
MED-0524,2025-03-01,2,SOUTH
MED-0524,2025-04-01,4,EAST
MED-0524,2025-05-01,4,CENTRAL
MED-0524,2025-06-01,4,SOUTH
MED-0524,2025-07-01,11,SOUTH
MED-0524,2025-08-01,0,NORTH
MED-0524,2025-09-01,4,CENTRAL
MED-0524,2025-10-01,4,WEST
MED-0524,2025-11-01,4,WEST
MED-0524,2025-12-01,5,SOUTH
MED-0525,2024-01-01,7,SOUTH
MED-0525,2024-02-01,7,NORTH
MED-0525,2024-03-01,3,NORTH
MED-0525,2024-04-01,11,EAST
MED-0525,2024-05-01,7,CENTRAL
MED-0525,2024-06-01,4,SOUTH
MED-0525,2024-07-01,5,NORTH
MED-0525,2024-08-01,3,NORTH
MED-0525,2024-09-01,8,NORTH
MED-0525,2024-10-01,6,NORTH
MED-0525,2024-11-01,3,NORTH
MED-0525,2024-12-01,3,NORTH
MED-0525,2025-01-01,6,NORTH
MED-0525,2025-02-01,9,SOUTH
MED-0525,2025-03-01,7,CENTRAL
MED-0525,2025-04-01,4,NORTH
MED-0525,2025-05-01,3,NORTH
MED-0525,2025-06-01,8,NORTH
MED-0525,2025-07-01,7,NORTH
MED-0525,2025-08-01,4,NORTH
MED-0525,2025-09-01,2,CENTRAL
MED-0525,2025-10-01,4,NORTH
MED-0525,2025-11-01,2,NORTH
MED-0525,2025-12-01,12,NORTH
MED-0526,2022-07-01,0,NORTH
MED-0526,2022-08-01,0,WEST
MED-0526,2022-09-01,0,SOUTH
MED-0526,2022-10-01,0,NORTH
MED-0526,2022-11-01,0,WEST
MED-0526,2022-12-01,0,WEST
MED-0526,2023-01-01,12,NORTH
MED-0526,2023-02-01,0,SOUTH
MED-0526,2023-03-01,0,WEST
MED-0526,2023-04-01,0,WEST
MED-0526,2023-05-01,0,EAST
MED-0526,2023-06-01,0,WEST
MED-0526,2023-07-01,0,WEST
MED-0526,2023-08-01,0,WEST
MED-0526,2023-09-01,40,WEST
MED-0526,2023-10-01,0,WEST
MED-0526,2023-11-01,21,WEST
MED-0526,2023-12-01,19,WEST
MED-0526,2024-01-01,0,WEST
MED-0526,2024-02-01,0,WEST
MED-0526,2024-03-01,0,WEST
MED-0526,2024-04-01,0,CENTRAL
MED-0526,2024-05-01,0,WEST
MED-0526,2024-06-01,0,WEST
MED-0526,2024-07-01,0,WEST
MED-0526,2024-08-01,0,WEST
MED-0526,2024-09-01,0,CENTRAL
MED-0526,2024-10-01,16,WEST
MED-0526,2024-11-01,6,WEST
MED-0526,2024-12-01,0,WEST
MED-0526,2025-01-01,0,WEST
MED-0526,2025-02-01,13,WEST
MED-0526,2025-03-01,0,WEST
MED-0526,2025-04-01,0,WEST
MED-0526,2025-05-01,0,WEST
MED-0526,2025-06-01,0,WEST
MED-0526,2025-07-01,0,WEST
MED-0526,2025-08-01,0,WEST
MED-0526,2025-09-01,0,NORTH
MED-0526,2025-10-01,0,WEST
MED-0526,2025-11-01,0,WEST
MED-0526,2025-12-01,0,EAST
MED-0527,2023-01-01,4,SOUTH
MED-0527,2023-02-01,0,CENTRAL
MED-0527,2023-03-01,0,SOUTH
MED-0527,2023-04-01,0,CENTRAL
MED-0527,2023-05-01,0,NORTH
MED-0527,2023-06-01,6,SOUTH
MED-0527,2023-07-01,0,SOUTH
MED-0527,2023-08-01,0,EAST
MED-0527,2023-09-01,0,SOUTH
MED-0527,2023-10-01,0,SOUTH
MED-0527,2023-11-01,0,SOUTH
MED-0527,2023-12-01,0,CENTRAL
MED-0527,2024-01-01,0,SOUTH
MED-0527,2024-02-01,22,SOUTH
MED-0527,2024-03-01,0,SOUTH
MED-0527,2024-04-01,0,CENTRAL
MED-0527,2024-05-01,0,SOUTH
MED-0527,2024-06-01,0,SOUTH
MED-0527,2024-07-01,0,SOUTH
MED-0527,2024-08-01,7,SOUTH
MED-0527,2024-09-01,0,SOUTH
MED-0527,2024-10-01,0,SOUTH
MED-0527,2024-11-01,0,SOUTH
MED-0527,2024-12-01,6,WEST
MED-0527,2025-01-01,7,SOUTH
MED-0527,2025-02-01,0,SOUTH
MED-0527,2025-03-01,0,SOUTH
MED-0527,2025-04-01,0,SOUTH
MED-0527,2025-05-01,6,SOUTH
MED-0527,2025-06-01,0,WEST
MED-0527,2025-07-01,0,SOUTH
MED-0527,2025-08-01,0,SOUTH
MED-0527,2025-09-01,4,CENTRAL
MED-0527,2025-10-01,0,WEST
MED-0527,2025-11-01,0,SOUTH
MED-0527,2025-12-01,6,EAST
MED-0528,2022-07-01,6,SOUTH
MED-0528,2022-08-01,3,EAST
MED-0528,2022-09-01,7,EAST
MED-0528,2022-10-01,1,SOUTH
MED-0528,2022-11-01,2,EAST
MED-0528,2022-12-01,4,EAST
MED-0528,2023-01-01,1,EAST
MED-0528,2023-02-01,3,EAST
MED-0528,2023-03-01,1,EAST
MED-0528,2023-04-01,3,EAST
MED-0528,2023-05-01,4,WEST
MED-0528,2023-06-01,0,EAST
MED-0528,2023-07-01,8,EAST
MED-0528,2023-08-01,2,EAST
MED-0528,2023-09-01,0,WEST
MED-0528,2023-10-01,2,EAST
MED-0528,2023-11-01,8,EAST
MED-0528,2023-12-01,10,EAST
MED-0528,2024-01-01,2,EAST
MED-0528,2024-02-01,0,EAST
MED-0528,2024-03-01,2,EAST
MED-0528,2024-04-01,1,EAST
MED-0528,2024-05-01,0,CENTRAL
MED-0528,2024-06-01,4,NORTH
MED-0528,2024-07-01,2,CENTRAL
MED-0528,2024-08-01,26,EAST
MED-0528,2024-09-01,6,EAST
MED-0528,2024-10-01,1,EAST
MED-0528,2024-11-01,2,EAST
MED-0528,2024-12-01,2,EAST
MED-0528,2025-01-01,2,EAST
MED-0528,2025-02-01,4,NORTH
MED-0528,2025-03-01,4,EAST
MED-0528,2025-04-01,3,EAST
MED-0528,2025-05-01,0,EAST
MED-0528,2025-06-01,4,EAST
MED-0528,2025-07-01,1,NORTH
MED-0528,2025-08-01,4,EAST
MED-0528,2025-09-01,6,EAST
MED-0528,2025-10-01,3,EAST
MED-0528,2025-11-01,2,WEST
MED-0528,2025-12-01,0,EAST
MED-0529,2022-01-01,0,CENTRAL
MED-0529,2022-02-01,0,CENTRAL
MED-0529,2022-03-01,0,CENTRAL
MED-0529,2022-04-01,0,NORTH
MED-0529,2022-05-01,0,CENTRAL
MED-0529,2022-06-01,0,CENTRAL
MED-0529,2022-07-01,0,SOUTH
MED-0529,2022-08-01,4,CENTRAL
MED-0529,2022-09-01,3,CENTRAL
MED-0529,2022-10-01,0,WEST
MED-0529,2022-11-01,2,EAST
MED-0529,2022-12-01,0,CENTRAL
MED-0529,2023-01-01,0,CENTRAL
MED-0529,2023-02-01,0,NORTH
MED-0529,2023-03-01,0,CENTRAL
MED-0529,2023-04-01,0,CENTRAL
MED-0529,2023-05-01,0,CENTRAL
MED-0529,2023-06-01,6,CENTRAL
MED-0529,2023-07-01,0,CENTRAL
MED-0529,2023-08-01,0,CENTRAL
MED-0529,2023-09-01,5,WEST
MED-0529,2023-10-01,0,WEST
MED-0529,2023-11-01,0,EAST
MED-0529,2023-12-01,2,WEST
MED-0529,2024-01-01,0,CENTRAL
MED-0529,2024-02-01,0,NORTH
MED-0529,2024-03-01,0,CENTRAL
MED-0529,2024-04-01,0,CENTRAL
MED-0529,2024-05-01,0,NORTH
MED-0529,2024-06-01,0,WEST
MED-0529,2024-07-01,0,WEST
MED-0529,2024-08-01,1,CENTRAL
MED-0529,2024-09-01,4,SOUTH
MED-0529,2024-10-01,0,CENTRAL
MED-0529,2024-11-01,6,CENTRAL
MED-0529,2024-12-01,2,SOUTH
MED-0529,2025-01-01,5,CENTRAL
MED-0529,2025-02-01,3,CENTRAL
MED-0529,2025-03-01,5,CENTRAL
MED-0529,2025-04-01,1,CENTRAL
MED-0529,2025-05-01,0,SOUTH
MED-0529,2025-06-01,4,EAST
MED-0529,2025-07-01,0,CENTRAL
MED-0529,2025-08-01,0,CENTRAL
MED-0529,2025-09-01,0,CENTRAL
MED-0529,2025-10-01,0,SOUTH
MED-0529,2025-11-01,0,CENTRAL
MED-0529,2025-12-01,7,CENTRAL
MED-0530,2024-01-01,0,CENTRAL
MED-0530,2024-02-01,0,NORTH
MED-0530,2024-03-01,5,SOUTH
MED-0530,2024-04-01,3,NORTH
MED-0530,2024-05-01,0,NORTH
MED-0530,2024-06-01,0,NORTH
MED-0530,2024-07-01,0,WEST
MED-0530,2024-08-01,0,NORTH
MED-0530,2024-09-01,0,NORTH
MED-0530,2024-10-01,0,NORTH
MED-0530,2024-11-01,0,NORTH
MED-0530,2024-12-01,0,NORTH
MED-0530,2025-01-01,0,NORTH
MED-0530,2025-02-01,0,EAST
MED-0530,2025-03-01,3,WEST
MED-0530,2025-04-01,0,NORTH
MED-0530,2025-05-01,7,NORTH
MED-0530,2025-06-01,0,EAST
MED-0530,2025-07-01,7,NORTH
MED-0530,2025-08-01,0,NORTH
MED-0530,2025-09-01,7,NORTH
MED-0530,2025-10-01,0,NORTH
MED-0530,2025-11-01,0,NORTH
MED-0530,2025-12-01,4,NORTH
MED-0531,2022-01-01,0,SOUTH
MED-0531,2022-02-01,0,SOUTH
MED-0531,2022-03-01,9,SOUTH
MED-0531,2022-04-01,0,SOUTH
MED-0531,2022-05-01,0,SOUTH
MED-0531,2022-06-01,0,SOUTH
MED-0531,2022-07-01,0,SOUTH
MED-0531,2022-08-01,0,SOUTH
MED-0531,2022-09-01,9,SOUTH
MED-0531,2022-10-01,0,SOUTH
MED-0531,2022-11-01,0,SOUTH
MED-0531,2022-12-01,0,EAST
MED-0531,2023-01-01,0,SOUTH
MED-0531,2023-02-01,0,WEST
MED-0531,2023-03-01,0,EAST
MED-0531,2023-04-01,0,SOUTH
MED-0531,2023-05-01,0,SOUTH
MED-0531,2023-06-01,0,SOUTH
MED-0531,2023-07-01,0,SOUTH
MED-0531,2023-08-01,9,SOUTH
MED-0531,2023-09-01,0,CENTRAL
MED-0531,2023-10-01,0,SOUTH
MED-0531,2023-11-01,0,SOUTH
MED-0531,2023-12-01,0,NORTH
MED-0531,2024-01-01,0,EAST
MED-0531,2024-02-01,0,SOUTH
MED-0531,2024-03-01,0,SOUTH
MED-0531,2024-04-01,0,SOUTH
MED-0531,2024-05-01,1,SOUTH
MED-0531,2024-06-01,0,SOUTH
MED-0531,2024-07-01,0,SOUTH
MED-0531,2024-08-01,0,SOUTH
MED-0531,2024-09-01,0,SOUTH
MED-0531,2024-10-01,0,SOUTH
MED-0531,2024-11-01,0,SOUTH
MED-0531,2024-12-01,0,SOUTH
MED-0531,2025-01-01,0,SOUTH
MED-0531,2025-02-01,0,SOUTH
MED-0531,2025-03-01,0,SOUTH
MED-0531,2025-04-01,31,SOUTH
MED-0531,2025-05-01,0,SOUTH
MED-0531,2025-06-01,0,SOUTH
MED-0531,2025-07-01,0,SOUTH
MED-0531,2025-08-01,0,SOUTH
MED-0531,2025-09-01,0,SOUTH
MED-0531,2025-10-01,0,SOUTH
MED-0531,2025-11-01,0,SOUTH
MED-0531,2025-12-01,0,WEST
MED-0532,2023-07-01,5,NORTH
MED-0532,2023-08-01,4,NORTH
MED-0532,2023-09-01,8,SOUTH
MED-0532,2023-10-01,9,NORTH
MED-0532,2023-11-01,4,NORTH
MED-0532,2023-12-01,6,NORTH
MED-0532,2024-01-01,7,NORTH
MED-0532,2024-02-01,9,NORTH
MED-0532,2024-03-01,3,NORTH
MED-0532,2024-04-01,4,WEST
MED-0532,2024-05-01,2,SOUTH
MED-0532,2024-06-01,4,CENTRAL
MED-0532,2024-07-01,4,SOUTH
MED-0532,2024-08-01,8,NORTH
MED-0532,2024-09-01,12,NORTH
MED-0532,2024-10-01,10,CENTRAL
MED-0532,2024-11-01,6,CENTRAL
MED-0532,2024-12-01,9,EAST
MED-0532,2025-01-01,6,NORTH
MED-0532,2025-02-01,7,NORTH
MED-0532,2025-03-01,11,NORTH
MED-0532,2025-04-01,1,SOUTH
MED-0532,2025-05-01,4,NORTH
MED-0532,2025-06-01,6,CENTRAL
MED-0532,2025-07-01,6,EAST
MED-0532,2025-08-01,3,NORTH
MED-0532,2025-09-01,3,NORTH
MED-0532,2025-10-01,3,NORTH
MED-0532,2025-11-01,14,EAST
MED-0532,2025-12-01,6,NORTH
MED-0533,2023-07-01,12,NORTH
MED-0533,2023-08-01,4,SOUTH
MED-0533,2023-09-01,8,CENTRAL
MED-0533,2023-10-01,0,CENTRAL
MED-0533,2023-11-01,0,NORTH
MED-0533,2023-12-01,0,EAST
MED-0533,2024-01-01,0,SOUTH
MED-0533,2024-02-01,0,CENTRAL
MED-0533,2024-03-01,9,CENTRAL
MED-0533,2024-04-01,0,CENTRAL
MED-0533,2024-05-01,0,CENTRAL
MED-0533,2024-06-01,0,CENTRAL
MED-0533,2024-07-01,0,WEST
MED-0533,2024-08-01,9,CENTRAL
MED-0533,2024-09-01,0,CENTRAL
MED-0533,2024-10-01,0,SOUTH
MED-0533,2024-11-01,0,EAST
MED-0533,2024-12-01,7,CENTRAL
MED-0533,2025-01-01,0,CENTRAL
MED-0533,2025-02-01,0,CENTRAL
MED-0533,2025-03-01,0,CENTRAL
MED-0533,2025-04-01,8,NORTH
MED-0533,2025-05-01,0,SOUTH
MED-0533,2025-06-01,0,WEST
MED-0533,2025-07-01,0,CENTRAL
MED-0533,2025-08-01,0,CENTRAL
MED-0533,2025-09-01,0,CENTRAL
MED-0533,2025-10-01,0,EAST
MED-0533,2025-11-01,0,CENTRAL
MED-0533,2025-12-01,0,CENTRAL
MED-0534,2022-01-01,6,NORTH
MED-0534,2022-02-01,2,WEST
MED-0534,2022-03-01,5,WEST
MED-0534,2022-04-01,5,WEST
MED-0534,2022-05-01,4,WEST
MED-0534,2022-06-01,4,WEST
MED-0534,2022-07-01,4,WEST
MED-0534,2022-08-01,4,WEST
MED-0534,2022-09-01,7,WEST
MED-0534,2022-10-01,6,WEST
MED-0534,2022-11-01,35,WEST
MED-0534,2022-12-01,5,WEST
MED-0534,2023-01-01,5,WEST
MED-0534,2023-02-01,4,CENTRAL
MED-0534,2023-03-01,8,WEST
MED-0534,2023-04-01,5,WEST
MED-0534,2023-05-01,7,SOUTH
MED-0534,2023-06-01,6,WEST
MED-0534,2023-07-01,4,WEST
MED-0534,2023-08-01,7,WEST
MED-0534,2023-09-01,6,WEST
MED-0534,2023-10-01,11,WEST
MED-0534,2023-11-01,5,WEST
MED-0534,2023-12-01,3,EAST
MED-0534,2024-01-01,4,WEST
MED-0534,2024-02-01,6,WEST
MED-0534,2024-03-01,3,WEST
MED-0534,2024-04-01,9,SOUTH
MED-0534,2024-05-01,6,WEST
MED-0534,2024-06-01,13,EAST
MED-0534,2024-07-01,2,SOUTH
MED-0534,2024-08-01,3,WEST
MED-0534,2024-09-01,7,CENTRAL
MED-0534,2024-10-01,4,WEST
MED-0534,2024-11-01,5,WEST
MED-0534,2024-12-01,5,WEST
MED-0534,2025-01-01,2,WEST
MED-0534,2025-02-01,3,EAST
MED-0534,2025-03-01,4,WEST
MED-0534,2025-04-01,3,EAST
MED-0534,2025-05-01,5,WEST
MED-0534,2025-06-01,7,WEST
MED-0534,2025-07-01,3,SOUTH
MED-0534,2025-08-01,1,WEST
MED-0534,2025-09-01,5,WEST
MED-0534,2025-10-01,5,SOUTH
MED-0534,2025-11-01,6,WEST
MED-0534,2025-12-01,6,WEST
MED-0535,2022-01-01,5,NORTH
MED-0535,2022-02-01,6,NORTH
MED-0535,2022-03-01,0,NORTH
MED-0535,2022-04-01,3,NORTH
MED-0535,2022-05-01,2,NORTH
MED-0535,2022-06-01,4,NORTH
MED-0535,2022-07-01,5,NORTH
MED-0535,2022-08-01,3,NORTH
MED-0535,2022-09-01,7,NORTH
MED-0535,2022-10-01,3,NORTH
MED-0535,2022-11-01,5,NORTH
MED-0535,2022-12-01,7,NORTH
MED-0535,2023-01-01,12,NORTH
MED-0535,2023-02-01,8,NORTH
MED-0535,2023-03-01,5,WEST
MED-0535,2023-04-01,6,WEST
MED-0535,2023-05-01,3,NORTH
MED-0535,2023-06-01,2,NORTH
MED-0535,2023-07-01,3,SOUTH
MED-0535,2023-08-01,3,EAST
MED-0535,2023-09-01,2,NORTH
MED-0535,2023-10-01,6,NORTH
MED-0535,2023-11-01,6,NORTH
MED-0535,2023-12-01,5,NORTH
MED-0535,2024-01-01,3,NORTH
MED-0535,2024-02-01,6,NORTH
MED-0535,2024-03-01,4,NORTH
MED-0535,2024-04-01,5,NORTH
MED-0535,2024-05-01,6,NORTH
MED-0535,2024-06-01,4,NORTH
MED-0535,2024-07-01,3,NORTH
MED-0535,2024-08-01,17,NORTH
MED-0535,2024-09-01,6,NORTH
MED-0535,2024-10-01,3,SOUTH
MED-0535,2024-11-01,8,NORTH
MED-0535,2024-12-01,3,SOUTH
MED-0535,2025-01-01,1,NORTH
MED-0535,2025-02-01,5,NORTH
MED-0535,2025-03-01,14,NORTH
MED-0535,2025-04-01,11,NORTH
MED-0535,2025-05-01,3,WEST
MED-0535,2025-06-01,0,NORTH
MED-0535,2025-07-01,2,NORTH
MED-0535,2025-08-01,1,NORTH
MED-0535,2025-09-01,4,WEST
MED-0535,2025-10-01,10,NORTH
MED-0535,2025-11-01,7,NORTH
MED-0535,2025-12-01,5,CENTRAL
MED-0536,2022-01-01,0,EAST
MED-0536,2022-02-01,15,EAST
MED-0536,2022-03-01,0,EAST
MED-0536,2022-04-01,0,EAST
MED-0536,2022-05-01,0,EAST
MED-0536,2022-06-01,0,EAST
MED-0536,2022-07-01,0,WEST
MED-0536,2022-08-01,0,CENTRAL
MED-0536,2022-09-01,0,EAST
MED-0536,2022-10-01,0,EAST
MED-0536,2022-11-01,0,EAST
MED-0536,2022-12-01,0,EAST
MED-0536,2023-01-01,9,EAST
MED-0536,2023-02-01,0,EAST
MED-0536,2023-03-01,0,EAST
MED-0536,2023-04-01,0,WEST
MED-0536,2023-05-01,0,EAST
MED-0536,2023-06-01,0,SOUTH
MED-0536,2023-07-01,0,EAST
MED-0536,2023-08-01,20,CENTRAL
MED-0536,2023-09-01,0,EAST
MED-0536,2023-10-01,0,EAST
MED-0536,2023-11-01,0,EAST
MED-0536,2023-12-01,7,EAST
MED-0536,2024-01-01,0,EAST
MED-0536,2024-02-01,0,NORTH
MED-0536,2024-03-01,0,SOUTH
MED-0536,2024-04-01,0,EAST
MED-0536,2024-05-01,0,EAST
MED-0536,2024-06-01,0,EAST
MED-0536,2024-07-01,0,SOUTH
MED-0536,2024-08-01,0,SOUTH
MED-0536,2024-09-01,0,EAST
MED-0536,2024-10-01,0,EAST
MED-0536,2024-11-01,0,NORTH
MED-0536,2024-12-01,0,WEST
MED-0536,2025-01-01,0,NORTH
MED-0536,2025-02-01,0,EAST
MED-0536,2025-03-01,0,SOUTH
MED-0536,2025-04-01,0,EAST
MED-0536,2025-05-01,61,CENTRAL
MED-0536,2025-06-01,13,EAST
MED-0536,2025-07-01,0,EAST
MED-0536,2025-08-01,0,EAST
MED-0536,2025-09-01,0,CENTRAL
MED-0536,2025-10-01,0,EAST
MED-0536,2025-11-01,0,WEST
MED-0536,2025-12-01,0,EAST
MED-0537,2022-01-01,1,WEST
MED-0537,2022-02-01,4,WEST
MED-0537,2022-03-01,4,EAST
MED-0537,2022-04-01,3,SOUTH
MED-0537,2022-05-01,5,WEST
MED-0537,2022-06-01,7,WEST
MED-0537,2022-07-01,4,WEST
MED-0537,2022-08-01,3,WEST
MED-0537,2022-09-01,4,WEST
MED-0537,2022-10-01,5,WEST
MED-0537,2022-11-01,3,WEST
MED-0537,2022-12-01,1,EAST
MED-0537,2023-01-01,2,WEST
MED-0537,2023-02-01,3,WEST
MED-0537,2023-03-01,3,WEST
MED-0537,2023-04-01,0,WEST
MED-0537,2023-05-01,5,WEST
MED-0537,2023-06-01,7,NORTH
MED-0537,2023-07-01,1,SOUTH
MED-0537,2023-08-01,2,WEST
MED-0537,2023-09-01,21,WEST
MED-0537,2023-10-01,5,WEST
MED-0537,2023-11-01,2,WEST
MED-0537,2023-12-01,2,WEST
MED-0537,2024-01-01,2,WEST
MED-0537,2024-02-01,4,EAST
MED-0537,2024-03-01,3,WEST
MED-0537,2024-04-01,3,CENTRAL
MED-0537,2024-05-01,2,WEST
MED-0537,2024-06-01,5,WEST
MED-0537,2024-07-01,5,WEST
MED-0537,2024-08-01,5,NORTH
MED-0537,2024-09-01,3,WEST
MED-0537,2024-10-01,2,WEST
MED-0537,2024-11-01,2,CENTRAL
MED-0537,2024-12-01,3,WEST
MED-0537,2025-01-01,6,WEST
MED-0537,2025-02-01,3,SOUTH
MED-0537,2025-03-01,3,WEST
MED-0537,2025-04-01,3,WEST
MED-0537,2025-05-01,9,WEST
MED-0537,2025-06-01,5,SOUTH
MED-0537,2025-07-01,4,EAST
MED-0537,2025-08-01,4,WEST
MED-0537,2025-09-01,3,WEST
MED-0537,2025-10-01,4,CENTRAL
MED-0537,2025-11-01,2,EAST
MED-0537,2025-12-01,1,WEST
MED-0538,2023-07-01,13,WEST
MED-0538,2023-08-01,3,WEST
MED-0538,2023-09-01,7,WEST
MED-0538,2023-10-01,6,EAST
MED-0538,2023-11-01,7,WEST
MED-0538,2023-12-01,4,WEST
MED-0538,2024-01-01,5,WEST
MED-0538,2024-02-01,0,WEST
MED-0538,2024-03-01,0,WEST
MED-0538,2024-04-01,6,WEST
MED-0538,2024-05-01,3,WEST
MED-0538,2024-06-01,1,SOUTH
MED-0538,2024-07-01,5,EAST
MED-0538,2024-08-01,3,WEST
MED-0538,2024-09-01,9,NORTH
MED-0538,2024-10-01,7,WEST
MED-0538,2024-11-01,3,WEST
MED-0538,2024-12-01,6,WEST
MED-0538,2025-01-01,13,NORTH
MED-0538,2025-02-01,5,WEST
MED-0538,2025-03-01,9,WEST
MED-0538,2025-04-01,3,WEST
MED-0538,2025-05-01,16,EAST
MED-0538,2025-06-01,5,EAST
MED-0538,2025-07-01,3,WEST
MED-0538,2025-08-01,3,EAST
MED-0538,2025-09-01,3,WEST
MED-0538,2025-10-01,6,WEST
MED-0538,2025-11-01,2,CENTRAL
MED-0538,2025-12-01,11,WEST
MED-0539,2022-01-01,3,WEST
MED-0539,2022-02-01,5,WEST
MED-0539,2022-03-01,4,WEST
MED-0539,2022-04-01,3,CENTRAL
MED-0539,2022-05-01,6,WEST
MED-0539,2022-06-01,3,CENTRAL
MED-0539,2022-07-01,0,WEST
MED-0539,2022-08-01,6,WEST
MED-0539,2022-09-01,4,EAST
MED-0539,2022-10-01,0,WEST
MED-0539,2022-11-01,4,WEST
MED-0539,2022-12-01,5,WEST
MED-0539,2023-01-01,4,EAST
MED-0539,2023-02-01,5,WEST
MED-0539,2023-03-01,6,CENTRAL
MED-0539,2023-04-01,3,WEST
MED-0539,2023-05-01,5,EAST
MED-0539,2023-06-01,4,EAST
MED-0539,2023-07-01,4,EAST
MED-0539,2023-08-01,2,EAST
MED-0539,2023-09-01,1,EAST
MED-0539,2023-10-01,4,WEST
MED-0539,2023-11-01,1,EAST
MED-0539,2023-12-01,2,WEST
MED-0539,2024-01-01,3,WEST
MED-0539,2024-02-01,2,WEST
MED-0539,2024-03-01,2,WEST
MED-0539,2024-04-01,1,WEST
MED-0539,2024-05-01,1,WEST
MED-0539,2024-06-01,4,CENTRAL
MED-0539,2024-07-01,5,EAST
MED-0539,2024-08-01,3,WEST
MED-0539,2024-09-01,3,WEST
MED-0539,2024-10-01,4,WEST
MED-0539,2024-11-01,5,WEST
MED-0539,2024-12-01,5,EAST
MED-0539,2025-01-01,5,WEST
MED-0539,2025-02-01,2,WEST
MED-0539,2025-03-01,2,WEST
MED-0539,2025-04-01,4,NORTH
MED-0539,2025-05-01,2,WEST
MED-0539,2025-06-01,3,WEST
MED-0539,2025-07-01,5,WEST
MED-0539,2025-08-01,2,WEST
MED-0539,2025-09-01,3,WEST
MED-0539,2025-10-01,1,EAST
MED-0539,2025-11-01,5,WEST
MED-0539,2025-12-01,3,WEST
MED-0540,2022-01-01,0,CENTRAL
MED-0540,2022-02-01,0,CENTRAL
MED-0540,2022-03-01,5,CENTRAL
MED-0540,2022-04-01,5,CENTRAL
MED-0540,2022-05-01,8,CENTRAL
MED-0540,2022-06-01,0,NORTH
MED-0540,2022-07-01,0,CENTRAL
MED-0540,2022-08-01,2,CENTRAL
MED-0540,2022-09-01,0,CENTRAL
MED-0540,2022-10-01,0,NORTH
MED-0540,2022-11-01,0,CENTRAL
MED-0540,2022-12-01,0,NORTH
MED-0540,2023-01-01,0,NORTH
MED-0540,2023-02-01,0,CENTRAL
MED-0540,2023-03-01,22,WEST
MED-0540,2023-04-01,0,CENTRAL
MED-0540,2023-05-01,0,NORTH
MED-0540,2023-06-01,0,CENTRAL
MED-0540,2023-07-01,0,CENTRAL
MED-0540,2023-08-01,0,CENTRAL
MED-0540,2023-09-01,13,CENTRAL
MED-0540,2023-10-01,0,NORTH
MED-0540,2023-11-01,0,SOUTH
MED-0540,2023-12-01,2,CENTRAL
MED-0540,2024-01-01,4,CENTRAL
MED-0540,2024-02-01,0,CENTRAL
MED-0540,2024-03-01,5,EAST
MED-0540,2024-04-01,0,CENTRAL
MED-0540,2024-05-01,0,CENTRAL
MED-0540,2024-06-01,0,CENTRAL
MED-0540,2024-07-01,0,SOUTH
MED-0540,2024-08-01,0,WEST
MED-0540,2024-09-01,5,CENTRAL
MED-0540,2024-10-01,0,CENTRAL
MED-0540,2024-11-01,0,CENTRAL
MED-0540,2024-12-01,4,CENTRAL
MED-0540,2025-01-01,0,EAST
MED-0540,2025-02-01,2,CENTRAL
MED-0540,2025-03-01,0,CENTRAL
MED-0540,2025-04-01,0,CENTRAL
MED-0540,2025-05-01,0,CENTRAL
MED-0540,2025-06-01,7,CENTRAL
MED-0540,2025-07-01,1,CENTRAL
MED-0540,2025-08-01,5,CENTRAL
MED-0540,2025-09-01,0,CENTRAL
MED-0540,2025-10-01,0,CENTRAL
MED-0540,2025-11-01,0,CENTRAL
MED-0540,2025-12-01,0,NORTH
MED-0541,2022-01-01,3,SOUTH
MED-0541,2022-02-01,1,EAST
MED-0541,2022-03-01,6,CENTRAL
MED-0541,2022-04-01,2,CENTRAL
MED-0541,2022-05-01,5,CENTRAL
MED-0541,2022-06-01,5,CENTRAL
MED-0541,2022-07-01,7,NORTH
MED-0541,2022-08-01,2,CENTRAL
MED-0541,2022-09-01,8,SOUTH
MED-0541,2022-10-01,7,CENTRAL
MED-0541,2022-11-01,4,CENTRAL
MED-0541,2022-12-01,0,CENTRAL
MED-0541,2023-01-01,1,CENTRAL
MED-0541,2023-02-01,3,NORTH
MED-0541,2023-03-01,3,CENTRAL
MED-0541,2023-04-01,5,CENTRAL
MED-0541,2023-05-01,5,CENTRAL
MED-0541,2023-06-01,5,CENTRAL
MED-0541,2023-07-01,6,NORTH
MED-0541,2023-08-01,2,CENTRAL
MED-0541,2023-09-01,0,NORTH
MED-0541,2023-10-01,5,CENTRAL
MED-0541,2023-11-01,3,CENTRAL
MED-0541,2023-12-01,6,CENTRAL
MED-0541,2024-01-01,5,CENTRAL
MED-0541,2024-02-01,3,EAST
MED-0541,2024-03-01,7,CENTRAL
MED-0541,2024-04-01,4,CENTRAL
MED-0541,2024-05-01,5,CENTRAL
MED-0541,2024-06-01,7,CENTRAL
MED-0541,2024-07-01,5,WEST
MED-0541,2024-08-01,2,CENTRAL
MED-0541,2024-09-01,2,WEST
MED-0541,2024-10-01,4,NORTH
MED-0541,2024-11-01,2,CENTRAL
MED-0541,2024-12-01,2,CENTRAL
MED-0541,2025-01-01,1,SOUTH
MED-0541,2025-02-01,8,SOUTH
MED-0541,2025-03-01,3,CENTRAL
MED-0541,2025-04-01,4,CENTRAL
MED-0541,2025-05-01,4,CENTRAL
MED-0541,2025-06-01,4,CENTRAL
MED-0541,2025-07-01,6,CENTRAL
MED-0541,2025-08-01,4,WEST
MED-0541,2025-09-01,3,WEST
MED-0541,2025-10-01,2,WEST
MED-0541,2025-11-01,2,CENTRAL
MED-0541,2025-12-01,3,SOUTH
MED-0542,2022-07-01,5,CENTRAL
MED-0542,2022-08-01,2,CENTRAL
MED-0542,2022-09-01,3,CENTRAL
MED-0542,2022-10-01,5,CENTRAL
MED-0542,2022-11-01,3,CENTRAL
MED-0542,2022-12-01,3,CENTRAL
MED-0542,2023-01-01,4,SOUTH
MED-0542,2023-02-01,3,CENTRAL
MED-0542,2023-03-01,5,CENTRAL
MED-0542,2023-04-01,2,CENTRAL
MED-0542,2023-05-01,4,CENTRAL
MED-0542,2023-06-01,4,CENTRAL
MED-0542,2023-07-01,2,EAST
MED-0542,2023-08-01,0,CENTRAL
MED-0542,2023-09-01,4,NORTH
MED-0542,2023-10-01,1,WEST
MED-0542,2023-11-01,6,CENTRAL
MED-0542,2023-12-01,6,NORTH
MED-0542,2024-01-01,5,CENTRAL
MED-0542,2024-02-01,5,CENTRAL
MED-0542,2024-03-01,9,CENTRAL
MED-0542,2024-04-01,5,WEST
MED-0542,2024-05-01,3,WEST
MED-0542,2024-06-01,5,CENTRAL
MED-0542,2024-07-01,6,CENTRAL
MED-0542,2024-08-01,1,NORTH
MED-0542,2024-09-01,3,EAST
MED-0542,2024-10-01,2,CENTRAL
MED-0542,2024-11-01,2,CENTRAL
MED-0542,2024-12-01,4,CENTRAL
MED-0542,2025-01-01,1,CENTRAL
MED-0542,2025-02-01,7,CENTRAL
MED-0542,2025-03-01,5,EAST
MED-0542,2025-04-01,5,CENTRAL
MED-0542,2025-05-01,4,CENTRAL
MED-0542,2025-06-01,6,CENTRAL
MED-0542,2025-07-01,2,EAST
MED-0542,2025-08-01,2,SOUTH
MED-0542,2025-09-01,2,CENTRAL
MED-0542,2025-10-01,6,EAST
MED-0542,2025-11-01,2,CENTRAL
MED-0542,2025-12-01,5,CENTRAL
MED-0543,2023-01-01,0,SOUTH
MED-0543,2023-02-01,0,SOUTH
MED-0543,2023-03-01,0,CENTRAL
MED-0543,2023-04-01,0,WEST
MED-0543,2023-05-01,0,SOUTH
MED-0543,2023-06-01,0,SOUTH
MED-0543,2023-07-01,0,EAST
MED-0543,2023-08-01,0,SOUTH
MED-0543,2023-09-01,0,SOUTH
MED-0543,2023-10-01,0,EAST
MED-0543,2023-11-01,12,EAST
MED-0543,2023-12-01,0,NORTH
MED-0543,2024-01-01,0,SOUTH
MED-0543,2024-02-01,0,SOUTH
MED-0543,2024-03-01,0,NORTH
MED-0543,2024-04-01,22,WEST
MED-0543,2024-05-01,0,EAST
MED-0543,2024-06-01,0,SOUTH
MED-0543,2024-07-01,14,SOUTH
MED-0543,2024-08-01,0,EAST
MED-0543,2024-09-01,13,EAST
MED-0543,2024-10-01,0,SOUTH
MED-0543,2024-11-01,0,NORTH
MED-0543,2024-12-01,0,WEST
MED-0543,2025-01-01,0,SOUTH
MED-0543,2025-02-01,0,SOUTH
MED-0543,2025-03-01,0,SOUTH
MED-0543,2025-04-01,0,WEST
MED-0543,2025-05-01,0,SOUTH
MED-0543,2025-06-01,6,NORTH
MED-0543,2025-07-01,0,SOUTH
MED-0543,2025-08-01,0,SOUTH
MED-0543,2025-09-01,0,SOUTH
MED-0543,2025-10-01,0,WEST
MED-0543,2025-11-01,0,SOUTH
MED-0543,2025-12-01,0,SOUTH
MED-0544,2023-01-01,2,CENTRAL
MED-0544,2023-02-01,4,CENTRAL
MED-0544,2023-03-01,4,CENTRAL
MED-0544,2023-04-01,4,CENTRAL
MED-0544,2023-05-01,5,CENTRAL
MED-0544,2023-06-01,6,CENTRAL
MED-0544,2023-07-01,5,CENTRAL
MED-0544,2023-08-01,1,EAST
MED-0544,2023-09-01,10,CENTRAL
MED-0544,2023-10-01,7,WEST
MED-0544,2023-11-01,0,CENTRAL
MED-0544,2023-12-01,4,NORTH
MED-0544,2024-01-01,7,CENTRAL
MED-0544,2024-02-01,9,CENTRAL
MED-0544,2024-03-01,7,SOUTH
MED-0544,2024-04-01,4,CENTRAL
MED-0544,2024-05-01,4,CENTRAL
MED-0544,2024-06-01,3,CENTRAL
MED-0544,2024-07-01,7,CENTRAL
MED-0544,2024-08-01,5,CENTRAL
MED-0544,2024-09-01,5,CENTRAL
MED-0544,2024-10-01,3,CENTRAL
MED-0544,2024-11-01,3,CENTRAL
MED-0544,2024-12-01,4,WEST
MED-0544,2025-01-01,1,CENTRAL
MED-0544,2025-02-01,4,CENTRAL
MED-0544,2025-03-01,0,CENTRAL
MED-0544,2025-04-01,2,SOUTH
MED-0544,2025-05-01,1,SOUTH
MED-0544,2025-06-01,2,CENTRAL
MED-0544,2025-07-01,1,CENTRAL
MED-0544,2025-08-01,4,NORTH
MED-0544,2025-09-01,1,EAST
MED-0544,2025-10-01,5,CENTRAL
MED-0544,2025-11-01,5,CENTRAL
MED-0544,2025-12-01,0,CENTRAL
MED-0545,2024-01-01,0,EAST
MED-0545,2024-02-01,4,EAST
MED-0545,2024-03-01,4,EAST
MED-0545,2024-04-01,2,EAST
MED-0545,2024-05-01,0,EAST
MED-0545,2024-06-01,15,EAST
MED-0545,2024-07-01,8,EAST
MED-0545,2024-08-01,5,EAST
MED-0545,2024-09-01,12,EAST
MED-0545,2024-10-01,6,EAST
MED-0545,2024-11-01,4,SOUTH
MED-0545,2024-12-01,2,EAST
MED-0545,2025-01-01,7,EAST
MED-0545,2025-02-01,5,EAST
MED-0545,2025-03-01,1,NORTH
MED-0545,2025-04-01,0,EAST
MED-0545,2025-05-01,8,CENTRAL
MED-0545,2025-06-01,6,EAST
MED-0545,2025-07-01,5,EAST
MED-0545,2025-08-01,3,EAST
MED-0545,2025-09-01,5,EAST
MED-0545,2025-10-01,2,EAST
MED-0545,2025-11-01,7,EAST
MED-0545,2025-12-01,3,WEST
MED-0546,2022-01-01,0,WEST
MED-0546,2022-02-01,0,SOUTH
MED-0546,2022-03-01,0,WEST
MED-0546,2022-04-01,0,WEST
MED-0546,2022-05-01,0,WEST
MED-0546,2022-06-01,0,NORTH
MED-0546,2022-07-01,0,WEST
MED-0546,2022-08-01,0,WEST
MED-0546,2022-09-01,0,NORTH
MED-0546,2022-10-01,2,CENTRAL
MED-0546,2022-11-01,0,WEST
MED-0546,2022-12-01,0,WEST
MED-0546,2023-01-01,0,WEST
MED-0546,2023-02-01,0,NORTH
MED-0546,2023-03-01,0,CENTRAL
MED-0546,2023-04-01,0,EAST
MED-0546,2023-05-01,0,WEST
MED-0546,2023-06-01,0,WEST
MED-0546,2023-07-01,0,WEST
MED-0546,2023-08-01,0,WEST
MED-0546,2023-09-01,13,SOUTH
MED-0546,2023-10-01,5,WEST
MED-0546,2023-11-01,0,WEST
MED-0546,2023-12-01,0,WEST
MED-0546,2024-01-01,0,WEST
MED-0546,2024-02-01,7,WEST
MED-0546,2024-03-01,0,WEST
MED-0546,2024-04-01,0,EAST
MED-0546,2024-05-01,0,SOUTH
MED-0546,2024-06-01,0,WEST
MED-0546,2024-07-01,0,WEST
MED-0546,2024-08-01,0,WEST
MED-0546,2024-09-01,0,WEST
MED-0546,2024-10-01,14,CENTRAL
MED-0546,2024-11-01,0,WEST
MED-0546,2024-12-01,3,EAST
MED-0546,2025-01-01,0,WEST
MED-0546,2025-02-01,7,WEST
MED-0546,2025-03-01,0,WEST
MED-0546,2025-04-01,0,WEST
MED-0546,2025-05-01,0,WEST
MED-0546,2025-06-01,0,WEST
MED-0546,2025-07-01,0,SOUTH
MED-0546,2025-08-01,0,CENTRAL
MED-0546,2025-09-01,21,WEST
MED-0546,2025-10-01,6,EAST
MED-0546,2025-11-01,0,WEST
MED-0546,2025-12-01,0,WEST
MED-0547,2022-01-01,20,WEST
MED-0547,2022-02-01,2,WEST
MED-0547,2022-03-01,6,WEST
MED-0547,2022-04-01,4,WEST
MED-0547,2022-05-01,8,WEST
MED-0547,2022-06-01,5,WEST
MED-0547,2022-07-01,3,WEST
MED-0547,2022-08-01,11,WEST
MED-0547,2022-09-01,2,SOUTH
MED-0547,2022-10-01,3,WEST
MED-0547,2022-11-01,4,WEST
MED-0547,2022-12-01,7,WEST
MED-0547,2023-01-01,3,SOUTH
MED-0547,2023-02-01,5,CENTRAL
MED-0547,2023-03-01,3,WEST
MED-0547,2023-04-01,5,WEST
MED-0547,2023-05-01,0,WEST
MED-0547,2023-06-01,0,NORTH
MED-0547,2023-07-01,10,WEST
MED-0547,2023-08-01,2,WEST
MED-0547,2023-09-01,8,WEST
MED-0547,2023-10-01,3,WEST
MED-0547,2023-11-01,4,WEST
MED-0547,2023-12-01,5,NORTH
MED-0547,2024-01-01,13,WEST
MED-0547,2024-02-01,15,WEST
MED-0547,2024-03-01,3,CENTRAL
MED-0547,2024-04-01,8,WEST
MED-0547,2024-05-01,9,WEST
MED-0547,2024-06-01,2,WEST
MED-0547,2024-07-01,5,WEST
MED-0547,2024-08-01,5,WEST
MED-0547,2024-09-01,3,WEST
MED-0547,2024-10-01,5,WEST
MED-0547,2024-11-01,9,WEST
MED-0547,2024-12-01,3,NORTH
MED-0547,2025-01-01,3,WEST
MED-0547,2025-02-01,12,CENTRAL
MED-0547,2025-03-01,7,EAST
MED-0547,2025-04-01,16,WEST
MED-0547,2025-05-01,7,WEST
MED-0547,2025-06-01,10,WEST
MED-0547,2025-07-01,2,WEST
MED-0547,2025-08-01,0,WEST
MED-0547,2025-09-01,9,SOUTH
MED-0547,2025-10-01,4,WEST
MED-0547,2025-11-01,5,WEST
MED-0547,2025-12-01,6,WEST
MED-0548,2022-07-01,2,SOUTH
MED-0548,2022-08-01,0,SOUTH
MED-0548,2022-09-01,0,WEST
MED-0548,2022-10-01,0,SOUTH
MED-0548,2022-11-01,0,EAST
MED-0548,2022-12-01,7,WEST
MED-0548,2023-01-01,0,EAST
MED-0548,2023-02-01,0,EAST
MED-0548,2023-03-01,0,EAST
MED-0548,2023-04-01,5,CENTRAL
MED-0548,2023-05-01,0,CENTRAL
MED-0548,2023-06-01,0,EAST
MED-0548,2023-07-01,0,EAST
MED-0548,2023-08-01,0,SOUTH
MED-0548,2023-09-01,0,EAST
MED-0548,2023-10-01,0,EAST
MED-0548,2023-11-01,0,EAST
MED-0548,2023-12-01,3,SOUTH
MED-0548,2024-01-01,4,EAST
MED-0548,2024-02-01,4,EAST
MED-0548,2024-03-01,8,EAST
MED-0548,2024-04-01,0,EAST
MED-0548,2024-05-01,0,EAST
MED-0548,2024-06-01,0,EAST
MED-0548,2024-07-01,0,EAST
MED-0548,2024-08-01,6,EAST
MED-0548,2024-09-01,0,EAST
MED-0548,2024-10-01,0,SOUTH
MED-0548,2024-11-01,1,EAST
MED-0548,2024-12-01,4,EAST
MED-0548,2025-01-01,0,SOUTH
MED-0548,2025-02-01,4,EAST
MED-0548,2025-03-01,0,EAST
MED-0548,2025-04-01,0,EAST
MED-0548,2025-05-01,4,EAST
MED-0548,2025-06-01,0,EAST
MED-0548,2025-07-01,0,WEST
MED-0548,2025-08-01,0,WEST
MED-0548,2025-09-01,0,EAST
MED-0548,2025-10-01,6,EAST
MED-0548,2025-11-01,4,EAST
MED-0548,2025-12-01,0,NORTH
MED-0549,2022-01-01,18,NORTH
MED-0549,2022-02-01,0,NORTH
MED-0549,2022-03-01,0,EAST
MED-0549,2022-04-01,0,SOUTH
MED-0549,2022-05-01,0,SOUTH
MED-0549,2022-06-01,0,SOUTH
MED-0549,2022-07-01,0,SOUTH
MED-0549,2022-08-01,0,WEST
MED-0549,2022-09-01,0,NORTH
MED-0549,2022-10-01,0,SOUTH
MED-0549,2022-11-01,0,SOUTH
MED-0549,2022-12-01,0,SOUTH
MED-0549,2023-01-01,44,SOUTH
MED-0549,2023-02-01,0,SOUTH
MED-0549,2023-03-01,0,NORTH
MED-0549,2023-04-01,0,EAST
MED-0549,2023-05-01,18,SOUTH
MED-0549,2023-06-01,0,SOUTH
MED-0549,2023-07-01,19,SOUTH
MED-0549,2023-08-01,0,SOUTH
MED-0549,2023-09-01,0,SOUTH
MED-0549,2023-10-01,0,SOUTH
MED-0549,2023-11-01,0,SOUTH
MED-0549,2023-12-01,0,SOUTH
MED-0549,2024-01-01,0,SOUTH
MED-0549,2024-02-01,0,NORTH
MED-0549,2024-03-01,81,SOUTH
MED-0549,2024-04-01,0,SOUTH
MED-0549,2024-05-01,0,EAST
MED-0549,2024-06-01,0,CENTRAL
MED-0549,2024-07-01,0,SOUTH
MED-0549,2024-08-01,0,SOUTH
MED-0549,2024-09-01,0,CENTRAL
MED-0549,2024-10-01,5,SOUTH
MED-0549,2024-11-01,0,SOUTH
MED-0549,2024-12-01,0,SOUTH
MED-0549,2025-01-01,0,SOUTH
MED-0549,2025-02-01,0,SOUTH
MED-0549,2025-03-01,0,SOUTH
MED-0549,2025-04-01,0,NORTH
MED-0549,2025-05-01,10,SOUTH
MED-0549,2025-06-01,0,SOUTH
MED-0549,2025-07-01,0,SOUTH
MED-0549,2025-08-01,0,SOUTH
MED-0549,2025-09-01,0,SOUTH
MED-0549,2025-10-01,0,SOUTH
MED-0549,2025-11-01,0,WEST
MED-0549,2025-12-01,10,SOUTH
MED-0550,2024-07-01,0,CENTRAL
MED-0550,2024-08-01,0,WEST
MED-0550,2024-09-01,0,CENTRAL
MED-0550,2024-10-01,0,CENTRAL
MED-0550,2024-11-01,0,CENTRAL
MED-0550,2024-12-01,10,CENTRAL
MED-0550,2025-01-01,0,CENTRAL
MED-0550,2025-02-01,0,CENTRAL
MED-0550,2025-03-01,0,CENTRAL
MED-0550,2025-04-01,0,CENTRAL
MED-0550,2025-05-01,0,SOUTH
MED-0550,2025-06-01,0,NORTH
MED-0550,2025-07-01,8,CENTRAL
MED-0550,2025-08-01,0,CENTRAL
MED-0550,2025-09-01,0,CENTRAL
MED-0550,2025-10-01,0,CENTRAL
MED-0550,2025-11-01,0,CENTRAL
MED-0550,2025-12-01,9,SOUTH
MED-0551,2022-01-01,4,NORTH
MED-0551,2022-02-01,5,EAST
MED-0551,2022-03-01,2,NORTH
MED-0551,2022-04-01,7,NORTH
MED-0551,2022-05-01,8,NORTH
MED-0551,2022-06-01,4,SOUTH
MED-0551,2022-07-01,0,NORTH
MED-0551,2022-08-01,7,NORTH
MED-0551,2022-09-01,7,NORTH
MED-0551,2022-10-01,0,NORTH
MED-0551,2022-11-01,4,WEST
MED-0551,2022-12-01,6,EAST
MED-0551,2023-01-01,0,NORTH
MED-0551,2023-02-01,0,NORTH
MED-0551,2023-03-01,0,WEST
MED-0551,2023-04-01,0,EAST
MED-0551,2023-05-01,5,NORTH
MED-0551,2023-06-01,0,WEST
MED-0551,2023-07-01,0,EAST
MED-0551,2023-08-01,4,NORTH
MED-0551,2023-09-01,0,CENTRAL
MED-0551,2023-10-01,9,NORTH
MED-0551,2023-11-01,0,CENTRAL
MED-0551,2023-12-01,0,WEST
MED-0551,2024-01-01,0,NORTH
MED-0551,2024-02-01,0,NORTH
MED-0551,2024-03-01,0,NORTH
MED-0551,2024-04-01,6,NORTH
MED-0551,2024-05-01,0,EAST
MED-0551,2024-06-01,0,EAST
MED-0551,2024-07-01,0,NORTH
MED-0551,2024-08-01,0,SOUTH
MED-0551,2024-09-01,6,NORTH
MED-0551,2024-10-01,7,NORTH
MED-0551,2024-11-01,0,NORTH
MED-0551,2024-12-01,6,NORTH
MED-0551,2025-01-01,0,NORTH
MED-0551,2025-02-01,0,NORTH
MED-0551,2025-03-01,6,NORTH
MED-0551,2025-04-01,0,NORTH
MED-0551,2025-05-01,9,NORTH
MED-0551,2025-06-01,8,NORTH
MED-0551,2025-07-01,0,NORTH
MED-0551,2025-08-01,0,WEST
MED-0551,2025-09-01,0,NORTH
MED-0551,2025-10-01,0,NORTH
MED-0551,2025-11-01,0,CENTRAL
MED-0551,2025-12-01,0,NORTH
MED-0552,2022-01-01,0,SOUTH
MED-0552,2022-02-01,0,SOUTH
MED-0552,2022-03-01,2,SOUTH
MED-0552,2022-04-01,0,SOUTH
MED-0552,2022-05-01,12,NORTH
MED-0552,2022-06-01,0,SOUTH
MED-0552,2022-07-01,0,SOUTH
MED-0552,2022-08-01,0,SOUTH
MED-0552,2022-09-01,0,SOUTH
MED-0552,2022-10-01,0,SOUTH
MED-0552,2022-11-01,0,NORTH
MED-0552,2022-12-01,2,SOUTH
MED-0552,2023-01-01,0,SOUTH
MED-0552,2023-02-01,0,EAST
MED-0552,2023-03-01,0,CENTRAL
MED-0552,2023-04-01,0,CENTRAL
MED-0552,2023-05-01,0,SOUTH
MED-0552,2023-06-01,0,SOUTH
MED-0552,2023-07-01,3,CENTRAL
MED-0552,2023-08-01,0,SOUTH
MED-0552,2023-09-01,2,SOUTH
MED-0552,2023-10-01,0,SOUTH
MED-0552,2023-11-01,4,SOUTH
MED-0552,2023-12-01,0,NORTH
MED-0552,2024-01-01,0,SOUTH
MED-0552,2024-02-01,2,SOUTH
MED-0552,2024-03-01,2,SOUTH
MED-0552,2024-04-01,0,SOUTH
MED-0552,2024-05-01,0,CENTRAL
MED-0552,2024-06-01,0,SOUTH
MED-0552,2024-07-01,0,NORTH
MED-0552,2024-08-01,0,SOUTH
MED-0552,2024-09-01,0,SOUTH
MED-0552,2024-10-01,0,EAST
MED-0552,2024-11-01,2,WEST
MED-0552,2024-12-01,0,SOUTH
MED-0552,2025-01-01,6,SOUTH
MED-0552,2025-02-01,0,SOUTH
MED-0552,2025-03-01,0,NORTH
MED-0552,2025-04-01,4,SOUTH
MED-0552,2025-05-01,2,SOUTH
MED-0552,2025-06-01,5,SOUTH
MED-0552,2025-07-01,0,SOUTH
MED-0552,2025-08-01,0,WEST
MED-0552,2025-09-01,0,WEST
MED-0552,2025-10-01,4,SOUTH
MED-0552,2025-11-01,0,SOUTH
MED-0552,2025-12-01,0,SOUTH
MED-0553,2024-01-01,13,CENTRAL
MED-0553,2024-02-01,0,CENTRAL
MED-0553,2024-03-01,0,EAST
MED-0553,2024-04-01,0,CENTRAL
MED-0553,2024-05-01,0,CENTRAL
MED-0553,2024-06-01,0,CENTRAL
MED-0553,2024-07-01,0,CENTRAL
MED-0553,2024-08-01,9,CENTRAL
MED-0553,2024-09-01,0,CENTRAL
MED-0553,2024-10-01,0,CENTRAL
MED-0553,2024-11-01,0,EAST
MED-0553,2024-12-01,0,CENTRAL
MED-0553,2025-01-01,0,CENTRAL
MED-0553,2025-02-01,0,CENTRAL
MED-0553,2025-03-01,0,CENTRAL
MED-0553,2025-04-01,0,NORTH
MED-0553,2025-05-01,31,CENTRAL
MED-0553,2025-06-01,0,CENTRAL
MED-0553,2025-07-01,0,CENTRAL
MED-0553,2025-08-01,15,CENTRAL
MED-0553,2025-09-01,0,CENTRAL
MED-0553,2025-10-01,0,CENTRAL
MED-0553,2025-11-01,0,CENTRAL
MED-0553,2025-12-01,16,CENTRAL
MED-0554,2023-01-01,5,WEST
MED-0554,2023-02-01,2,WEST
MED-0554,2023-03-01,4,WEST
MED-0554,2023-04-01,6,WEST
MED-0554,2023-05-01,5,EAST
MED-0554,2023-06-01,7,WEST
MED-0554,2023-07-01,6,WEST
MED-0554,2023-08-01,1,WEST
MED-0554,2023-09-01,2,WEST
MED-0554,2023-10-01,4,CENTRAL
MED-0554,2023-11-01,7,WEST
MED-0554,2023-12-01,6,WEST
MED-0554,2024-01-01,3,WEST
MED-0554,2024-02-01,3,CENTRAL
MED-0554,2024-03-01,5,NORTH
MED-0554,2024-04-01,1,WEST
MED-0554,2024-05-01,4,WEST
MED-0554,2024-06-01,4,WEST
MED-0554,2024-07-01,7,WEST
MED-0554,2024-08-01,4,WEST
MED-0554,2024-09-01,2,WEST
MED-0554,2024-10-01,3,WEST
MED-0554,2024-11-01,3,WEST
MED-0554,2024-12-01,1,WEST
MED-0554,2025-01-01,3,WEST
MED-0554,2025-02-01,1,SOUTH
MED-0554,2025-03-01,2,WEST
MED-0554,2025-04-01,7,WEST
MED-0554,2025-05-01,2,WEST
MED-0554,2025-06-01,1,WEST
MED-0554,2025-07-01,3,WEST
MED-0554,2025-08-01,5,WEST
MED-0554,2025-09-01,1,WEST
MED-0554,2025-10-01,4,CENTRAL
MED-0554,2025-11-01,6,WEST
MED-0554,2025-12-01,4,WEST
MED-0555,2022-07-01,0,EAST
MED-0555,2022-08-01,0,EAST
MED-0555,2022-09-01,0,EAST
MED-0555,2022-10-01,0,WEST
MED-0555,2022-11-01,5,EAST
MED-0555,2022-12-01,0,EAST
MED-0555,2023-01-01,5,EAST
MED-0555,2023-02-01,0,EAST
MED-0555,2023-03-01,0,EAST
MED-0555,2023-04-01,3,EAST
MED-0555,2023-05-01,0,NORTH
MED-0555,2023-06-01,0,EAST
MED-0555,2023-07-01,0,WEST
MED-0555,2023-08-01,0,EAST
MED-0555,2023-09-01,10,EAST
MED-0555,2023-10-01,0,EAST
MED-0555,2023-11-01,0,CENTRAL
MED-0555,2023-12-01,5,EAST
MED-0555,2024-01-01,0,SOUTH
MED-0555,2024-02-01,0,EAST
MED-0555,2024-03-01,0,NORTH
MED-0555,2024-04-01,0,WEST
MED-0555,2024-05-01,6,WEST
MED-0555,2024-06-01,0,EAST
MED-0555,2024-07-01,6,WEST
MED-0555,2024-08-01,0,EAST
MED-0555,2024-09-01,0,EAST
MED-0555,2024-10-01,0,EAST
MED-0555,2024-11-01,0,EAST
MED-0555,2024-12-01,4,EAST
MED-0555,2025-01-01,5,EAST
MED-0555,2025-02-01,0,EAST
MED-0555,2025-03-01,7,EAST
MED-0555,2025-04-01,0,EAST
MED-0555,2025-05-01,0,SOUTH
MED-0555,2025-06-01,0,SOUTH
MED-0555,2025-07-01,0,EAST
MED-0555,2025-08-01,0,EAST
MED-0555,2025-09-01,0,CENTRAL
MED-0555,2025-10-01,4,SOUTH
MED-0555,2025-11-01,0,EAST
MED-0555,2025-12-01,5,EAST
MED-0556,2023-07-01,0,CENTRAL
MED-0556,2023-08-01,0,WEST
MED-0556,2023-09-01,0,WEST
MED-0556,2023-10-01,0,CENTRAL
MED-0556,2023-11-01,0,WEST
MED-0556,2023-12-01,0,WEST
MED-0556,2024-01-01,0,WEST
MED-0556,2024-02-01,18,WEST
MED-0556,2024-03-01,12,WEST
MED-0556,2024-04-01,12,WEST
MED-0556,2024-05-01,0,CENTRAL
MED-0556,2024-06-01,21,WEST
MED-0556,2024-07-01,0,WEST
MED-0556,2024-08-01,0,NORTH
MED-0556,2024-09-01,14,WEST
MED-0556,2024-10-01,0,WEST
MED-0556,2024-11-01,0,WEST
MED-0556,2024-12-01,0,CENTRAL
MED-0556,2025-01-01,0,WEST
MED-0556,2025-02-01,11,WEST
MED-0556,2025-03-01,20,EAST
MED-0556,2025-04-01,0,WEST
MED-0556,2025-05-01,0,WEST
MED-0556,2025-06-01,0,EAST
MED-0556,2025-07-01,0,WEST
MED-0556,2025-08-01,13,WEST
MED-0556,2025-09-01,0,EAST
MED-0556,2025-10-01,0,WEST
MED-0556,2025-11-01,15,WEST
MED-0556,2025-12-01,0,WEST
MED-0557,2023-07-01,0,WEST
MED-0557,2023-08-01,0,WEST
MED-0557,2023-09-01,0,WEST
MED-0557,2023-10-01,0,WEST
MED-0557,2023-11-01,18,WEST
MED-0557,2023-12-01,20,SOUTH
MED-0557,2024-01-01,0,WEST
MED-0557,2024-02-01,0,WEST
MED-0557,2024-03-01,0,NORTH
MED-0557,2024-04-01,0,NORTH
MED-0557,2024-05-01,0,WEST
MED-0557,2024-06-01,0,SOUTH
MED-0557,2024-07-01,0,WEST
MED-0557,2024-08-01,0,EAST
MED-0557,2024-09-01,0,NORTH
MED-0557,2024-10-01,0,WEST
MED-0557,2024-11-01,0,SOUTH
MED-0557,2024-12-01,0,CENTRAL
MED-0557,2025-01-01,0,WEST
MED-0557,2025-02-01,8,WEST
MED-0557,2025-03-01,9,SOUTH
MED-0557,2025-04-01,0,WEST
MED-0557,2025-05-01,0,WEST
MED-0557,2025-06-01,5,WEST
MED-0557,2025-07-01,6,WEST
MED-0557,2025-08-01,0,WEST
MED-0557,2025-09-01,0,WEST
MED-0557,2025-10-01,0,WEST
MED-0557,2025-11-01,18,NORTH
MED-0557,2025-12-01,9,WEST
MED-0558,2022-01-01,1,WEST
MED-0558,2022-02-01,3,WEST
MED-0558,2022-03-01,10,SOUTH
MED-0558,2022-04-01,3,NORTH
MED-0558,2022-05-01,4,WEST
MED-0558,2022-06-01,5,WEST
MED-0558,2022-07-01,1,NORTH
MED-0558,2022-08-01,3,WEST
MED-0558,2022-09-01,5,WEST
MED-0558,2022-10-01,5,WEST
MED-0558,2022-11-01,3,NORTH
MED-0558,2022-12-01,4,WEST
MED-0558,2023-01-01,2,WEST
MED-0558,2023-02-01,1,CENTRAL
MED-0558,2023-03-01,8,SOUTH
MED-0558,2023-04-01,2,WEST
MED-0558,2023-05-01,5,CENTRAL
MED-0558,2023-06-01,2,WEST
MED-0558,2023-07-01,1,WEST
MED-0558,2023-08-01,1,WEST
MED-0558,2023-09-01,12,WEST
MED-0558,2023-10-01,3,WEST
MED-0558,2023-11-01,6,WEST
MED-0558,2023-12-01,5,WEST
MED-0558,2024-01-01,1,WEST
MED-0558,2024-02-01,2,WEST
MED-0558,2024-03-01,3,WEST
MED-0558,2024-04-01,2,WEST
MED-0558,2024-05-01,6,WEST
MED-0558,2024-06-01,0,WEST
MED-0558,2024-07-01,1,WEST
MED-0558,2024-08-01,4,CENTRAL
MED-0558,2024-09-01,4,NORTH
MED-0558,2024-10-01,1,WEST
MED-0558,2024-11-01,1,WEST
MED-0558,2024-12-01,2,CENTRAL
MED-0558,2025-01-01,3,EAST
MED-0558,2025-02-01,5,WEST
MED-0558,2025-03-01,3,WEST
MED-0558,2025-04-01,1,EAST
MED-0558,2025-05-01,9,WEST
MED-0558,2025-06-01,2,WEST
MED-0558,2025-07-01,3,WEST
MED-0558,2025-08-01,5,WEST
MED-0558,2025-09-01,4,WEST
MED-0558,2025-10-01,3,CENTRAL
MED-0558,2025-11-01,5,WEST
MED-0558,2025-12-01,4,WEST
MED-0559,2024-07-01,5,SOUTH
MED-0559,2024-08-01,3,SOUTH
MED-0559,2024-09-01,3,NORTH
MED-0559,2024-10-01,6,NORTH
MED-0559,2024-11-01,6,NORTH
MED-0559,2024-12-01,6,EAST
MED-0559,2025-01-01,5,CENTRAL
MED-0559,2025-02-01,1,NORTH
MED-0559,2025-03-01,5,NORTH
MED-0559,2025-04-01,0,NORTH
MED-0559,2025-05-01,3,SOUTH
MED-0559,2025-06-01,3,NORTH
MED-0559,2025-07-01,6,NORTH
MED-0559,2025-08-01,2,NORTH
MED-0559,2025-09-01,1,WEST
MED-0559,2025-10-01,1,NORTH
MED-0559,2025-11-01,5,NORTH
MED-0559,2025-12-01,1,NORTH
MED-0560,2024-07-01,0,CENTRAL
MED-0560,2024-08-01,2,EAST
MED-0560,2024-09-01,0,WEST
MED-0560,2024-10-01,0,WEST
MED-0560,2024-11-01,1,WEST
MED-0560,2024-12-01,0,EAST
MED-0560,2025-01-01,0,EAST
MED-0560,2025-02-01,0,NORTH
MED-0560,2025-03-01,0,EAST
MED-0560,2025-04-01,0,EAST
MED-0560,2025-05-01,0,EAST
MED-0560,2025-06-01,0,EAST
MED-0560,2025-07-01,6,EAST
MED-0560,2025-08-01,0,EAST
MED-0560,2025-09-01,0,EAST
MED-0560,2025-10-01,0,EAST
MED-0560,2025-11-01,0,EAST
MED-0560,2025-12-01,0,EAST
MED-0561,2022-01-01,4,WEST
MED-0561,2022-02-01,1,NORTH
MED-0561,2022-03-01,4,NORTH
MED-0561,2022-04-01,11,EAST
MED-0561,2022-05-01,5,NORTH
MED-0561,2022-06-01,6,CENTRAL
MED-0561,2022-07-01,5,WEST
MED-0561,2022-08-01,10,NORTH
MED-0561,2022-09-01,3,NORTH
MED-0561,2022-10-01,5,NORTH
MED-0561,2022-11-01,8,NORTH
MED-0561,2022-12-01,5,NORTH
MED-0561,2023-01-01,4,NORTH
MED-0561,2023-02-01,4,NORTH
MED-0561,2023-03-01,3,NORTH
MED-0561,2023-04-01,7,NORTH
MED-0561,2023-05-01,7,NORTH
MED-0561,2023-06-01,5,NORTH
MED-0561,2023-07-01,0,NORTH
MED-0561,2023-08-01,1,NORTH
MED-0561,2023-09-01,5,WEST
MED-0561,2023-10-01,4,WEST
MED-0561,2023-11-01,1,NORTH
MED-0561,2023-12-01,5,CENTRAL
MED-0561,2024-01-01,10,NORTH
MED-0561,2024-02-01,12,WEST
MED-0561,2024-03-01,9,NORTH
MED-0561,2024-04-01,8,WEST
MED-0561,2024-05-01,24,NORTH
MED-0561,2024-06-01,3,NORTH
MED-0561,2024-07-01,5,NORTH
MED-0561,2024-08-01,10,SOUTH
MED-0561,2024-09-01,8,CENTRAL
MED-0561,2024-10-01,9,NORTH
MED-0561,2024-11-01,0,NORTH
MED-0561,2024-12-01,8,CENTRAL
MED-0561,2025-01-01,8,NORTH
MED-0561,2025-02-01,5,NORTH
MED-0561,2025-03-01,9,NORTH
MED-0561,2025-04-01,1,WEST
MED-0561,2025-05-01,12,NORTH
MED-0561,2025-06-01,2,NORTH
MED-0561,2025-07-01,1,NORTH
MED-0561,2025-08-01,8,NORTH
MED-0561,2025-09-01,3,SOUTH
MED-0561,2025-10-01,0,NORTH
MED-0561,2025-11-01,2,NORTH
MED-0561,2025-12-01,2,NORTH
MED-0562,2022-01-01,6,EAST
MED-0562,2022-02-01,4,EAST
MED-0562,2022-03-01,5,EAST
MED-0562,2022-04-01,9,EAST
MED-0562,2022-05-01,2,EAST
MED-0562,2022-06-01,4,EAST
MED-0562,2022-07-01,6,EAST
MED-0562,2022-08-01,6,EAST
MED-0562,2022-09-01,4,EAST
MED-0562,2022-10-01,46,EAST
MED-0562,2022-11-01,3,EAST
MED-0562,2022-12-01,6,EAST
MED-0562,2023-01-01,3,EAST
MED-0562,2023-02-01,10,EAST
MED-0562,2023-03-01,11,EAST
MED-0562,2023-04-01,3,EAST
MED-0562,2023-05-01,6,EAST
MED-0562,2023-06-01,5,EAST
MED-0562,2023-07-01,8,EAST
MED-0562,2023-08-01,1,CENTRAL
MED-0562,2023-09-01,3,NORTH
MED-0562,2023-10-01,5,EAST
MED-0562,2023-11-01,6,EAST
MED-0562,2023-12-01,4,SOUTH
MED-0562,2024-01-01,4,NORTH
MED-0562,2024-02-01,5,CENTRAL
MED-0562,2024-03-01,6,NORTH
MED-0562,2024-04-01,4,SOUTH
MED-0562,2024-05-01,4,EAST
MED-0562,2024-06-01,2,EAST
MED-0562,2024-07-01,5,CENTRAL
MED-0562,2024-08-01,5,EAST
MED-0562,2024-09-01,13,EAST
MED-0562,2024-10-01,5,EAST
MED-0562,2024-11-01,5,EAST
MED-0562,2024-12-01,7,EAST
MED-0562,2025-01-01,5,EAST
MED-0562,2025-02-01,11,EAST
MED-0562,2025-03-01,7,EAST
MED-0562,2025-04-01,7,EAST
MED-0562,2025-05-01,7,EAST
MED-0562,2025-06-01,8,EAST
MED-0562,2025-07-01,9,EAST
MED-0562,2025-08-01,4,EAST
MED-0562,2025-09-01,11,WEST
MED-0562,2025-10-01,5,EAST
MED-0562,2025-11-01,4,SOUTH
MED-0562,2025-12-01,5,EAST
MED-0563,2022-01-01,0,CENTRAL
MED-0563,2022-02-01,0,CENTRAL
MED-0563,2022-03-01,0,WEST
MED-0563,2022-04-01,0,CENTRAL
MED-0563,2022-05-01,0,CENTRAL
MED-0563,2022-06-01,4,EAST
MED-0563,2022-07-01,0,CENTRAL
MED-0563,2022-08-01,0,CENTRAL
MED-0563,2022-09-01,0,EAST
MED-0563,2022-10-01,0,CENTRAL
MED-0563,2022-11-01,5,CENTRAL
MED-0563,2022-12-01,0,CENTRAL
MED-0563,2023-01-01,0,CENTRAL
MED-0563,2023-02-01,0,WEST
MED-0563,2023-03-01,6,CENTRAL
MED-0563,2023-04-01,6,NORTH
MED-0563,2023-05-01,0,CENTRAL
MED-0563,2023-06-01,0,CENTRAL
MED-0563,2023-07-01,0,SOUTH
MED-0563,2023-08-01,0,CENTRAL
MED-0563,2023-09-01,0,CENTRAL
MED-0563,2023-10-01,0,CENTRAL
MED-0563,2023-11-01,0,SOUTH
MED-0563,2023-12-01,2,CENTRAL
MED-0563,2024-01-01,0,EAST
MED-0563,2024-02-01,0,CENTRAL
MED-0563,2024-03-01,4,CENTRAL
MED-0563,2024-04-01,0,CENTRAL
MED-0563,2024-05-01,0,SOUTH
MED-0563,2024-06-01,0,NORTH
MED-0563,2024-07-01,0,WEST
MED-0563,2024-08-01,4,CENTRAL
MED-0563,2024-09-01,0,CENTRAL
MED-0563,2024-10-01,0,NORTH
MED-0563,2024-11-01,8,CENTRAL
MED-0563,2024-12-01,5,CENTRAL
MED-0563,2025-01-01,0,CENTRAL
MED-0563,2025-02-01,0,CENTRAL
MED-0563,2025-03-01,0,CENTRAL
MED-0563,2025-04-01,0,CENTRAL
MED-0563,2025-05-01,6,EAST
MED-0563,2025-06-01,0,CENTRAL
MED-0563,2025-07-01,0,CENTRAL
MED-0563,2025-08-01,0,CENTRAL
MED-0563,2025-09-01,10,CENTRAL
MED-0563,2025-10-01,0,CENTRAL
MED-0563,2025-11-01,0,CENTRAL
MED-0563,2025-12-01,0,CENTRAL
MED-0564,2023-07-01,8,CENTRAL
MED-0564,2023-08-01,0,CENTRAL
MED-0564,2023-09-01,0,CENTRAL
MED-0564,2023-10-01,0,WEST
MED-0564,2023-11-01,0,CENTRAL
MED-0564,2023-12-01,0,CENTRAL
MED-0564,2024-01-01,0,CENTRAL
MED-0564,2024-02-01,39,CENTRAL
MED-0564,2024-03-01,0,CENTRAL
MED-0564,2024-04-01,0,WEST
MED-0564,2024-05-01,0,CENTRAL
MED-0564,2024-06-01,2,CENTRAL
MED-0564,2024-07-01,0,NORTH
MED-0564,2024-08-01,2,CENTRAL
MED-0564,2024-09-01,0,CENTRAL
MED-0564,2024-10-01,3,CENTRAL
MED-0564,2024-11-01,5,CENTRAL
MED-0564,2024-12-01,0,CENTRAL
MED-0564,2025-01-01,0,CENTRAL
MED-0564,2025-02-01,0,NORTH
MED-0564,2025-03-01,0,CENTRAL
MED-0564,2025-04-01,0,EAST
MED-0564,2025-05-01,4,CENTRAL
MED-0564,2025-06-01,0,SOUTH
MED-0564,2025-07-01,0,CENTRAL
MED-0564,2025-08-01,5,CENTRAL
MED-0564,2025-09-01,0,CENTRAL
MED-0564,2025-10-01,0,CENTRAL
MED-0564,2025-11-01,0,CENTRAL
MED-0564,2025-12-01,0,CENTRAL
MED-0565,2022-01-01,0,NORTH
MED-0565,2022-02-01,0,NORTH
MED-0565,2022-03-01,0,EAST
MED-0565,2022-04-01,0,NORTH
MED-0565,2022-05-01,15,NORTH
MED-0565,2022-06-01,11,NORTH
MED-0565,2022-07-01,0,NORTH
MED-0565,2022-08-01,0,SOUTH
MED-0565,2022-09-01,0,EAST
MED-0565,2022-10-01,7,NORTH
MED-0565,2022-11-01,0,NORTH
MED-0565,2022-12-01,7,WEST
MED-0565,2023-01-01,0,NORTH
MED-0565,2023-02-01,0,NORTH
MED-0565,2023-03-01,0,NORTH
MED-0565,2023-04-01,0,NORTH
MED-0565,2023-05-01,0,NORTH
MED-0565,2023-06-01,0,NORTH
MED-0565,2023-07-01,0,EAST
MED-0565,2023-08-01,0,EAST
MED-0565,2023-09-01,0,WEST
MED-0565,2023-10-01,0,NORTH
MED-0565,2023-11-01,0,NORTH
MED-0565,2023-12-01,0,SOUTH
MED-0565,2024-01-01,0,NORTH
MED-0565,2024-02-01,0,NORTH
MED-0565,2024-03-01,21,SOUTH
MED-0565,2024-04-01,0,NORTH
MED-0565,2024-05-01,0,NORTH
MED-0565,2024-06-01,0,NORTH
MED-0565,2024-07-01,0,WEST
MED-0565,2024-08-01,0,NORTH
MED-0565,2024-09-01,0,EAST
MED-0565,2024-10-01,14,NORTH
MED-0565,2024-11-01,0,EAST
MED-0565,2024-12-01,0,NORTH
MED-0565,2025-01-01,10,NORTH
MED-0565,2025-02-01,0,NORTH
MED-0565,2025-03-01,12,NORTH
MED-0565,2025-04-01,0,WEST
MED-0565,2025-05-01,0,SOUTH
MED-0565,2025-06-01,0,NORTH
MED-0565,2025-07-01,0,NORTH
MED-0565,2025-08-01,0,SOUTH
MED-0565,2025-09-01,13,NORTH
MED-0565,2025-10-01,13,NORTH
MED-0565,2025-11-01,0,NORTH
MED-0565,2025-12-01,0,NORTH
MED-0566,2022-07-01,5,NORTH
MED-0566,2022-08-01,13,NORTH
MED-0566,2022-09-01,0,NORTH
MED-0566,2022-10-01,0,NORTH
MED-0566,2022-11-01,0,EAST
MED-0566,2022-12-01,0,NORTH
MED-0566,2023-01-01,0,NORTH
MED-0566,2023-02-01,0,NORTH
MED-0566,2023-03-01,0,NORTH
MED-0566,2023-04-01,0,NORTH
MED-0566,2023-05-01,0,NORTH
MED-0566,2023-06-01,0,EAST
MED-0566,2023-07-01,0,NORTH
MED-0566,2023-08-01,0,NORTH
MED-0566,2023-09-01,9,EAST
MED-0566,2023-10-01,4,CENTRAL
MED-0566,2023-11-01,0,SOUTH
MED-0566,2023-12-01,0,EAST
MED-0566,2024-01-01,13,NORTH
MED-0566,2024-02-01,0,NORTH
MED-0566,2024-03-01,0,NORTH
MED-0566,2024-04-01,0,NORTH
MED-0566,2024-05-01,0,EAST
MED-0566,2024-06-01,0,WEST
MED-0566,2024-07-01,0,NORTH
MED-0566,2024-08-01,28,NORTH
MED-0566,2024-09-01,11,EAST
MED-0566,2024-10-01,9,NORTH
MED-0566,2024-11-01,0,CENTRAL
MED-0566,2024-12-01,0,WEST
MED-0566,2025-01-01,0,EAST
MED-0566,2025-02-01,0,WEST
MED-0566,2025-03-01,12,NORTH
MED-0566,2025-04-01,0,NORTH
MED-0566,2025-05-01,0,NORTH
MED-0566,2025-06-01,0,NORTH
MED-0566,2025-07-01,0,NORTH
MED-0566,2025-08-01,0,SOUTH
MED-0566,2025-09-01,0,NORTH
MED-0566,2025-10-01,0,NORTH
MED-0566,2025-11-01,0,NORTH
MED-0566,2025-12-01,0,CENTRAL
MED-0567,2024-07-01,0,CENTRAL
MED-0567,2024-08-01,0,WEST
MED-0567,2024-09-01,0,SOUTH
MED-0567,2024-10-01,0,CENTRAL
MED-0567,2024-11-01,3,NORTH
MED-0567,2024-12-01,15,SOUTH
MED-0567,2025-01-01,0,SOUTH
MED-0567,2025-02-01,0,SOUTH
MED-0567,2025-03-01,0,SOUTH
MED-0567,2025-04-01,0,SOUTH
MED-0567,2025-05-01,0,WEST
MED-0567,2025-06-01,0,SOUTH
MED-0567,2025-07-01,0,SOUTH
MED-0567,2025-08-01,0,SOUTH
MED-0567,2025-09-01,0,WEST
MED-0567,2025-10-01,0,SOUTH
MED-0567,2025-11-01,0,SOUTH
MED-0567,2025-12-01,6,SOUTH
MED-0568,2023-07-01,2,NORTH
MED-0568,2023-08-01,7,NORTH
MED-0568,2023-09-01,5,NORTH
MED-0568,2023-10-01,4,EAST
MED-0568,2023-11-01,6,NORTH
MED-0568,2023-12-01,3,NORTH
MED-0568,2024-01-01,4,NORTH
MED-0568,2024-02-01,4,SOUTH
MED-0568,2024-03-01,6,NORTH
MED-0568,2024-04-01,2,NORTH
MED-0568,2024-05-01,4,CENTRAL
MED-0568,2024-06-01,8,CENTRAL
MED-0568,2024-07-01,2,EAST
MED-0568,2024-08-01,4,NORTH
MED-0568,2024-09-01,3,WEST
MED-0568,2024-10-01,4,CENTRAL
MED-0568,2024-11-01,4,NORTH
MED-0568,2024-12-01,4,CENTRAL
MED-0568,2025-01-01,6,NORTH
MED-0568,2025-02-01,5,NORTH
MED-0568,2025-03-01,5,EAST
MED-0568,2025-04-01,3,NORTH
MED-0568,2025-05-01,5,NORTH
MED-0568,2025-06-01,6,NORTH
MED-0568,2025-07-01,1,NORTH
MED-0568,2025-08-01,4,NORTH
MED-0568,2025-09-01,3,NORTH
MED-0568,2025-10-01,0,NORTH
MED-0568,2025-11-01,1,NORTH
MED-0568,2025-12-01,2,CENTRAL
MED-0569,2024-01-01,4,CENTRAL
MED-0569,2024-02-01,2,CENTRAL
MED-0569,2024-03-01,3,CENTRAL
MED-0569,2024-04-01,6,CENTRAL
MED-0569,2024-05-01,7,CENTRAL
MED-0569,2024-06-01,6,CENTRAL
MED-0569,2024-07-01,3,CENTRAL
MED-0569,2024-08-01,2,CENTRAL
MED-0569,2024-09-01,5,CENTRAL
MED-0569,2024-10-01,6,CENTRAL
MED-0569,2024-11-01,13,EAST
MED-0569,2024-12-01,8,CENTRAL
MED-0569,2025-01-01,6,CENTRAL
MED-0569,2025-02-01,2,WEST
MED-0569,2025-03-01,5,SOUTH
MED-0569,2025-04-01,11,CENTRAL
MED-0569,2025-05-01,11,CENTRAL
MED-0569,2025-06-01,5,CENTRAL
MED-0569,2025-07-01,8,SOUTH
MED-0569,2025-08-01,4,WEST
MED-0569,2025-09-01,11,EAST
MED-0569,2025-10-01,8,NORTH
MED-0569,2025-11-01,3,EAST
MED-0569,2025-12-01,1,CENTRAL
MED-0570,2022-01-01,4,SOUTH
MED-0570,2022-02-01,0,SOUTH
MED-0570,2022-03-01,3,SOUTH
MED-0570,2022-04-01,7,SOUTH
MED-0570,2022-05-01,13,SOUTH
MED-0570,2022-06-01,2,SOUTH
MED-0570,2022-07-01,2,SOUTH
MED-0570,2022-08-01,5,NORTH
MED-0570,2022-09-01,2,SOUTH
MED-0570,2022-10-01,6,SOUTH
MED-0570,2022-11-01,5,SOUTH
MED-0570,2022-12-01,2,SOUTH
MED-0570,2023-01-01,3,SOUTH
MED-0570,2023-02-01,3,SOUTH
MED-0570,2023-03-01,3,CENTRAL
MED-0570,2023-04-01,3,SOUTH
MED-0570,2023-05-01,4,SOUTH
MED-0570,2023-06-01,4,CENTRAL
MED-0570,2023-07-01,4,EAST
MED-0570,2023-08-01,2,SOUTH
MED-0570,2023-09-01,4,SOUTH
MED-0570,2023-10-01,4,SOUTH
MED-0570,2023-11-01,8,SOUTH
MED-0570,2023-12-01,3,SOUTH
MED-0570,2024-01-01,1,NORTH
MED-0570,2024-02-01,3,SOUTH
MED-0570,2024-03-01,1,SOUTH
MED-0570,2024-04-01,3,SOUTH
MED-0570,2024-05-01,3,EAST
MED-0570,2024-06-01,5,WEST
MED-0570,2024-07-01,4,SOUTH
MED-0570,2024-08-01,2,SOUTH
MED-0570,2024-09-01,6,SOUTH
MED-0570,2024-10-01,2,SOUTH
MED-0570,2024-11-01,2,WEST
MED-0570,2024-12-01,6,SOUTH
MED-0570,2025-01-01,2,CENTRAL
MED-0570,2025-02-01,3,EAST
MED-0570,2025-03-01,7,WEST
MED-0570,2025-04-01,17,SOUTH
MED-0570,2025-05-01,8,SOUTH
MED-0570,2025-06-01,4,CENTRAL
MED-0570,2025-07-01,8,SOUTH
MED-0570,2025-08-01,4,EAST
MED-0570,2025-09-01,0,WEST
MED-0570,2025-10-01,2,SOUTH
MED-0570,2025-11-01,4,EAST
MED-0570,2025-12-01,3,SOUTH
MED-0571,2022-07-01,4,CENTRAL
MED-0571,2022-08-01,2,EAST
MED-0571,2022-09-01,2,NORTH
MED-0571,2022-10-01,5,CENTRAL
MED-0571,2022-11-01,4,NORTH
MED-0571,2022-12-01,2,CENTRAL
MED-0571,2023-01-01,2,CENTRAL
MED-0571,2023-02-01,2,SOUTH
MED-0571,2023-03-01,2,CENTRAL
MED-0571,2023-04-01,2,CENTRAL
MED-0571,2023-05-01,1,CENTRAL
MED-0571,2023-06-01,4,CENTRAL
MED-0571,2023-07-01,4,CENTRAL
MED-0571,2023-08-01,2,CENTRAL
MED-0571,2023-09-01,2,SOUTH
MED-0571,2023-10-01,1,CENTRAL
MED-0571,2023-11-01,2,CENTRAL
MED-0571,2023-12-01,2,CENTRAL
MED-0571,2024-01-01,2,CENTRAL
MED-0571,2024-02-01,0,CENTRAL
MED-0571,2024-03-01,3,CENTRAL
MED-0571,2024-04-01,3,NORTH
MED-0571,2024-05-01,5,CENTRAL
MED-0571,2024-06-01,1,CENTRAL
MED-0571,2024-07-01,3,CENTRAL
MED-0571,2024-08-01,5,CENTRAL
MED-0571,2024-09-01,1,CENTRAL
MED-0571,2024-10-01,3,CENTRAL
MED-0571,2024-11-01,2,CENTRAL
MED-0571,2024-12-01,3,CENTRAL
MED-0571,2025-01-01,2,CENTRAL
MED-0571,2025-02-01,3,CENTRAL
MED-0571,2025-03-01,2,CENTRAL
MED-0571,2025-04-01,3,CENTRAL
MED-0571,2025-05-01,5,WEST
MED-0571,2025-06-01,3,EAST
MED-0571,2025-07-01,2,NORTH
MED-0571,2025-08-01,2,CENTRAL
MED-0571,2025-09-01,3,EAST
MED-0571,2025-10-01,4,CENTRAL
MED-0571,2025-11-01,0,CENTRAL
MED-0571,2025-12-01,3,CENTRAL
MED-0572,2023-01-01,4,CENTRAL
MED-0572,2023-02-01,4,WEST
MED-0572,2023-03-01,3,EAST
MED-0572,2023-04-01,5,EAST
MED-0572,2023-05-01,2,CENTRAL
MED-0572,2023-06-01,5,CENTRAL
MED-0572,2023-07-01,0,CENTRAL
MED-0572,2023-08-01,6,WEST
MED-0572,2023-09-01,0,SOUTH
MED-0572,2023-10-01,1,CENTRAL
MED-0572,2023-11-01,1,CENTRAL
MED-0572,2023-12-01,3,NORTH
MED-0572,2024-01-01,3,CENTRAL
MED-0572,2024-02-01,3,EAST
MED-0572,2024-03-01,4,CENTRAL
MED-0572,2024-04-01,3,WEST
MED-0572,2024-05-01,1,EAST
MED-0572,2024-06-01,3,CENTRAL
MED-0572,2024-07-01,3,EAST
MED-0572,2024-08-01,5,CENTRAL
MED-0572,2024-09-01,4,CENTRAL
MED-0572,2024-10-01,4,CENTRAL
MED-0572,2024-11-01,5,CENTRAL
MED-0572,2024-12-01,3,CENTRAL
MED-0572,2025-01-01,1,CENTRAL
MED-0572,2025-02-01,2,CENTRAL
MED-0572,2025-03-01,3,WEST
MED-0572,2025-04-01,2,CENTRAL
MED-0572,2025-05-01,4,CENTRAL
MED-0572,2025-06-01,0,CENTRAL
MED-0572,2025-07-01,4,WEST
MED-0572,2025-08-01,4,CENTRAL
MED-0572,2025-09-01,4,CENTRAL
MED-0572,2025-10-01,2,CENTRAL
MED-0572,2025-11-01,3,CENTRAL
MED-0572,2025-12-01,2,CENTRAL
MED-0573,2022-01-01,0,CENTRAL
MED-0573,2022-02-01,3,EAST
MED-0573,2022-03-01,0,EAST
MED-0573,2022-04-01,0,EAST
MED-0573,2022-05-01,0,EAST
MED-0573,2022-06-01,0,EAST
MED-0573,2022-07-01,0,EAST
MED-0573,2022-08-01,2,EAST
MED-0573,2022-09-01,0,EAST
MED-0573,2022-10-01,3,NORTH
MED-0573,2022-11-01,0,EAST
MED-0573,2022-12-01,0,EAST
MED-0573,2023-01-01,0,EAST
MED-0573,2023-02-01,0,EAST
MED-0573,2023-03-01,0,SOUTH
MED-0573,2023-04-01,3,NORTH
MED-0573,2023-05-01,0,WEST
MED-0573,2023-06-01,0,EAST
MED-0573,2023-07-01,2,EAST
MED-0573,2023-08-01,0,EAST
MED-0573,2023-09-01,0,EAST
MED-0573,2023-10-01,8,EAST
MED-0573,2023-11-01,6,EAST
MED-0573,2023-12-01,0,EAST
MED-0573,2024-01-01,3,EAST
MED-0573,2024-02-01,0,EAST
MED-0573,2024-03-01,3,EAST
MED-0573,2024-04-01,0,EAST
MED-0573,2024-05-01,9,NORTH
MED-0573,2024-06-01,11,SOUTH
MED-0573,2024-07-01,0,EAST
MED-0573,2024-08-01,0,EAST
MED-0573,2024-09-01,0,NORTH
MED-0573,2024-10-01,9,EAST
MED-0573,2024-11-01,0,EAST
MED-0573,2024-12-01,0,EAST
MED-0573,2025-01-01,0,EAST
MED-0573,2025-02-01,5,EAST
MED-0573,2025-03-01,0,EAST
MED-0573,2025-04-01,5,EAST
MED-0573,2025-05-01,0,EAST
MED-0573,2025-06-01,0,WEST
MED-0573,2025-07-01,8,CENTRAL
MED-0573,2025-08-01,3,EAST
MED-0573,2025-09-01,0,EAST
MED-0573,2025-10-01,0,CENTRAL
MED-0573,2025-11-01,0,WEST
MED-0573,2025-12-01,0,WEST
MED-0574,2022-01-01,0,WEST
MED-0574,2022-02-01,0,WEST
MED-0574,2022-03-01,0,WEST
MED-0574,2022-04-01,0,NORTH
MED-0574,2022-05-01,20,SOUTH
MED-0574,2022-06-01,0,WEST
MED-0574,2022-07-01,0,EAST
MED-0574,2022-08-01,0,CENTRAL
MED-0574,2022-09-01,0,WEST
MED-0574,2022-10-01,0,WEST
MED-0574,2022-11-01,0,WEST
MED-0574,2022-12-01,0,NORTH
MED-0574,2023-01-01,0,CENTRAL
MED-0574,2023-02-01,0,WEST
MED-0574,2023-03-01,0,WEST
MED-0574,2023-04-01,0,WEST
MED-0574,2023-05-01,0,EAST
MED-0574,2023-06-01,0,WEST
MED-0574,2023-07-01,82,WEST
MED-0574,2023-08-01,0,WEST
MED-0574,2023-09-01,0,CENTRAL
MED-0574,2023-10-01,0,WEST
MED-0574,2023-11-01,0,WEST
MED-0574,2023-12-01,0,WEST
MED-0574,2024-01-01,0,WEST
MED-0574,2024-02-01,0,WEST
MED-0574,2024-03-01,7,NORTH
MED-0574,2024-04-01,10,WEST
MED-0574,2024-05-01,0,WEST
MED-0574,2024-06-01,0,NORTH
MED-0574,2024-07-01,0,WEST
MED-0574,2024-08-01,0,SOUTH
MED-0574,2024-09-01,0,EAST
MED-0574,2024-10-01,26,WEST
MED-0574,2024-11-01,0,NORTH
MED-0574,2024-12-01,0,WEST
MED-0574,2025-01-01,0,SOUTH
MED-0574,2025-02-01,0,WEST
MED-0574,2025-03-01,0,WEST
MED-0574,2025-04-01,0,SOUTH
MED-0574,2025-05-01,0,SOUTH
MED-0574,2025-06-01,95,WEST
MED-0574,2025-07-01,0,SOUTH
MED-0574,2025-08-01,0,WEST
MED-0574,2025-09-01,0,EAST
MED-0574,2025-10-01,0,CENTRAL
MED-0574,2025-11-01,14,WEST
MED-0574,2025-12-01,25,WEST
MED-0575,2023-07-01,0,EAST
MED-0575,2023-08-01,3,NORTH
MED-0575,2023-09-01,4,NORTH
MED-0575,2023-10-01,3,SOUTH
MED-0575,2023-11-01,0,EAST
MED-0575,2023-12-01,0,EAST
MED-0575,2024-01-01,0,CENTRAL
MED-0575,2024-02-01,0,EAST
MED-0575,2024-03-01,0,EAST
MED-0575,2024-04-01,0,EAST
MED-0575,2024-05-01,0,EAST
MED-0575,2024-06-01,12,EAST
MED-0575,2024-07-01,0,NORTH
MED-0575,2024-08-01,0,SOUTH
MED-0575,2024-09-01,0,EAST
MED-0575,2024-10-01,0,EAST
MED-0575,2024-11-01,0,EAST
MED-0575,2024-12-01,3,EAST
MED-0575,2025-01-01,0,EAST
MED-0575,2025-02-01,0,SOUTH
MED-0575,2025-03-01,0,EAST
MED-0575,2025-04-01,4,EAST
MED-0575,2025-05-01,2,EAST
MED-0575,2025-06-01,2,EAST
MED-0575,2025-07-01,0,EAST
MED-0575,2025-08-01,0,EAST
MED-0575,2025-09-01,0,NORTH
MED-0575,2025-10-01,0,EAST
MED-0575,2025-11-01,3,EAST
MED-0575,2025-12-01,0,EAST
MED-0576,2024-07-01,5,CENTRAL
MED-0576,2024-08-01,2,NORTH
MED-0576,2024-09-01,1,EAST
MED-0576,2024-10-01,3,SOUTH
MED-0576,2024-11-01,2,EAST
MED-0576,2024-12-01,3,EAST
MED-0576,2025-01-01,3,CENTRAL
MED-0576,2025-02-01,3,NORTH
MED-0576,2025-03-01,5,EAST
MED-0576,2025-04-01,0,EAST
MED-0576,2025-05-01,2,WEST
MED-0576,2025-06-01,4,EAST
MED-0576,2025-07-01,1,EAST
MED-0576,2025-08-01,4,CENTRAL
MED-0576,2025-09-01,5,EAST
MED-0576,2025-10-01,1,EAST
MED-0576,2025-11-01,6,EAST
MED-0576,2025-12-01,2,EAST
MED-0577,2022-01-01,0,EAST
MED-0577,2022-02-01,0,WEST
MED-0577,2022-03-01,0,WEST
MED-0577,2022-04-01,0,WEST
MED-0577,2022-05-01,0,EAST
MED-0577,2022-06-01,0,CENTRAL
MED-0577,2022-07-01,5,SOUTH
MED-0577,2022-08-01,0,WEST
MED-0577,2022-09-01,4,WEST
MED-0577,2022-10-01,5,SOUTH
MED-0577,2022-11-01,0,WEST
MED-0577,2022-12-01,0,WEST
MED-0577,2023-01-01,0,WEST
MED-0577,2023-02-01,0,NORTH
MED-0577,2023-03-01,0,WEST
MED-0577,2023-04-01,0,SOUTH
MED-0577,2023-05-01,3,WEST
MED-0577,2023-06-01,0,WEST
MED-0577,2023-07-01,0,WEST
MED-0577,2023-08-01,4,WEST
MED-0577,2023-09-01,0,WEST
MED-0577,2023-10-01,0,WEST
MED-0577,2023-11-01,0,WEST
MED-0577,2023-12-01,0,WEST
MED-0577,2024-01-01,4,WEST
MED-0577,2024-02-01,0,WEST
MED-0577,2024-03-01,0,WEST
MED-0577,2024-04-01,0,WEST
MED-0577,2024-05-01,4,WEST
MED-0577,2024-06-01,5,WEST
MED-0577,2024-07-01,0,CENTRAL
MED-0577,2024-08-01,0,WEST
MED-0577,2024-09-01,0,WEST
MED-0577,2024-10-01,0,WEST
MED-0577,2024-11-01,0,WEST
MED-0577,2024-12-01,0,WEST
MED-0577,2025-01-01,0,WEST
MED-0577,2025-02-01,4,CENTRAL
MED-0577,2025-03-01,0,EAST
MED-0577,2025-04-01,0,CENTRAL
MED-0577,2025-05-01,0,WEST
MED-0577,2025-06-01,0,WEST
MED-0577,2025-07-01,0,WEST
MED-0577,2025-08-01,0,NORTH
MED-0577,2025-09-01,0,WEST
MED-0577,2025-10-01,4,WEST
MED-0577,2025-11-01,0,EAST
MED-0577,2025-12-01,0,WEST
MED-0578,2023-07-01,4,CENTRAL
MED-0578,2023-08-01,0,CENTRAL
MED-0578,2023-09-01,3,CENTRAL
MED-0578,2023-10-01,2,CENTRAL
MED-0578,2023-11-01,5,CENTRAL
MED-0578,2023-12-01,7,CENTRAL
MED-0578,2024-01-01,0,WEST
MED-0578,2024-02-01,4,CENTRAL
MED-0578,2024-03-01,2,CENTRAL
MED-0578,2024-04-01,8,SOUTH
MED-0578,2024-05-01,1,EAST
MED-0578,2024-06-01,0,CENTRAL
MED-0578,2024-07-01,5,WEST
MED-0578,2024-08-01,2,CENTRAL
MED-0578,2024-09-01,2,EAST
MED-0578,2024-10-01,11,SOUTH
MED-0578,2024-11-01,4,CENTRAL
MED-0578,2024-12-01,2,CENTRAL
MED-0578,2025-01-01,1,CENTRAL
MED-0578,2025-02-01,8,SOUTH
MED-0578,2025-03-01,4,CENTRAL
MED-0578,2025-04-01,4,EAST
MED-0578,2025-05-01,6,CENTRAL
MED-0578,2025-06-01,6,CENTRAL
MED-0578,2025-07-01,8,SOUTH
MED-0578,2025-08-01,3,CENTRAL
MED-0578,2025-09-01,3,CENTRAL
MED-0578,2025-10-01,3,CENTRAL
MED-0578,2025-11-01,1,CENTRAL
MED-0578,2025-12-01,7,NORTH
MED-0579,2024-01-01,3,EAST
MED-0579,2024-02-01,5,EAST
MED-0579,2024-03-01,4,EAST
MED-0579,2024-04-01,3,EAST
MED-0579,2024-05-01,5,CENTRAL
MED-0579,2024-06-01,5,EAST
MED-0579,2024-07-01,2,EAST
MED-0579,2024-08-01,3,CENTRAL
MED-0579,2024-09-01,5,EAST
MED-0579,2024-10-01,1,EAST
MED-0579,2024-11-01,4,EAST
MED-0579,2024-12-01,6,EAST
MED-0579,2025-01-01,1,NORTH
MED-0579,2025-02-01,2,SOUTH
MED-0579,2025-03-01,6,EAST
MED-0579,2025-04-01,5,EAST
MED-0579,2025-05-01,2,EAST
MED-0579,2025-06-01,8,WEST
MED-0579,2025-07-01,4,EAST
MED-0579,2025-08-01,0,CENTRAL
MED-0579,2025-09-01,1,EAST
MED-0579,2025-10-01,4,EAST
MED-0579,2025-11-01,5,EAST
MED-0579,2025-12-01,8,CENTRAL
MED-0580,2022-01-01,4,SOUTH
MED-0580,2022-02-01,18,SOUTH
MED-0580,2022-03-01,4,SOUTH
MED-0580,2022-04-01,4,SOUTH
MED-0580,2022-05-01,2,SOUTH
MED-0580,2022-06-01,6,SOUTH
MED-0580,2022-07-01,2,WEST
MED-0580,2022-08-01,4,SOUTH
MED-0580,2022-09-01,0,SOUTH
MED-0580,2022-10-01,8,SOUTH
MED-0580,2022-11-01,1,SOUTH
MED-0580,2022-12-01,3,SOUTH
MED-0580,2023-01-01,4,SOUTH
MED-0580,2023-02-01,3,NORTH
MED-0580,2023-03-01,5,SOUTH
MED-0580,2023-04-01,0,WEST
MED-0580,2023-05-01,3,EAST
MED-0580,2023-06-01,13,WEST
MED-0580,2023-07-01,6,SOUTH
MED-0580,2023-08-01,1,EAST
MED-0580,2023-09-01,4,SOUTH
MED-0580,2023-10-01,4,SOUTH
MED-0580,2023-11-01,12,SOUTH
MED-0580,2023-12-01,10,SOUTH
MED-0580,2024-01-01,19,SOUTH
MED-0580,2024-02-01,7,SOUTH
MED-0580,2024-03-01,6,SOUTH
MED-0580,2024-04-01,6,SOUTH
MED-0580,2024-05-01,3,CENTRAL
MED-0580,2024-06-01,1,SOUTH
MED-0580,2024-07-01,8,SOUTH
MED-0580,2024-08-01,3,SOUTH
MED-0580,2024-09-01,2,NORTH
MED-0580,2024-10-01,5,SOUTH
MED-0580,2024-11-01,9,SOUTH
MED-0580,2024-12-01,3,EAST
MED-0580,2025-01-01,3,SOUTH
MED-0580,2025-02-01,6,SOUTH
MED-0580,2025-03-01,3,SOUTH
MED-0580,2025-04-01,10,SOUTH
MED-0580,2025-05-01,18,SOUTH
MED-0580,2025-06-01,5,SOUTH
MED-0580,2025-07-01,16,SOUTH
MED-0580,2025-08-01,9,CENTRAL
MED-0580,2025-09-01,2,WEST
MED-0580,2025-10-01,5,SOUTH
MED-0580,2025-11-01,8,SOUTH
MED-0580,2025-12-01,4,SOUTH
MED-0581,2023-07-01,0,NORTH
MED-0581,2023-08-01,0,EAST
MED-0581,2023-09-01,5,EAST
MED-0581,2023-10-01,2,CENTRAL
MED-0581,2023-11-01,0,EAST
MED-0581,2023-12-01,0,WEST
MED-0581,2024-01-01,3,EAST
MED-0581,2024-02-01,5,NORTH
MED-0581,2024-03-01,0,EAST
MED-0581,2024-04-01,0,EAST
MED-0581,2024-05-01,0,CENTRAL
MED-0581,2024-06-01,0,EAST
MED-0581,2024-07-01,8,WEST
MED-0581,2024-08-01,0,EAST
MED-0581,2024-09-01,0,EAST
MED-0581,2024-10-01,0,EAST
MED-0581,2024-11-01,5,EAST
MED-0581,2024-12-01,1,EAST
MED-0581,2025-01-01,2,EAST
MED-0581,2025-02-01,0,EAST
MED-0581,2025-03-01,0,CENTRAL
MED-0581,2025-04-01,0,EAST
MED-0581,2025-05-01,0,CENTRAL
MED-0581,2025-06-01,0,EAST
MED-0581,2025-07-01,0,EAST
MED-0581,2025-08-01,8,NORTH
MED-0581,2025-09-01,0,NORTH
MED-0581,2025-10-01,0,SOUTH
MED-0581,2025-11-01,1,EAST
MED-0581,2025-12-01,0,EAST
MED-0582,2022-01-01,0,CENTRAL
MED-0582,2022-02-01,0,WEST
MED-0582,2022-03-01,0,CENTRAL
MED-0582,2022-04-01,0,CENTRAL
MED-0582,2022-05-01,0,CENTRAL
MED-0582,2022-06-01,0,SOUTH
MED-0582,2022-07-01,0,CENTRAL
MED-0582,2022-08-01,0,EAST
MED-0582,2022-09-01,0,CENTRAL
MED-0582,2022-10-01,0,SOUTH
MED-0582,2022-11-01,0,WEST
MED-0582,2022-12-01,0,CENTRAL
MED-0582,2023-01-01,0,CENTRAL
MED-0582,2023-02-01,0,CENTRAL
MED-0582,2023-03-01,10,CENTRAL
MED-0582,2023-04-01,0,CENTRAL
MED-0582,2023-05-01,24,WEST
MED-0582,2023-06-01,0,CENTRAL
MED-0582,2023-07-01,0,CENTRAL
MED-0582,2023-08-01,0,CENTRAL
MED-0582,2023-09-01,0,CENTRAL
MED-0582,2023-10-01,0,CENTRAL
MED-0582,2023-11-01,17,NORTH
MED-0582,2023-12-01,0,SOUTH
MED-0582,2024-01-01,0,CENTRAL
MED-0582,2024-02-01,0,CENTRAL
MED-0582,2024-03-01,0,CENTRAL
MED-0582,2024-04-01,0,CENTRAL
MED-0582,2024-05-01,0,NORTH
MED-0582,2024-06-01,0,CENTRAL
MED-0582,2024-07-01,0,NORTH
MED-0582,2024-08-01,0,CENTRAL
MED-0582,2024-09-01,0,EAST
MED-0582,2024-10-01,0,CENTRAL
MED-0582,2024-11-01,0,CENTRAL
MED-0582,2024-12-01,79,CENTRAL
MED-0582,2025-01-01,0,SOUTH
MED-0582,2025-02-01,0,CENTRAL
MED-0582,2025-03-01,0,CENTRAL
MED-0582,2025-04-01,0,CENTRAL
MED-0582,2025-05-01,0,CENTRAL
MED-0582,2025-06-01,0,CENTRAL
MED-0582,2025-07-01,0,CENTRAL
MED-0582,2025-08-01,0,CENTRAL
MED-0582,2025-09-01,0,EAST
MED-0582,2025-10-01,10,CENTRAL
MED-0582,2025-11-01,0,CENTRAL
MED-0582,2025-12-01,0,WEST
MED-0583,2022-01-01,0,SOUTH
MED-0583,2022-02-01,0,CENTRAL
MED-0583,2022-03-01,0,CENTRAL
MED-0583,2022-04-01,0,CENTRAL
MED-0583,2022-05-01,0,CENTRAL
MED-0583,2022-06-01,0,CENTRAL
MED-0583,2022-07-01,2,EAST
MED-0583,2022-08-01,0,CENTRAL
MED-0583,2022-09-01,0,NORTH
MED-0583,2022-10-01,10,CENTRAL
MED-0583,2022-11-01,0,CENTRAL
MED-0583,2022-12-01,0,CENTRAL
MED-0583,2023-01-01,0,CENTRAL
MED-0583,2023-02-01,0,CENTRAL
MED-0583,2023-03-01,0,SOUTH
MED-0583,2023-04-01,6,WEST
MED-0583,2023-05-01,0,CENTRAL
MED-0583,2023-06-01,0,EAST
MED-0583,2023-07-01,0,WEST
MED-0583,2023-08-01,0,CENTRAL
MED-0583,2023-09-01,0,CENTRAL
MED-0583,2023-10-01,0,CENTRAL
MED-0583,2023-11-01,0,SOUTH
MED-0583,2023-12-01,14,CENTRAL
MED-0583,2024-01-01,0,SOUTH
MED-0583,2024-02-01,0,WEST
MED-0583,2024-03-01,0,CENTRAL
MED-0583,2024-04-01,0,CENTRAL
MED-0583,2024-05-01,0,CENTRAL
MED-0583,2024-06-01,0,CENTRAL
MED-0583,2024-07-01,0,NORTH
MED-0583,2024-08-01,0,SOUTH
MED-0583,2024-09-01,0,NORTH
MED-0583,2024-10-01,0,CENTRAL
MED-0583,2024-11-01,0,CENTRAL
MED-0583,2024-12-01,0,CENTRAL
MED-0583,2025-01-01,0,CENTRAL
MED-0583,2025-02-01,0,CENTRAL
MED-0583,2025-03-01,0,CENTRAL
MED-0583,2025-04-01,0,CENTRAL
MED-0583,2025-05-01,0,CENTRAL
MED-0583,2025-06-01,0,CENTRAL
MED-0583,2025-07-01,0,CENTRAL
MED-0583,2025-08-01,0,CENTRAL
MED-0583,2025-09-01,0,CENTRAL
MED-0583,2025-10-01,0,CENTRAL
MED-0583,2025-11-01,0,NORTH
MED-0583,2025-12-01,0,CENTRAL
MED-0584,2024-07-01,5,CENTRAL
MED-0584,2024-08-01,4,CENTRAL
MED-0584,2024-09-01,8,CENTRAL
MED-0584,2024-10-01,4,CENTRAL
MED-0584,2024-11-01,5,CENTRAL
MED-0584,2024-12-01,6,EAST
MED-0584,2025-01-01,3,SOUTH
MED-0584,2025-02-01,10,SOUTH
MED-0584,2025-03-01,4,CENTRAL
MED-0584,2025-04-01,5,CENTRAL
MED-0584,2025-05-01,3,CENTRAL
MED-0584,2025-06-01,8,CENTRAL
MED-0584,2025-07-01,0,CENTRAL
MED-0584,2025-08-01,7,SOUTH
MED-0584,2025-09-01,3,SOUTH
MED-0584,2025-10-01,4,WEST
MED-0584,2025-11-01,4,CENTRAL
MED-0584,2025-12-01,4,CENTRAL
MED-0585,2022-01-01,10,NORTH
MED-0585,2022-02-01,3,WEST
MED-0585,2022-03-01,6,EAST
MED-0585,2022-04-01,6,WEST
MED-0585,2022-05-01,10,SOUTH
MED-0585,2022-06-01,5,CENTRAL
MED-0585,2022-07-01,3,WEST
MED-0585,2022-08-01,4,WEST
MED-0585,2022-09-01,7,WEST
MED-0585,2022-10-01,6,EAST
MED-0585,2022-11-01,6,WEST
MED-0585,2022-12-01,7,WEST
MED-0585,2023-01-01,11,WEST
MED-0585,2023-02-01,4,WEST
MED-0585,2023-03-01,8,WEST
MED-0585,2023-04-01,7,WEST
MED-0585,2023-05-01,5,SOUTH
MED-0585,2023-06-01,6,CENTRAL
MED-0585,2023-07-01,10,WEST
MED-0585,2023-08-01,6,WEST
MED-0585,2023-09-01,5,WEST
MED-0585,2023-10-01,4,NORTH
MED-0585,2023-11-01,7,CENTRAL
MED-0585,2023-12-01,13,NORTH
MED-0585,2024-01-01,6,WEST
MED-0585,2024-02-01,4,WEST
MED-0585,2024-03-01,5,WEST
MED-0585,2024-04-01,2,EAST
MED-0585,2024-05-01,4,WEST
MED-0585,2024-06-01,6,SOUTH
MED-0585,2024-07-01,7,WEST
MED-0585,2024-08-01,7,NORTH
MED-0585,2024-09-01,7,WEST
MED-0585,2024-10-01,5,EAST
MED-0585,2024-11-01,3,EAST
MED-0585,2024-12-01,9,WEST
MED-0585,2025-01-01,9,WEST
MED-0585,2025-02-01,5,WEST
MED-0585,2025-03-01,5,WEST
MED-0585,2025-04-01,5,CENTRAL
MED-0585,2025-05-01,7,WEST
MED-0585,2025-06-01,1,SOUTH
MED-0585,2025-07-01,3,WEST
MED-0585,2025-08-01,6,WEST
MED-0585,2025-09-01,5,WEST
MED-0585,2025-10-01,3,WEST
MED-0585,2025-11-01,8,WEST
MED-0585,2025-12-01,4,SOUTH
MED-0586,2022-01-01,3,WEST
MED-0586,2022-02-01,4,EAST
MED-0586,2022-03-01,4,WEST
MED-0586,2022-04-01,7,SOUTH
MED-0586,2022-05-01,5,WEST
MED-0586,2022-06-01,7,WEST
MED-0586,2022-07-01,7,EAST
MED-0586,2022-08-01,0,WEST
MED-0586,2022-09-01,5,WEST
MED-0586,2022-10-01,4,WEST
MED-0586,2022-11-01,1,WEST
MED-0586,2022-12-01,5,WEST
MED-0586,2023-01-01,4,EAST
MED-0586,2023-02-01,3,SOUTH
MED-0586,2023-03-01,5,WEST
MED-0586,2023-04-01,8,WEST
MED-0586,2023-05-01,5,WEST
MED-0586,2023-06-01,9,WEST
MED-0586,2023-07-01,6,WEST
MED-0586,2023-08-01,8,SOUTH
MED-0586,2023-09-01,2,CENTRAL
MED-0586,2023-10-01,10,WEST
MED-0586,2023-11-01,4,WEST
MED-0586,2023-12-01,2,NORTH
MED-0586,2024-01-01,3,WEST
MED-0586,2024-02-01,4,WEST
MED-0586,2024-03-01,5,WEST
MED-0586,2024-04-01,3,CENTRAL
MED-0586,2024-05-01,9,WEST
MED-0586,2024-06-01,9,EAST
MED-0586,2024-07-01,4,WEST
MED-0586,2024-08-01,4,WEST
MED-0586,2024-09-01,3,WEST
MED-0586,2024-10-01,4,WEST
MED-0586,2024-11-01,6,WEST
MED-0586,2024-12-01,4,WEST
MED-0586,2025-01-01,3,NORTH
MED-0586,2025-02-01,2,WEST
MED-0586,2025-03-01,5,WEST
MED-0586,2025-04-01,7,WEST
MED-0586,2025-05-01,6,WEST
MED-0586,2025-06-01,0,WEST
MED-0586,2025-07-01,6,WEST
MED-0586,2025-08-01,4,WEST
MED-0586,2025-09-01,4,WEST
MED-0586,2025-10-01,6,NORTH
MED-0586,2025-11-01,5,WEST
MED-0586,2025-12-01,3,WEST
MED-0587,2023-01-01,0,SOUTH
MED-0587,2023-02-01,3,SOUTH
MED-0587,2023-03-01,5,NORTH
MED-0587,2023-04-01,0,SOUTH
MED-0587,2023-05-01,0,SOUTH
MED-0587,2023-06-01,0,SOUTH
MED-0587,2023-07-01,0,NORTH
MED-0587,2023-08-01,0,WEST
MED-0587,2023-09-01,10,SOUTH
MED-0587,2023-10-01,0,EAST
MED-0587,2023-11-01,0,SOUTH
MED-0587,2023-12-01,8,SOUTH
MED-0587,2024-01-01,10,WEST
MED-0587,2024-02-01,0,SOUTH
MED-0587,2024-03-01,0,SOUTH
MED-0587,2024-04-01,0,EAST
MED-0587,2024-05-01,0,SOUTH
MED-0587,2024-06-01,0,SOUTH
MED-0587,2024-07-01,8,SOUTH
MED-0587,2024-08-01,0,SOUTH
MED-0587,2024-09-01,5,WEST
MED-0587,2024-10-01,0,WEST
MED-0587,2024-11-01,0,SOUTH
MED-0587,2024-12-01,0,SOUTH
MED-0587,2025-01-01,0,WEST
MED-0587,2025-02-01,0,SOUTH
MED-0587,2025-03-01,0,CENTRAL
MED-0587,2025-04-01,0,WEST
MED-0587,2025-05-01,0,SOUTH
MED-0587,2025-06-01,0,SOUTH
MED-0587,2025-07-01,8,SOUTH
MED-0587,2025-08-01,8,WEST
MED-0587,2025-09-01,2,NORTH
MED-0587,2025-10-01,6,SOUTH
MED-0587,2025-11-01,0,CENTRAL
MED-0587,2025-12-01,0,SOUTH
MED-0588,2022-01-01,0,WEST
MED-0588,2022-02-01,0,WEST
MED-0588,2022-03-01,0,WEST
MED-0588,2022-04-01,0,WEST
MED-0588,2022-05-01,0,WEST
MED-0588,2022-06-01,0,WEST
MED-0588,2022-07-01,0,NORTH
MED-0588,2022-08-01,0,NORTH
MED-0588,2022-09-01,0,WEST
MED-0588,2022-10-01,0,WEST
MED-0588,2022-11-01,5,WEST
MED-0588,2022-12-01,6,WEST
MED-0588,2023-01-01,0,SOUTH
MED-0588,2023-02-01,0,WEST
MED-0588,2023-03-01,11,WEST
MED-0588,2023-04-01,0,WEST
MED-0588,2023-05-01,5,WEST
MED-0588,2023-06-01,0,WEST
MED-0588,2023-07-01,2,WEST
MED-0588,2023-08-01,0,WEST
MED-0588,2023-09-01,7,WEST
MED-0588,2023-10-01,3,CENTRAL
MED-0588,2023-11-01,0,EAST
MED-0588,2023-12-01,4,WEST
MED-0588,2024-01-01,0,CENTRAL
MED-0588,2024-02-01,0,WEST
MED-0588,2024-03-01,3,WEST
MED-0588,2024-04-01,4,WEST
MED-0588,2024-05-01,0,WEST
MED-0588,2024-06-01,23,NORTH
MED-0588,2024-07-01,0,CENTRAL
MED-0588,2024-08-01,0,WEST
MED-0588,2024-09-01,0,WEST
MED-0588,2024-10-01,5,WEST
MED-0588,2024-11-01,0,CENTRAL
MED-0588,2024-12-01,0,WEST
MED-0588,2025-01-01,0,EAST
MED-0588,2025-02-01,0,CENTRAL
MED-0588,2025-03-01,0,SOUTH
MED-0588,2025-04-01,2,WEST
MED-0588,2025-05-01,0,WEST
MED-0588,2025-06-01,0,WEST
MED-0588,2025-07-01,0,WEST
MED-0588,2025-08-01,0,CENTRAL
MED-0588,2025-09-01,0,WEST
MED-0588,2025-10-01,0,WEST
MED-0588,2025-11-01,0,WEST
MED-0588,2025-12-01,7,WEST
MED-0589,2024-07-01,0,EAST
MED-0589,2024-08-01,0,EAST
MED-0589,2024-09-01,0,EAST
MED-0589,2024-10-01,0,EAST
MED-0589,2024-11-01,23,EAST
MED-0589,2024-12-01,0,CENTRAL
MED-0589,2025-01-01,0,CENTRAL
MED-0589,2025-02-01,0,SOUTH
MED-0589,2025-03-01,0,EAST
MED-0589,2025-04-01,0,EAST
MED-0589,2025-05-01,0,EAST
MED-0589,2025-06-01,0,EAST
MED-0589,2025-07-01,0,EAST
MED-0589,2025-08-01,0,EAST
MED-0589,2025-09-01,0,EAST
MED-0589,2025-10-01,0,EAST
MED-0589,2025-11-01,81,EAST
MED-0589,2025-12-01,14,CENTRAL
MED-0590,2022-01-01,1,NORTH
MED-0590,2022-02-01,5,CENTRAL
MED-0590,2022-03-01,3,NORTH
MED-0590,2022-04-01,2,NORTH
MED-0590,2022-05-01,4,WEST
MED-0590,2022-06-01,2,EAST
MED-0590,2022-07-01,6,NORTH
MED-0590,2022-08-01,2,SOUTH
MED-0590,2022-09-01,5,CENTRAL
MED-0590,2022-10-01,5,NORTH
MED-0590,2022-11-01,3,WEST
MED-0590,2022-12-01,6,NORTH
MED-0590,2023-01-01,7,NORTH
MED-0590,2023-02-01,6,NORTH
MED-0590,2023-03-01,3,CENTRAL
MED-0590,2023-04-01,6,NORTH
MED-0590,2023-05-01,5,NORTH
MED-0590,2023-06-01,1,WEST
MED-0590,2023-07-01,3,NORTH
MED-0590,2023-08-01,4,NORTH
MED-0590,2023-09-01,0,NORTH
MED-0590,2023-10-01,5,NORTH
MED-0590,2023-11-01,2,SOUTH
MED-0590,2023-12-01,7,NORTH
MED-0590,2024-01-01,2,NORTH
MED-0590,2024-02-01,2,CENTRAL
MED-0590,2024-03-01,3,NORTH
MED-0590,2024-04-01,7,CENTRAL
MED-0590,2024-05-01,4,NORTH
MED-0590,2024-06-01,3,EAST
MED-0590,2024-07-01,3,NORTH
MED-0590,2024-08-01,3,NORTH
MED-0590,2024-09-01,4,NORTH
MED-0590,2024-10-01,2,WEST
MED-0590,2024-11-01,4,NORTH
MED-0590,2024-12-01,3,SOUTH
MED-0590,2025-01-01,1,NORTH
MED-0590,2025-02-01,2,NORTH
MED-0590,2025-03-01,2,NORTH
MED-0590,2025-04-01,3,NORTH
MED-0590,2025-05-01,3,NORTH
MED-0590,2025-06-01,5,CENTRAL
MED-0590,2025-07-01,5,NORTH
MED-0590,2025-08-01,2,NORTH
MED-0590,2025-09-01,4,NORTH
MED-0590,2025-10-01,4,NORTH
MED-0590,2025-11-01,3,CENTRAL
MED-0590,2025-12-01,7,NORTH
MED-0591,2022-01-01,0,SOUTH
MED-0591,2022-02-01,0,EAST
MED-0591,2022-03-01,0,WEST
MED-0591,2022-04-01,0,SOUTH
MED-0591,2022-05-01,0,EAST
MED-0591,2022-06-01,0,CENTRAL
MED-0591,2022-07-01,0,SOUTH
MED-0591,2022-08-01,0,SOUTH
MED-0591,2022-09-01,0,SOUTH
MED-0591,2022-10-01,0,WEST
MED-0591,2022-11-01,0,SOUTH
MED-0591,2022-12-01,0,SOUTH
MED-0591,2023-01-01,0,EAST
MED-0591,2023-02-01,0,SOUTH
MED-0591,2023-03-01,0,SOUTH
MED-0591,2023-04-01,0,SOUTH
MED-0591,2023-05-01,0,SOUTH
MED-0591,2023-06-01,0,SOUTH
MED-0591,2023-07-01,2,SOUTH
MED-0591,2023-08-01,0,SOUTH
MED-0591,2023-09-01,0,SOUTH
MED-0591,2023-10-01,0,SOUTH
MED-0591,2023-11-01,0,SOUTH
MED-0591,2023-12-01,0,WEST
MED-0591,2024-01-01,0,SOUTH
MED-0591,2024-02-01,9,SOUTH
MED-0591,2024-03-01,0,SOUTH
MED-0591,2024-04-01,0,SOUTH
MED-0591,2024-05-01,29,WEST
MED-0591,2024-06-01,16,SOUTH
MED-0591,2024-07-01,0,CENTRAL
MED-0591,2024-08-01,0,SOUTH
MED-0591,2024-09-01,0,CENTRAL
MED-0591,2024-10-01,18,SOUTH
MED-0591,2024-11-01,0,SOUTH
MED-0591,2024-12-01,0,WEST
MED-0591,2025-01-01,0,SOUTH
MED-0591,2025-02-01,0,SOUTH
MED-0591,2025-03-01,0,NORTH
MED-0591,2025-04-01,12,SOUTH
MED-0591,2025-05-01,0,SOUTH
MED-0591,2025-06-01,0,SOUTH
MED-0591,2025-07-01,0,SOUTH
MED-0591,2025-08-01,0,EAST
MED-0591,2025-09-01,0,EAST
MED-0591,2025-10-01,0,CENTRAL
MED-0591,2025-11-01,0,NORTH
MED-0591,2025-12-01,0,SOUTH
MED-0592,2023-07-01,0,CENTRAL
MED-0592,2023-08-01,0,NORTH
MED-0592,2023-09-01,0,NORTH
MED-0592,2023-10-01,0,NORTH
MED-0592,2023-11-01,0,NORTH
MED-0592,2023-12-01,0,CENTRAL
MED-0592,2024-01-01,0,NORTH
MED-0592,2024-02-01,0,NORTH
MED-0592,2024-03-01,11,NORTH
MED-0592,2024-04-01,0,NORTH
MED-0592,2024-05-01,0,CENTRAL
MED-0592,2024-06-01,0,NORTH
MED-0592,2024-07-01,0,NORTH
MED-0592,2024-08-01,0,NORTH
MED-0592,2024-09-01,17,NORTH
MED-0592,2024-10-01,0,NORTH
MED-0592,2024-11-01,0,CENTRAL
MED-0592,2024-12-01,0,NORTH
MED-0592,2025-01-01,0,NORTH
MED-0592,2025-02-01,7,NORTH
MED-0592,2025-03-01,0,WEST
MED-0592,2025-04-01,19,NORTH
MED-0592,2025-05-01,0,NORTH
MED-0592,2025-06-01,0,NORTH
MED-0592,2025-07-01,0,NORTH
MED-0592,2025-08-01,0,NORTH
MED-0592,2025-09-01,0,NORTH
MED-0592,2025-10-01,0,EAST
MED-0592,2025-11-01,0,NORTH
MED-0592,2025-12-01,0,NORTH
MED-0593,2022-01-01,3,WEST
MED-0593,2022-02-01,7,EAST
MED-0593,2022-03-01,10,SOUTH
MED-0593,2022-04-01,3,SOUTH
MED-0593,2022-05-01,11,EAST
MED-0593,2022-06-01,11,SOUTH
MED-0593,2022-07-01,5,SOUTH
MED-0593,2022-08-01,7,SOUTH
MED-0593,2022-09-01,5,SOUTH
MED-0593,2022-10-01,8,WEST
MED-0593,2022-11-01,5,SOUTH
MED-0593,2022-12-01,3,SOUTH
MED-0593,2023-01-01,8,SOUTH
MED-0593,2023-02-01,5,SOUTH
MED-0593,2023-03-01,8,SOUTH
MED-0593,2023-04-01,11,SOUTH
MED-0593,2023-05-01,7,SOUTH
MED-0593,2023-06-01,9,SOUTH
MED-0593,2023-07-01,9,SOUTH
MED-0593,2023-08-01,5,SOUTH
MED-0593,2023-09-01,9,CENTRAL
MED-0593,2023-10-01,13,SOUTH
MED-0593,2023-11-01,5,SOUTH
MED-0593,2023-12-01,7,SOUTH
MED-0593,2024-01-01,2,CENTRAL
MED-0593,2024-02-01,8,SOUTH
MED-0593,2024-03-01,3,EAST
MED-0593,2024-04-01,22,SOUTH
MED-0593,2024-05-01,17,SOUTH
MED-0593,2024-06-01,8,SOUTH
MED-0593,2024-07-01,7,SOUTH
MED-0593,2024-08-01,8,SOUTH
MED-0593,2024-09-01,7,CENTRAL
MED-0593,2024-10-01,12,SOUTH
MED-0593,2024-11-01,5,SOUTH
MED-0593,2024-12-01,4,EAST
MED-0593,2025-01-01,8,NORTH
MED-0593,2025-02-01,22,SOUTH
MED-0593,2025-03-01,2,SOUTH
MED-0593,2025-04-01,9,SOUTH
MED-0593,2025-05-01,11,SOUTH
MED-0593,2025-06-01,7,SOUTH
MED-0593,2025-07-01,4,SOUTH
MED-0593,2025-08-01,5,SOUTH
MED-0593,2025-09-01,6,SOUTH
MED-0593,2025-10-01,4,EAST
MED-0593,2025-11-01,7,SOUTH
MED-0593,2025-12-01,8,NORTH
MED-0594,2022-01-01,5,SOUTH
MED-0594,2022-02-01,3,SOUTH
MED-0594,2022-03-01,7,SOUTH
MED-0594,2022-04-01,0,NORTH
MED-0594,2022-05-01,3,SOUTH
MED-0594,2022-06-01,5,SOUTH
MED-0594,2022-07-01,7,SOUTH
MED-0594,2022-08-01,6,SOUTH
MED-0594,2022-09-01,6,SOUTH
MED-0594,2022-10-01,4,SOUTH
MED-0594,2022-11-01,2,SOUTH
MED-0594,2022-12-01,3,NORTH
MED-0594,2023-01-01,8,EAST
MED-0594,2023-02-01,2,SOUTH
MED-0594,2023-03-01,6,SOUTH
MED-0594,2023-04-01,5,CENTRAL
MED-0594,2023-05-01,11,NORTH
MED-0594,2023-06-01,7,SOUTH
MED-0594,2023-07-01,5,SOUTH
MED-0594,2023-08-01,9,SOUTH
MED-0594,2023-09-01,5,WEST
MED-0594,2023-10-01,6,SOUTH
MED-0594,2023-11-01,5,SOUTH
MED-0594,2023-12-01,3,NORTH
MED-0594,2024-01-01,8,SOUTH
MED-0594,2024-02-01,4,SOUTH
MED-0594,2024-03-01,5,SOUTH
MED-0594,2024-04-01,6,NORTH
MED-0594,2024-05-01,6,WEST
MED-0594,2024-06-01,5,SOUTH
MED-0594,2024-07-01,10,SOUTH
MED-0594,2024-08-01,3,NORTH
MED-0594,2024-09-01,2,SOUTH
MED-0594,2024-10-01,10,EAST
MED-0594,2024-11-01,3,SOUTH
MED-0594,2024-12-01,6,EAST
MED-0594,2025-01-01,7,EAST
MED-0594,2025-02-01,5,SOUTH
MED-0594,2025-03-01,6,SOUTH
MED-0594,2025-04-01,5,SOUTH
MED-0594,2025-05-01,7,SOUTH
MED-0594,2025-06-01,3,SOUTH
MED-0594,2025-07-01,6,WEST
MED-0594,2025-08-01,5,SOUTH
MED-0594,2025-09-01,6,NORTH
MED-0594,2025-10-01,6,EAST
MED-0594,2025-11-01,5,SOUTH
MED-0594,2025-12-01,4,SOUTH
MED-0595,2024-07-01,7,NORTH
MED-0595,2024-08-01,4,WEST
MED-0595,2024-09-01,9,WEST
MED-0595,2024-10-01,8,WEST
MED-0595,2024-11-01,3,WEST
MED-0595,2024-12-01,4,WEST
MED-0595,2025-01-01,7,WEST
MED-0595,2025-02-01,3,WEST
MED-0595,2025-03-01,11,CENTRAL
MED-0595,2025-04-01,8,NORTH
MED-0595,2025-05-01,5,WEST
MED-0595,2025-06-01,5,WEST
MED-0595,2025-07-01,8,NORTH
MED-0595,2025-08-01,3,EAST
MED-0595,2025-09-01,2,CENTRAL
MED-0595,2025-10-01,1,WEST
MED-0595,2025-11-01,7,WEST
MED-0595,2025-12-01,3,WEST
MED-0596,2022-01-01,6,NORTH
MED-0596,2022-02-01,1,NORTH
MED-0596,2022-03-01,2,EAST
MED-0596,2022-04-01,0,NORTH
MED-0596,2022-05-01,3,CENTRAL
MED-0596,2022-06-01,4,NORTH
MED-0596,2022-07-01,5,WEST
MED-0596,2022-08-01,0,SOUTH
MED-0596,2022-09-01,8,NORTH
MED-0596,2022-10-01,1,NORTH
MED-0596,2022-11-01,3,WEST
MED-0596,2022-12-01,13,NORTH
MED-0596,2023-01-01,1,SOUTH
MED-0596,2023-02-01,2,NORTH
MED-0596,2023-03-01,6,NORTH
MED-0596,2023-04-01,10,NORTH
MED-0596,2023-05-01,11,NORTH
MED-0596,2023-06-01,7,NORTH
MED-0596,2023-07-01,11,NORTH
MED-0596,2023-08-01,1,SOUTH
MED-0596,2023-09-01,23,NORTH
MED-0596,2023-10-01,0,WEST
MED-0596,2023-11-01,5,SOUTH
MED-0596,2023-12-01,2,NORTH
MED-0596,2024-01-01,3,NORTH
MED-0596,2024-02-01,10,NORTH
MED-0596,2024-03-01,0,NORTH
MED-0596,2024-04-01,6,CENTRAL
MED-0596,2024-05-01,8,EAST
MED-0596,2024-06-01,14,EAST
MED-0596,2024-07-01,3,NORTH
MED-0596,2024-08-01,8,WEST
MED-0596,2024-09-01,1,SOUTH
MED-0596,2024-10-01,6,NORTH
MED-0596,2024-11-01,6,NORTH
MED-0596,2024-12-01,3,CENTRAL
MED-0596,2025-01-01,11,NORTH
MED-0596,2025-02-01,10,NORTH
MED-0596,2025-03-01,18,NORTH
MED-0596,2025-04-01,3,WEST
MED-0596,2025-05-01,8,CENTRAL
MED-0596,2025-06-01,5,NORTH
MED-0596,2025-07-01,6,NORTH
MED-0596,2025-08-01,17,NORTH
MED-0596,2025-09-01,2,SOUTH
MED-0596,2025-10-01,2,CENTRAL
MED-0596,2025-11-01,8,NORTH
MED-0596,2025-12-01,6,CENTRAL
MED-0597,2023-07-01,0,EAST
MED-0597,2023-08-01,0,SOUTH
MED-0597,2023-09-01,0,EAST
MED-0597,2023-10-01,0,EAST
MED-0597,2023-11-01,0,EAST
MED-0597,2023-12-01,0,SOUTH
MED-0597,2024-01-01,0,NORTH
MED-0597,2024-02-01,3,WEST
MED-0597,2024-03-01,1,EAST
MED-0597,2024-04-01,3,WEST
MED-0597,2024-05-01,0,NORTH
MED-0597,2024-06-01,0,SOUTH
MED-0597,2024-07-01,0,WEST
MED-0597,2024-08-01,0,EAST
MED-0597,2024-09-01,0,EAST
MED-0597,2024-10-01,2,CENTRAL
MED-0597,2024-11-01,0,EAST
MED-0597,2024-12-01,3,EAST
MED-0597,2025-01-01,3,EAST
MED-0597,2025-02-01,0,CENTRAL
MED-0597,2025-03-01,0,CENTRAL
MED-0597,2025-04-01,0,EAST
MED-0597,2025-05-01,0,CENTRAL
MED-0597,2025-06-01,0,EAST
MED-0597,2025-07-01,5,EAST
MED-0597,2025-08-01,5,EAST
MED-0597,2025-09-01,6,SOUTH
MED-0597,2025-10-01,0,EAST
MED-0597,2025-11-01,0,EAST
MED-0597,2025-12-01,0,NORTH
MED-0598,2022-01-01,0,SOUTH
MED-0598,2022-02-01,0,SOUTH
MED-0598,2022-03-01,0,SOUTH
MED-0598,2022-04-01,0,SOUTH
MED-0598,2022-05-01,5,SOUTH
MED-0598,2022-06-01,0,EAST
MED-0598,2022-07-01,0,WEST
MED-0598,2022-08-01,0,SOUTH
MED-0598,2022-09-01,0,SOUTH
MED-0598,2022-10-01,0,SOUTH
MED-0598,2022-11-01,0,SOUTH
MED-0598,2022-12-01,0,WEST
MED-0598,2023-01-01,0,SOUTH
MED-0598,2023-02-01,7,SOUTH
MED-0598,2023-03-01,0,NORTH
MED-0598,2023-04-01,0,SOUTH
MED-0598,2023-05-01,0,SOUTH
MED-0598,2023-06-01,8,EAST
MED-0598,2023-07-01,0,SOUTH
MED-0598,2023-08-01,0,SOUTH
MED-0598,2023-09-01,0,SOUTH
MED-0598,2023-10-01,0,EAST
MED-0598,2023-11-01,0,SOUTH
MED-0598,2023-12-01,0,EAST
MED-0598,2024-01-01,0,SOUTH
MED-0598,2024-02-01,7,SOUTH
MED-0598,2024-03-01,0,SOUTH
MED-0598,2024-04-01,0,SOUTH
MED-0598,2024-05-01,0,SOUTH
MED-0598,2024-06-01,1,SOUTH
MED-0598,2024-07-01,0,EAST
MED-0598,2024-08-01,0,SOUTH
MED-0598,2024-09-01,0,SOUTH
MED-0598,2024-10-01,0,NORTH
MED-0598,2024-11-01,0,SOUTH
MED-0598,2024-12-01,0,WEST
MED-0598,2025-01-01,0,NORTH
MED-0598,2025-02-01,0,SOUTH
MED-0598,2025-03-01,0,SOUTH
MED-0598,2025-04-01,0,NORTH
MED-0598,2025-05-01,8,SOUTH
MED-0598,2025-06-01,3,SOUTH
MED-0598,2025-07-01,0,NORTH
MED-0598,2025-08-01,0,SOUTH
MED-0598,2025-09-01,6,NORTH
MED-0598,2025-10-01,20,SOUTH
MED-0598,2025-11-01,4,EAST
MED-0598,2025-12-01,0,SOUTH
MED-0599,2022-01-01,9,SOUTH
MED-0599,2022-02-01,11,CENTRAL
MED-0599,2022-03-01,4,CENTRAL
MED-0599,2022-04-01,3,WEST
MED-0599,2022-05-01,7,CENTRAL
MED-0599,2022-06-01,1,CENTRAL
MED-0599,2022-07-01,3,CENTRAL
MED-0599,2022-08-01,7,EAST
MED-0599,2022-09-01,0,CENTRAL
MED-0599,2022-10-01,1,CENTRAL
MED-0599,2022-11-01,2,CENTRAL
MED-0599,2022-12-01,4,SOUTH
MED-0599,2023-01-01,2,CENTRAL
MED-0599,2023-02-01,0,WEST
MED-0599,2023-03-01,5,CENTRAL
MED-0599,2023-04-01,17,NORTH
MED-0599,2023-05-01,12,SOUTH
MED-0599,2023-06-01,1,CENTRAL
MED-0599,2023-07-01,8,WEST
MED-0599,2023-08-01,8,EAST
MED-0599,2023-09-01,20,WEST
MED-0599,2023-10-01,13,CENTRAL
MED-0599,2023-11-01,0,CENTRAL
MED-0599,2023-12-01,5,WEST
MED-0599,2024-01-01,8,EAST
MED-0599,2024-02-01,3,SOUTH
MED-0599,2024-03-01,3,CENTRAL
MED-0599,2024-04-01,3,CENTRAL
MED-0599,2024-05-01,9,CENTRAL
MED-0599,2024-06-01,12,CENTRAL
MED-0599,2024-07-01,5,SOUTH
MED-0599,2024-08-01,22,CENTRAL
MED-0599,2024-09-01,1,SOUTH
MED-0599,2024-10-01,8,CENTRAL
MED-0599,2024-11-01,4,CENTRAL
MED-0599,2024-12-01,4,CENTRAL
MED-0599,2025-01-01,12,CENTRAL
MED-0599,2025-02-01,7,NORTH
MED-0599,2025-03-01,12,CENTRAL
MED-0599,2025-04-01,10,SOUTH
MED-0599,2025-05-01,4,CENTRAL
MED-0599,2025-06-01,1,NORTH
MED-0599,2025-07-01,7,CENTRAL
MED-0599,2025-08-01,2,CENTRAL
MED-0599,2025-09-01,7,CENTRAL
MED-0599,2025-10-01,5,CENTRAL
MED-0599,2025-11-01,7,CENTRAL
MED-0599,2025-12-01,7,CENTRAL
MED-0600,2022-07-01,3,EAST
MED-0600,2022-08-01,8,EAST
MED-0600,2022-09-01,3,NORTH
MED-0600,2022-10-01,6,EAST
MED-0600,2022-11-01,7,WEST
MED-0600,2022-12-01,5,EAST
MED-0600,2023-01-01,6,EAST
MED-0600,2023-02-01,3,EAST
MED-0600,2023-03-01,1,NORTH
MED-0600,2023-04-01,3,CENTRAL
MED-0600,2023-05-01,3,EAST
MED-0600,2023-06-01,2,EAST
MED-0600,2023-07-01,1,WEST
MED-0600,2023-08-01,6,EAST
MED-0600,2023-09-01,10,WEST
MED-0600,2023-10-01,2,EAST
MED-0600,2023-11-01,3,EAST
MED-0600,2023-12-01,2,EAST
MED-0600,2024-01-01,4,NORTH
MED-0600,2024-02-01,1,EAST
MED-0600,2024-03-01,5,SOUTH
MED-0600,2024-04-01,3,WEST
MED-0600,2024-05-01,3,EAST
MED-0600,2024-06-01,1,NORTH
MED-0600,2024-07-01,2,EAST
MED-0600,2024-08-01,5,EAST
MED-0600,2024-09-01,1,EAST
MED-0600,2024-10-01,4,EAST
MED-0600,2024-11-01,2,EAST
MED-0600,2024-12-01,4,WEST
MED-0600,2025-01-01,4,EAST
MED-0600,2025-02-01,1,CENTRAL
MED-0600,2025-03-01,8,EAST
MED-0600,2025-04-01,4,EAST
MED-0600,2025-05-01,6,EAST
MED-0600,2025-06-01,2,EAST
MED-0600,2025-07-01,6,EAST
MED-0600,2025-08-01,4,EAST
MED-0600,2025-09-01,2,NORTH
MED-0600,2025-10-01,2,EAST
MED-0600,2025-11-01,7,CENTRAL
MED-0600,2025-12-01,6,EAST
MED-0601,2022-07-01,0,CENTRAL
MED-0601,2022-08-01,0,CENTRAL
MED-0601,2022-09-01,0,EAST
MED-0601,2022-10-01,0,EAST
MED-0601,2022-11-01,0,WEST
MED-0601,2022-12-01,11,EAST
MED-0601,2023-01-01,0,CENTRAL
MED-0601,2023-02-01,0,EAST
MED-0601,2023-03-01,0,EAST
MED-0601,2023-04-01,0,EAST
MED-0601,2023-05-01,0,EAST
MED-0601,2023-06-01,0,EAST
MED-0601,2023-07-01,0,EAST
MED-0601,2023-08-01,0,NORTH
MED-0601,2023-09-01,28,EAST
MED-0601,2023-10-01,0,EAST
MED-0601,2023-11-01,0,EAST
MED-0601,2023-12-01,8,SOUTH
MED-0601,2024-01-01,0,EAST
MED-0601,2024-02-01,0,EAST
MED-0601,2024-03-01,0,EAST
MED-0601,2024-04-01,6,EAST
MED-0601,2024-05-01,16,NORTH
MED-0601,2024-06-01,0,EAST
MED-0601,2024-07-01,0,EAST
MED-0601,2024-08-01,0,CENTRAL
MED-0601,2024-09-01,0,SOUTH
MED-0601,2024-10-01,0,EAST
MED-0601,2024-11-01,0,SOUTH
MED-0601,2024-12-01,0,CENTRAL
MED-0601,2025-01-01,0,EAST
MED-0601,2025-02-01,0,EAST
MED-0601,2025-03-01,0,WEST
MED-0601,2025-04-01,0,CENTRAL
MED-0601,2025-05-01,0,EAST
MED-0601,2025-06-01,0,SOUTH
MED-0601,2025-07-01,0,EAST
MED-0601,2025-08-01,0,EAST
MED-0601,2025-09-01,0,EAST
MED-0601,2025-10-01,0,WEST
MED-0601,2025-11-01,0,EAST
MED-0601,2025-12-01,0,EAST
MED-0602,2022-01-01,6,WEST
MED-0602,2022-02-01,4,NORTH
MED-0602,2022-03-01,5,NORTH
MED-0602,2022-04-01,5,NORTH
MED-0602,2022-05-01,3,NORTH
MED-0602,2022-06-01,5,WEST
MED-0602,2022-07-01,4,NORTH
MED-0602,2022-08-01,4,NORTH
MED-0602,2022-09-01,4,NORTH
MED-0602,2022-10-01,5,NORTH
MED-0602,2022-11-01,7,NORTH
MED-0602,2022-12-01,7,CENTRAL
MED-0602,2023-01-01,2,SOUTH
MED-0602,2023-02-01,3,NORTH
MED-0602,2023-03-01,4,NORTH
MED-0602,2023-04-01,5,SOUTH
MED-0602,2023-05-01,2,NORTH
MED-0602,2023-06-01,6,NORTH
MED-0602,2023-07-01,3,NORTH
MED-0602,2023-08-01,7,NORTH
MED-0602,2023-09-01,10,NORTH
MED-0602,2023-10-01,4,NORTH
MED-0602,2023-11-01,4,WEST
MED-0602,2023-12-01,37,EAST
MED-0602,2024-01-01,2,NORTH
MED-0602,2024-02-01,4,NORTH
MED-0602,2024-03-01,3,NORTH
MED-0602,2024-04-01,3,NORTH
MED-0602,2024-05-01,6,NORTH
MED-0602,2024-06-01,3,NORTH
MED-0602,2024-07-01,7,NORTH
MED-0602,2024-08-01,4,SOUTH
MED-0602,2024-09-01,5,NORTH
MED-0602,2024-10-01,3,NORTH
MED-0602,2024-11-01,4,NORTH
MED-0602,2024-12-01,0,WEST
MED-0602,2025-01-01,4,NORTH
MED-0602,2025-02-01,4,NORTH
MED-0602,2025-03-01,1,NORTH
MED-0602,2025-04-01,6,NORTH
MED-0602,2025-05-01,4,NORTH
MED-0602,2025-06-01,3,NORTH
MED-0602,2025-07-01,3,WEST
MED-0602,2025-08-01,5,NORTH
MED-0602,2025-09-01,9,NORTH
MED-0602,2025-10-01,5,NORTH
MED-0602,2025-11-01,3,NORTH
MED-0602,2025-12-01,3,NORTH
MED-0603,2022-07-01,3,NORTH
MED-0603,2022-08-01,3,WEST
MED-0603,2022-09-01,7,CENTRAL
MED-0603,2022-10-01,7,NORTH
MED-0603,2022-11-01,4,NORTH
MED-0603,2022-12-01,4,EAST
MED-0603,2023-01-01,4,NORTH
MED-0603,2023-02-01,9,NORTH
MED-0603,2023-03-01,4,NORTH
MED-0603,2023-04-01,5,SOUTH
MED-0603,2023-05-01,8,NORTH
MED-0603,2023-06-01,3,NORTH
MED-0603,2023-07-01,3,SOUTH
MED-0603,2023-08-01,7,CENTRAL
MED-0603,2023-09-01,4,NORTH
MED-0603,2023-10-01,3,NORTH
MED-0603,2023-11-01,3,NORTH
MED-0603,2023-12-01,7,SOUTH
MED-0603,2024-01-01,4,NORTH
MED-0603,2024-02-01,2,NORTH
MED-0603,2024-03-01,3,NORTH
MED-0603,2024-04-01,6,NORTH
MED-0603,2024-05-01,4,NORTH
MED-0603,2024-06-01,3,NORTH
MED-0603,2024-07-01,8,NORTH
MED-0603,2024-08-01,2,NORTH
MED-0603,2024-09-01,4,NORTH
MED-0603,2024-10-01,3,NORTH
MED-0603,2024-11-01,6,CENTRAL
MED-0603,2024-12-01,2,SOUTH
MED-0603,2025-01-01,3,NORTH
MED-0603,2025-02-01,5,SOUTH
MED-0603,2025-03-01,3,NORTH
MED-0603,2025-04-01,2,SOUTH
MED-0603,2025-05-01,6,SOUTH
MED-0603,2025-06-01,4,NORTH
MED-0603,2025-07-01,1,NORTH
MED-0603,2025-08-01,9,NORTH
MED-0603,2025-09-01,3,NORTH
MED-0603,2025-10-01,2,NORTH
MED-0603,2025-11-01,6,NORTH
MED-0603,2025-12-01,7,WEST
MED-0604,2022-01-01,3,WEST
MED-0604,2022-02-01,1,WEST
MED-0604,2022-03-01,4,WEST
MED-0604,2022-04-01,7,EAST
MED-0604,2022-05-01,6,WEST
MED-0604,2022-06-01,6,WEST
MED-0604,2022-07-01,2,NORTH
MED-0604,2022-08-01,8,SOUTH
MED-0604,2022-09-01,7,WEST
MED-0604,2022-10-01,6,WEST
MED-0604,2022-11-01,13,NORTH
MED-0604,2022-12-01,4,WEST
MED-0604,2023-01-01,3,WEST
MED-0604,2023-02-01,3,WEST
MED-0604,2023-03-01,8,WEST
MED-0604,2023-04-01,4,SOUTH
MED-0604,2023-05-01,4,CENTRAL
MED-0604,2023-06-01,7,WEST
MED-0604,2023-07-01,4,WEST
MED-0604,2023-08-01,3,WEST
MED-0604,2023-09-01,5,EAST
MED-0604,2023-10-01,6,WEST
MED-0604,2023-11-01,5,CENTRAL
MED-0604,2023-12-01,4,CENTRAL
MED-0604,2024-01-01,7,WEST
MED-0604,2024-02-01,2,CENTRAL
MED-0604,2024-03-01,3,WEST
MED-0604,2024-04-01,3,WEST
MED-0604,2024-05-01,3,WEST
MED-0604,2024-06-01,10,WEST
MED-0604,2024-07-01,8,WEST
MED-0604,2024-08-01,4,WEST
MED-0604,2024-09-01,9,NORTH
MED-0604,2024-10-01,4,WEST
MED-0604,2024-11-01,3,WEST
MED-0604,2024-12-01,2,NORTH
MED-0604,2025-01-01,0,WEST
MED-0604,2025-02-01,1,NORTH
MED-0604,2025-03-01,3,WEST
MED-0604,2025-04-01,8,EAST
MED-0604,2025-05-01,4,WEST
MED-0604,2025-06-01,8,SOUTH
MED-0604,2025-07-01,7,SOUTH
MED-0604,2025-08-01,2,WEST
MED-0604,2025-09-01,4,CENTRAL
MED-0604,2025-10-01,4,WEST
MED-0604,2025-11-01,5,EAST
MED-0604,2025-12-01,3,WEST
MED-0605,2022-07-01,10,CENTRAL
MED-0605,2022-08-01,0,CENTRAL
MED-0605,2022-09-01,0,SOUTH
MED-0605,2022-10-01,7,SOUTH
MED-0605,2022-11-01,0,CENTRAL
MED-0605,2022-12-01,0,WEST
MED-0605,2023-01-01,0,CENTRAL
MED-0605,2023-02-01,0,WEST
MED-0605,2023-03-01,0,NORTH
MED-0605,2023-04-01,0,EAST
MED-0605,2023-05-01,0,CENTRAL
MED-0605,2023-06-01,0,WEST
MED-0605,2023-07-01,0,NORTH
MED-0605,2023-08-01,0,SOUTH
MED-0605,2023-09-01,14,CENTRAL
MED-0605,2023-10-01,0,CENTRAL
MED-0605,2023-11-01,0,WEST
MED-0605,2023-12-01,0,CENTRAL
MED-0605,2024-01-01,0,EAST
MED-0605,2024-02-01,0,CENTRAL
MED-0605,2024-03-01,0,EAST
MED-0605,2024-04-01,0,CENTRAL
MED-0605,2024-05-01,0,CENTRAL
MED-0605,2024-06-01,0,CENTRAL
MED-0605,2024-07-01,0,SOUTH
MED-0605,2024-08-01,3,CENTRAL
MED-0605,2024-09-01,7,CENTRAL
MED-0605,2024-10-01,16,CENTRAL
MED-0605,2024-11-01,0,CENTRAL
MED-0605,2024-12-01,0,CENTRAL
MED-0605,2025-01-01,8,SOUTH
MED-0605,2025-02-01,14,EAST
MED-0605,2025-03-01,0,CENTRAL
MED-0605,2025-04-01,0,CENTRAL
MED-0605,2025-05-01,0,CENTRAL
MED-0605,2025-06-01,0,SOUTH
MED-0605,2025-07-01,0,WEST
MED-0605,2025-08-01,0,CENTRAL
MED-0605,2025-09-01,0,CENTRAL
MED-0605,2025-10-01,3,WEST
MED-0605,2025-11-01,5,SOUTH
MED-0605,2025-12-01,0,CENTRAL
MED-0606,2022-01-01,3,SOUTH
MED-0606,2022-02-01,0,SOUTH
MED-0606,2022-03-01,4,EAST
MED-0606,2022-04-01,0,NORTH
MED-0606,2022-05-01,0,SOUTH
MED-0606,2022-06-01,0,SOUTH
MED-0606,2022-07-01,6,SOUTH
MED-0606,2022-08-01,0,SOUTH
MED-0606,2022-09-01,0,NORTH
MED-0606,2022-10-01,0,CENTRAL
MED-0606,2022-11-01,0,SOUTH
MED-0606,2022-12-01,4,SOUTH
MED-0606,2023-01-01,1,NORTH
MED-0606,2023-02-01,0,SOUTH
MED-0606,2023-03-01,0,SOUTH
MED-0606,2023-04-01,0,SOUTH
MED-0606,2023-05-01,0,SOUTH
MED-0606,2023-06-01,0,SOUTH
MED-0606,2023-07-01,0,SOUTH
MED-0606,2023-08-01,15,SOUTH
MED-0606,2023-09-01,0,SOUTH
MED-0606,2023-10-01,0,SOUTH
MED-0606,2023-11-01,2,SOUTH
MED-0606,2023-12-01,0,SOUTH
MED-0606,2024-01-01,6,SOUTH
MED-0606,2024-02-01,0,SOUTH
MED-0606,2024-03-01,7,NORTH
MED-0606,2024-04-01,7,WEST
MED-0606,2024-05-01,0,SOUTH
MED-0606,2024-06-01,0,SOUTH
MED-0606,2024-07-01,0,SOUTH
MED-0606,2024-08-01,0,SOUTH
MED-0606,2024-09-01,0,CENTRAL
MED-0606,2024-10-01,2,NORTH
MED-0606,2024-11-01,0,SOUTH
MED-0606,2024-12-01,0,NORTH
MED-0606,2025-01-01,2,SOUTH
MED-0606,2025-02-01,0,SOUTH
MED-0606,2025-03-01,0,SOUTH
MED-0606,2025-04-01,0,EAST
MED-0606,2025-05-01,3,NORTH
MED-0606,2025-06-01,0,SOUTH
MED-0606,2025-07-01,0,SOUTH
MED-0606,2025-08-01,0,SOUTH
MED-0606,2025-09-01,0,SOUTH
MED-0606,2025-10-01,3,SOUTH
MED-0606,2025-11-01,7,SOUTH
MED-0606,2025-12-01,0,SOUTH
MED-0607,2022-01-01,5,WEST
MED-0607,2022-02-01,9,CENTRAL
MED-0607,2022-03-01,16,WEST
MED-0607,2022-04-01,8,SOUTH
MED-0607,2022-05-01,7,WEST
MED-0607,2022-06-01,10,SOUTH
MED-0607,2022-07-01,6,SOUTH
MED-0607,2022-08-01,7,SOUTH
MED-0607,2022-09-01,6,SOUTH
MED-0607,2022-10-01,8,SOUTH
MED-0607,2022-11-01,6,SOUTH
MED-0607,2022-12-01,5,SOUTH
MED-0607,2023-01-01,8,SOUTH
MED-0607,2023-02-01,6,CENTRAL
MED-0607,2023-03-01,19,EAST
MED-0607,2023-04-01,7,SOUTH
MED-0607,2023-05-01,8,SOUTH
MED-0607,2023-06-01,16,NORTH
MED-0607,2023-07-01,11,NORTH
MED-0607,2023-08-01,14,SOUTH
MED-0607,2023-09-01,8,WEST
MED-0607,2023-10-01,9,SOUTH
MED-0607,2023-11-01,8,WEST
MED-0607,2023-12-01,9,SOUTH
MED-0607,2024-01-01,6,SOUTH
MED-0607,2024-02-01,10,SOUTH
MED-0607,2024-03-01,7,SOUTH
MED-0607,2024-04-01,9,SOUTH
MED-0607,2024-05-01,8,SOUTH
MED-0607,2024-06-01,8,SOUTH
MED-0607,2024-07-01,12,CENTRAL
MED-0607,2024-08-01,3,EAST
MED-0607,2024-09-01,3,SOUTH
MED-0607,2024-10-01,6,SOUTH
MED-0607,2024-11-01,7,WEST
MED-0607,2024-12-01,6,SOUTH
MED-0607,2025-01-01,13,SOUTH
MED-0607,2025-02-01,6,SOUTH
MED-0607,2025-03-01,3,SOUTH
MED-0607,2025-04-01,6,SOUTH
MED-0607,2025-05-01,8,CENTRAL
MED-0607,2025-06-01,10,SOUTH
MED-0607,2025-07-01,7,SOUTH
MED-0607,2025-08-01,12,NORTH
MED-0607,2025-09-01,13,SOUTH
MED-0607,2025-10-01,9,CENTRAL
MED-0607,2025-11-01,6,SOUTH
MED-0607,2025-12-01,5,WEST
MED-0608,2022-01-01,0,CENTRAL
MED-0608,2022-02-01,0,CENTRAL
MED-0608,2022-03-01,0,CENTRAL
MED-0608,2022-04-01,0,SOUTH
MED-0608,2022-05-01,0,CENTRAL
MED-0608,2022-06-01,0,EAST
MED-0608,2022-07-01,0,WEST
MED-0608,2022-08-01,0,CENTRAL
MED-0608,2022-09-01,0,NORTH
MED-0608,2022-10-01,4,SOUTH
MED-0608,2022-11-01,0,CENTRAL
MED-0608,2022-12-01,0,CENTRAL
MED-0608,2023-01-01,0,WEST
MED-0608,2023-02-01,7,EAST
MED-0608,2023-03-01,3,EAST
MED-0608,2023-04-01,10,WEST
MED-0608,2023-05-01,0,CENTRAL
MED-0608,2023-06-01,0,CENTRAL
MED-0608,2023-07-01,0,CENTRAL
MED-0608,2023-08-01,0,CENTRAL
MED-0608,2023-09-01,13,EAST
MED-0608,2023-10-01,0,CENTRAL
MED-0608,2023-11-01,0,WEST
MED-0608,2023-12-01,0,NORTH
MED-0608,2024-01-01,0,CENTRAL
MED-0608,2024-02-01,11,CENTRAL
MED-0608,2024-03-01,0,CENTRAL
MED-0608,2024-04-01,0,CENTRAL
MED-0608,2024-05-01,0,EAST
MED-0608,2024-06-01,0,NORTH
MED-0608,2024-07-01,0,CENTRAL
MED-0608,2024-08-01,0,CENTRAL
MED-0608,2024-09-01,0,CENTRAL
MED-0608,2024-10-01,24,CENTRAL
MED-0608,2024-11-01,0,CENTRAL
MED-0608,2024-12-01,0,CENTRAL
MED-0608,2025-01-01,0,CENTRAL
MED-0608,2025-02-01,0,SOUTH
MED-0608,2025-03-01,0,WEST
MED-0608,2025-04-01,0,SOUTH
MED-0608,2025-05-01,0,CENTRAL
MED-0608,2025-06-01,0,CENTRAL
MED-0608,2025-07-01,10,CENTRAL
MED-0608,2025-08-01,0,CENTRAL
MED-0608,2025-09-01,0,NORTH
MED-0608,2025-10-01,0,CENTRAL
MED-0608,2025-11-01,0,CENTRAL
MED-0608,2025-12-01,0,CENTRAL
MED-0609,2024-07-01,2,SOUTH
MED-0609,2024-08-01,1,NORTH
MED-0609,2024-09-01,5,CENTRAL
MED-0609,2024-10-01,4,NORTH
MED-0609,2024-11-01,3,NORTH
MED-0609,2024-12-01,0,WEST
MED-0609,2025-01-01,1,NORTH
MED-0609,2025-02-01,6,NORTH
MED-0609,2025-03-01,3,NORTH
MED-0609,2025-04-01,6,EAST
MED-0609,2025-05-01,2,WEST
MED-0609,2025-06-01,1,NORTH
MED-0609,2025-07-01,5,NORTH
MED-0609,2025-08-01,2,EAST
MED-0609,2025-09-01,2,NORTH
MED-0609,2025-10-01,4,NORTH
MED-0609,2025-11-01,4,NORTH
MED-0609,2025-12-01,3,CENTRAL
MED-0610,2023-01-01,4,CENTRAL
MED-0610,2023-02-01,5,CENTRAL
MED-0610,2023-03-01,4,CENTRAL
MED-0610,2023-04-01,3,CENTRAL
MED-0610,2023-05-01,5,CENTRAL
MED-0610,2023-06-01,4,CENTRAL
MED-0610,2023-07-01,5,SOUTH
MED-0610,2023-08-01,4,CENTRAL
MED-0610,2023-09-01,2,CENTRAL
MED-0610,2023-10-01,5,CENTRAL
MED-0610,2023-11-01,3,WEST
MED-0610,2023-12-01,8,WEST
MED-0610,2024-01-01,8,SOUTH
MED-0610,2024-02-01,9,CENTRAL
MED-0610,2024-03-01,7,CENTRAL
MED-0610,2024-04-01,1,CENTRAL
MED-0610,2024-05-01,8,CENTRAL
MED-0610,2024-06-01,3,CENTRAL
MED-0610,2024-07-01,37,NORTH
MED-0610,2024-08-01,7,NORTH
MED-0610,2024-09-01,5,CENTRAL
MED-0610,2024-10-01,3,CENTRAL
MED-0610,2024-11-01,6,NORTH
MED-0610,2024-12-01,3,SOUTH
MED-0610,2025-01-01,4,CENTRAL
MED-0610,2025-02-01,5,EAST
MED-0610,2025-03-01,4,CENTRAL
MED-0610,2025-04-01,3,CENTRAL
MED-0610,2025-05-01,3,SOUTH
MED-0610,2025-06-01,5,CENTRAL
MED-0610,2025-07-01,3,CENTRAL
MED-0610,2025-08-01,5,NORTH
MED-0610,2025-09-01,6,CENTRAL
MED-0610,2025-10-01,7,SOUTH
MED-0610,2025-11-01,5,CENTRAL
MED-0610,2025-12-01,2,CENTRAL
MED-0611,2024-07-01,10,EAST
MED-0611,2024-08-01,5,EAST
MED-0611,2024-09-01,3,EAST
MED-0611,2024-10-01,7,EAST
MED-0611,2024-11-01,7,EAST
MED-0611,2024-12-01,4,WEST
MED-0611,2025-01-01,8,EAST
MED-0611,2025-02-01,4,EAST
MED-0611,2025-03-01,1,EAST
MED-0611,2025-04-01,6,EAST
MED-0611,2025-05-01,3,EAST
MED-0611,2025-06-01,5,EAST
MED-0611,2025-07-01,2,EAST
MED-0611,2025-08-01,0,CENTRAL
MED-0611,2025-09-01,8,EAST
MED-0611,2025-10-01,0,EAST
MED-0611,2025-11-01,0,EAST
MED-0611,2025-12-01,1,EAST
MED-0612,2022-01-01,5,NORTH
MED-0612,2022-02-01,9,NORTH
MED-0612,2022-03-01,18,CENTRAL
MED-0612,2022-04-01,4,EAST
MED-0612,2022-05-01,3,NORTH
MED-0612,2022-06-01,2,NORTH
MED-0612,2022-07-01,8,NORTH
MED-0612,2022-08-01,9,CENTRAL
MED-0612,2022-09-01,2,NORTH
MED-0612,2022-10-01,4,NORTH
MED-0612,2022-11-01,4,WEST
MED-0612,2022-12-01,7,NORTH
MED-0612,2023-01-01,5,EAST
MED-0612,2023-02-01,5,NORTH
MED-0612,2023-03-01,5,NORTH
MED-0612,2023-04-01,3,SOUTH
MED-0612,2023-05-01,4,NORTH
MED-0612,2023-06-01,5,NORTH
MED-0612,2023-07-01,4,NORTH
MED-0612,2023-08-01,5,NORTH
MED-0612,2023-09-01,7,NORTH
MED-0612,2023-10-01,3,NORTH
MED-0612,2023-11-01,10,NORTH
MED-0612,2023-12-01,3,NORTH
MED-0612,2024-01-01,6,NORTH
MED-0612,2024-02-01,6,EAST
MED-0612,2024-03-01,0,NORTH
MED-0612,2024-04-01,5,WEST
MED-0612,2024-05-01,5,SOUTH
MED-0612,2024-06-01,6,NORTH
MED-0612,2024-07-01,1,NORTH
MED-0612,2024-08-01,6,NORTH
MED-0612,2024-09-01,5,NORTH
MED-0612,2024-10-01,7,NORTH
MED-0612,2024-11-01,3,WEST
MED-0612,2024-12-01,3,EAST
MED-0612,2025-01-01,6,NORTH
MED-0612,2025-02-01,5,NORTH
MED-0612,2025-03-01,5,NORTH
MED-0612,2025-04-01,6,CENTRAL
MED-0612,2025-05-01,6,NORTH
MED-0612,2025-06-01,2,NORTH
MED-0612,2025-07-01,1,NORTH
MED-0612,2025-08-01,3,NORTH
MED-0612,2025-09-01,6,NORTH
MED-0612,2025-10-01,4,NORTH
MED-0612,2025-11-01,4,SOUTH
MED-0612,2025-12-01,7,CENTRAL
MED-0613,2022-01-01,13,SOUTH
MED-0613,2022-02-01,18,EAST
MED-0613,2022-03-01,13,SOUTH
MED-0613,2022-04-01,9,SOUTH
MED-0613,2022-05-01,3,SOUTH
MED-0613,2022-06-01,9,EAST
MED-0613,2022-07-01,8,SOUTH
MED-0613,2022-08-01,4,CENTRAL
MED-0613,2022-09-01,4,CENTRAL
MED-0613,2022-10-01,3,SOUTH
MED-0613,2022-11-01,1,SOUTH
MED-0613,2022-12-01,7,WEST
MED-0613,2023-01-01,9,SOUTH
MED-0613,2023-02-01,5,NORTH
MED-0613,2023-03-01,4,SOUTH
MED-0613,2023-04-01,0,SOUTH
MED-0613,2023-05-01,6,SOUTH
MED-0613,2023-06-01,10,SOUTH
MED-0613,2023-07-01,1,SOUTH
MED-0613,2023-08-01,3,SOUTH
MED-0613,2023-09-01,3,SOUTH
MED-0613,2023-10-01,2,SOUTH
MED-0613,2023-11-01,9,SOUTH
MED-0613,2023-12-01,11,SOUTH
MED-0613,2024-01-01,4,NORTH
MED-0613,2024-02-01,3,CENTRAL
MED-0613,2024-03-01,6,SOUTH
MED-0613,2024-04-01,7,SOUTH
MED-0613,2024-05-01,8,SOUTH
MED-0613,2024-06-01,1,SOUTH
MED-0613,2024-07-01,14,NORTH
MED-0613,2024-08-01,1,EAST
MED-0613,2024-09-01,1,SOUTH
MED-0613,2024-10-01,5,SOUTH
MED-0613,2024-11-01,4,SOUTH
MED-0613,2024-12-01,1,SOUTH
MED-0613,2025-01-01,4,SOUTH
MED-0613,2025-02-01,9,NORTH
MED-0613,2025-03-01,0,WEST
MED-0613,2025-04-01,2,SOUTH
MED-0613,2025-05-01,2,SOUTH
MED-0613,2025-06-01,6,SOUTH
MED-0613,2025-07-01,5,EAST
MED-0613,2025-08-01,16,SOUTH
MED-0613,2025-09-01,2,NORTH
MED-0613,2025-10-01,4,SOUTH
MED-0613,2025-11-01,4,SOUTH
MED-0613,2025-12-01,0,EAST
MED-0614,2022-01-01,0,EAST
MED-0614,2022-02-01,0,NORTH
MED-0614,2022-03-01,0,CENTRAL
MED-0614,2022-04-01,0,SOUTH
MED-0614,2022-05-01,0,EAST
MED-0614,2022-06-01,0,WEST
MED-0614,2022-07-01,0,SOUTH
MED-0614,2022-08-01,0,NORTH
MED-0614,2022-09-01,0,NORTH
MED-0614,2022-10-01,0,NORTH
MED-0614,2022-11-01,0,NORTH
MED-0614,2022-12-01,0,SOUTH
MED-0614,2023-01-01,0,NORTH
MED-0614,2023-02-01,0,NORTH
MED-0614,2023-03-01,3,WEST
MED-0614,2023-04-01,0,NORTH
MED-0614,2023-05-01,0,NORTH
MED-0614,2023-06-01,0,EAST
MED-0614,2023-07-01,0,NORTH
MED-0614,2023-08-01,0,NORTH
MED-0614,2023-09-01,0,NORTH
MED-0614,2023-10-01,0,EAST
MED-0614,2023-11-01,0,SOUTH
MED-0614,2023-12-01,0,NORTH
MED-0614,2024-01-01,0,NORTH
MED-0614,2024-02-01,0,NORTH
MED-0614,2024-03-01,0,NORTH
MED-0614,2024-04-01,11,WEST
MED-0614,2024-05-01,0,NORTH
MED-0614,2024-06-01,0,NORTH
MED-0614,2024-07-01,0,NORTH
MED-0614,2024-08-01,0,NORTH
MED-0614,2024-09-01,0,NORTH
MED-0614,2024-10-01,0,CENTRAL
MED-0614,2024-11-01,0,NORTH
MED-0614,2024-12-01,0,NORTH
MED-0614,2025-01-01,0,NORTH
MED-0614,2025-02-01,0,NORTH
MED-0614,2025-03-01,17,CENTRAL
MED-0614,2025-04-01,0,EAST
MED-0614,2025-05-01,13,NORTH
MED-0614,2025-06-01,0,WEST
MED-0614,2025-07-01,16,NORTH
MED-0614,2025-08-01,0,NORTH
MED-0614,2025-09-01,0,NORTH
MED-0614,2025-10-01,0,WEST
MED-0614,2025-11-01,0,NORTH
MED-0614,2025-12-01,0,NORTH
MED-0615,2024-01-01,1,WEST
MED-0615,2024-02-01,2,WEST
MED-0615,2024-03-01,4,SOUTH
MED-0615,2024-04-01,7,NORTH
MED-0615,2024-05-01,8,WEST
MED-0615,2024-06-01,3,WEST
MED-0615,2024-07-01,8,EAST
MED-0615,2024-08-01,2,CENTRAL
MED-0615,2024-09-01,1,WEST
MED-0615,2024-10-01,6,WEST
MED-0615,2024-11-01,5,WEST
MED-0615,2024-12-01,2,WEST
MED-0615,2025-01-01,2,SOUTH
MED-0615,2025-02-01,4,WEST
MED-0615,2025-03-01,1,SOUTH
MED-0615,2025-04-01,6,WEST
MED-0615,2025-05-01,7,WEST
MED-0615,2025-06-01,4,WEST
MED-0615,2025-07-01,6,WEST
MED-0615,2025-08-01,5,EAST
MED-0615,2025-09-01,3,WEST
MED-0615,2025-10-01,6,WEST
MED-0615,2025-11-01,1,WEST
MED-0615,2025-12-01,1,WEST
MED-0616,2022-01-01,7,EAST
MED-0616,2022-02-01,8,SOUTH
MED-0616,2022-03-01,14,EAST
MED-0616,2022-04-01,3,EAST
MED-0616,2022-05-01,2,EAST
MED-0616,2022-06-01,1,EAST
MED-0616,2022-07-01,5,EAST
MED-0616,2022-08-01,3,EAST
MED-0616,2022-09-01,7,EAST
MED-0616,2022-10-01,4,NORTH
MED-0616,2022-11-01,4,EAST
MED-0616,2022-12-01,2,EAST
MED-0616,2023-01-01,3,EAST
MED-0616,2023-02-01,0,SOUTH
MED-0616,2023-03-01,7,SOUTH
MED-0616,2023-04-01,4,EAST
MED-0616,2023-05-01,1,EAST
MED-0616,2023-06-01,6,EAST
MED-0616,2023-07-01,4,EAST
MED-0616,2023-08-01,6,SOUTH
MED-0616,2023-09-01,5,EAST
MED-0616,2023-10-01,11,EAST
MED-0616,2023-11-01,5,EAST
MED-0616,2023-12-01,11,EAST
MED-0616,2024-01-01,9,EAST
MED-0616,2024-02-01,8,CENTRAL
MED-0616,2024-03-01,1,SOUTH
MED-0616,2024-04-01,4,WEST
MED-0616,2024-05-01,2,CENTRAL
MED-0616,2024-06-01,5,EAST
MED-0616,2024-07-01,0,WEST
MED-0616,2024-08-01,7,SOUTH
MED-0616,2024-09-01,1,EAST
MED-0616,2024-10-01,7,EAST
MED-0616,2024-11-01,1,EAST
MED-0616,2024-12-01,1,EAST
MED-0616,2025-01-01,0,WEST
MED-0616,2025-02-01,3,EAST
MED-0616,2025-03-01,3,EAST
MED-0616,2025-04-01,32,EAST
MED-0616,2025-05-01,3,EAST
MED-0616,2025-06-01,2,EAST
MED-0616,2025-07-01,4,EAST
MED-0616,2025-08-01,1,WEST
MED-0616,2025-09-01,4,EAST
MED-0616,2025-10-01,0,SOUTH
MED-0616,2025-11-01,4,EAST
MED-0616,2025-12-01,0,SOUTH
MED-0617,2022-01-01,1,NORTH
MED-0617,2022-02-01,6,CENTRAL
MED-0617,2022-03-01,4,NORTH
MED-0617,2022-04-01,1,WEST
MED-0617,2022-05-01,0,NORTH
MED-0617,2022-06-01,0,NORTH
MED-0617,2022-07-01,3,CENTRAL
MED-0617,2022-08-01,3,NORTH
MED-0617,2022-09-01,14,NORTH
MED-0617,2022-10-01,6,CENTRAL
MED-0617,2022-11-01,15,NORTH
MED-0617,2022-12-01,13,CENTRAL
MED-0617,2023-01-01,2,NORTH
MED-0617,2023-02-01,14,NORTH
MED-0617,2023-03-01,2,NORTH
MED-0617,2023-04-01,1,SOUTH
MED-0617,2023-05-01,5,CENTRAL
MED-0617,2023-06-01,1,NORTH
MED-0617,2023-07-01,6,NORTH
MED-0617,2023-08-01,7,NORTH
MED-0617,2023-09-01,11,NORTH
MED-0617,2023-10-01,0,NORTH
MED-0617,2023-11-01,5,NORTH
MED-0617,2023-12-01,3,NORTH
MED-0617,2024-01-01,5,NORTH
MED-0617,2024-02-01,3,NORTH
MED-0617,2024-03-01,5,NORTH
MED-0617,2024-04-01,7,NORTH
MED-0617,2024-05-01,3,NORTH
MED-0617,2024-06-01,11,WEST
MED-0617,2024-07-01,6,SOUTH
MED-0617,2024-08-01,0,CENTRAL
MED-0617,2024-09-01,5,CENTRAL
MED-0617,2024-10-01,5,WEST
MED-0617,2024-11-01,6,NORTH
MED-0617,2024-12-01,5,NORTH
MED-0617,2025-01-01,9,EAST
MED-0617,2025-02-01,0,SOUTH
MED-0617,2025-03-01,13,NORTH
MED-0617,2025-04-01,5,NORTH
MED-0617,2025-05-01,9,NORTH
MED-0617,2025-06-01,0,NORTH
MED-0617,2025-07-01,4,NORTH
MED-0617,2025-08-01,3,SOUTH
MED-0617,2025-09-01,7,EAST
MED-0617,2025-10-01,5,NORTH
MED-0617,2025-11-01,2,EAST
MED-0617,2025-12-01,2,NORTH
MED-0618,2022-07-01,0,CENTRAL
MED-0618,2022-08-01,0,CENTRAL
MED-0618,2022-09-01,0,NORTH
MED-0618,2022-10-01,0,SOUTH
MED-0618,2022-11-01,21,NORTH
MED-0618,2022-12-01,0,NORTH
MED-0618,2023-01-01,0,EAST
MED-0618,2023-02-01,0,NORTH
MED-0618,2023-03-01,0,SOUTH
MED-0618,2023-04-01,0,NORTH
MED-0618,2023-05-01,0,NORTH
MED-0618,2023-06-01,0,NORTH
MED-0618,2023-07-01,0,NORTH
MED-0618,2023-08-01,0,CENTRAL
MED-0618,2023-09-01,0,NORTH
MED-0618,2023-10-01,0,NORTH
MED-0618,2023-11-01,0,NORTH
MED-0618,2023-12-01,0,NORTH
MED-0618,2024-01-01,0,NORTH
MED-0618,2024-02-01,0,NORTH
MED-0618,2024-03-01,0,NORTH
MED-0618,2024-04-01,103,NORTH
MED-0618,2024-05-01,0,NORTH
MED-0618,2024-06-01,0,NORTH
MED-0618,2024-07-01,0,NORTH
MED-0618,2024-08-01,0,NORTH
MED-0618,2024-09-01,0,SOUTH
MED-0618,2024-10-01,0,NORTH
MED-0618,2024-11-01,6,NORTH
MED-0618,2024-12-01,0,NORTH
MED-0618,2025-01-01,0,NORTH
MED-0618,2025-02-01,0,NORTH
MED-0618,2025-03-01,0,NORTH
MED-0618,2025-04-01,0,EAST
MED-0618,2025-05-01,0,WEST
MED-0618,2025-06-01,0,NORTH
MED-0618,2025-07-01,172,NORTH
MED-0618,2025-08-01,0,NORTH
MED-0618,2025-09-01,0,NORTH
MED-0618,2025-10-01,0,WEST
MED-0618,2025-11-01,0,NORTH
MED-0618,2025-12-01,0,NORTH
MED-0619,2024-01-01,0,SOUTH
MED-0619,2024-02-01,7,SOUTH
MED-0619,2024-03-01,0,CENTRAL
MED-0619,2024-04-01,0,SOUTH
MED-0619,2024-05-01,0,EAST
MED-0619,2024-06-01,0,SOUTH
MED-0619,2024-07-01,0,CENTRAL
MED-0619,2024-08-01,0,SOUTH
MED-0619,2024-09-01,0,SOUTH
MED-0619,2024-10-01,7,WEST
MED-0619,2024-11-01,0,SOUTH
MED-0619,2024-12-01,0,SOUTH
MED-0619,2025-01-01,0,SOUTH
MED-0619,2025-02-01,0,EAST
MED-0619,2025-03-01,0,SOUTH
MED-0619,2025-04-01,0,SOUTH
MED-0619,2025-05-01,0,CENTRAL
MED-0619,2025-06-01,0,CENTRAL
MED-0619,2025-07-01,0,SOUTH
MED-0619,2025-08-01,0,SOUTH
MED-0619,2025-09-01,9,SOUTH
MED-0619,2025-10-01,11,SOUTH
MED-0619,2025-11-01,6,SOUTH
MED-0619,2025-12-01,0,SOUTH
MED-0620,2022-07-01,0,CENTRAL
MED-0620,2022-08-01,0,WEST
MED-0620,2022-09-01,0,SOUTH
MED-0620,2022-10-01,0,WEST
MED-0620,2022-11-01,0,WEST
MED-0620,2022-12-01,13,WEST
MED-0620,2023-01-01,0,NORTH
MED-0620,2023-02-01,0,WEST
MED-0620,2023-03-01,0,CENTRAL
MED-0620,2023-04-01,10,WEST
MED-0620,2023-05-01,0,NORTH
MED-0620,2023-06-01,0,WEST
MED-0620,2023-07-01,0,CENTRAL
MED-0620,2023-08-01,14,WEST
MED-0620,2023-09-01,0,WEST
MED-0620,2023-10-01,0,WEST
MED-0620,2023-11-01,0,WEST
MED-0620,2023-12-01,0,WEST
MED-0620,2024-01-01,0,CENTRAL
MED-0620,2024-02-01,37,SOUTH
MED-0620,2024-03-01,0,WEST
MED-0620,2024-04-01,12,WEST
MED-0620,2024-05-01,5,NORTH
MED-0620,2024-06-01,0,CENTRAL
MED-0620,2024-07-01,0,WEST
MED-0620,2024-08-01,0,WEST
MED-0620,2024-09-01,0,WEST
MED-0620,2024-10-01,0,WEST
MED-0620,2024-11-01,0,WEST
MED-0620,2024-12-01,0,WEST
MED-0620,2025-01-01,12,WEST
MED-0620,2025-02-01,0,WEST
MED-0620,2025-03-01,9,WEST
MED-0620,2025-04-01,14,WEST
MED-0620,2025-05-01,0,WEST
MED-0620,2025-06-01,9,NORTH
MED-0620,2025-07-01,0,NORTH
MED-0620,2025-08-01,0,WEST
MED-0620,2025-09-01,0,WEST
MED-0620,2025-10-01,0,WEST
MED-0620,2025-11-01,0,WEST
MED-0620,2025-12-01,0,WEST
MED-0621,2022-01-01,5,CENTRAL
MED-0621,2022-02-01,6,CENTRAL
MED-0621,2022-03-01,3,CENTRAL
MED-0621,2022-04-01,2,EAST
MED-0621,2022-05-01,2,CENTRAL
MED-0621,2022-06-01,5,CENTRAL
MED-0621,2022-07-01,2,CENTRAL
MED-0621,2022-08-01,2,NORTH
MED-0621,2022-09-01,4,CENTRAL
MED-0621,2022-10-01,13,WEST
MED-0621,2022-11-01,1,NORTH
MED-0621,2022-12-01,5,CENTRAL
MED-0621,2023-01-01,8,CENTRAL
MED-0621,2023-02-01,6,CENTRAL
MED-0621,2023-03-01,5,NORTH
MED-0621,2023-04-01,6,SOUTH
MED-0621,2023-05-01,7,EAST
MED-0621,2023-06-01,4,CENTRAL
MED-0621,2023-07-01,6,NORTH
MED-0621,2023-08-01,6,CENTRAL
MED-0621,2023-09-01,5,CENTRAL
MED-0621,2023-10-01,1,CENTRAL
MED-0621,2023-11-01,12,CENTRAL
MED-0621,2023-12-01,8,CENTRAL
MED-0621,2024-01-01,7,CENTRAL
MED-0621,2024-02-01,6,CENTRAL
MED-0621,2024-03-01,2,CENTRAL
MED-0621,2024-04-01,6,CENTRAL
MED-0621,2024-05-01,6,NORTH
MED-0621,2024-06-01,4,CENTRAL
MED-0621,2024-07-01,36,CENTRAL
MED-0621,2024-08-01,17,EAST
MED-0621,2024-09-01,2,SOUTH
MED-0621,2024-10-01,1,CENTRAL
MED-0621,2024-11-01,6,CENTRAL
MED-0621,2024-12-01,9,EAST
MED-0621,2025-01-01,5,CENTRAL
MED-0621,2025-02-01,5,CENTRAL
MED-0621,2025-03-01,2,SOUTH
MED-0621,2025-04-01,12,CENTRAL
MED-0621,2025-05-01,8,CENTRAL
MED-0621,2025-06-01,8,CENTRAL
MED-0621,2025-07-01,7,CENTRAL
MED-0621,2025-08-01,7,CENTRAL
MED-0621,2025-09-01,4,CENTRAL
MED-0621,2025-10-01,6,CENTRAL
MED-0621,2025-11-01,9,CENTRAL
MED-0621,2025-12-01,5,CENTRAL
MED-0622,2024-01-01,3,EAST
MED-0622,2024-02-01,2,EAST
MED-0622,2024-03-01,9,EAST
MED-0622,2024-04-01,6,EAST
MED-0622,2024-05-01,5,EAST
MED-0622,2024-06-01,4,EAST
MED-0622,2024-07-01,3,EAST
MED-0622,2024-08-01,2,EAST
MED-0622,2024-09-01,4,NORTH
MED-0622,2024-10-01,3,EAST
MED-0622,2024-11-01,1,SOUTH
MED-0622,2024-12-01,4,SOUTH
MED-0622,2025-01-01,2,EAST
MED-0622,2025-02-01,5,EAST
MED-0622,2025-03-01,4,EAST
MED-0622,2025-04-01,8,CENTRAL
MED-0622,2025-05-01,8,EAST
MED-0622,2025-06-01,3,NORTH
MED-0622,2025-07-01,5,SOUTH
MED-0622,2025-08-01,4,EAST
MED-0622,2025-09-01,3,EAST
MED-0622,2025-10-01,9,WEST
MED-0622,2025-11-01,6,SOUTH
MED-0622,2025-12-01,5,EAST
MED-0623,2023-07-01,6,NORTH
MED-0623,2023-08-01,1,NORTH
MED-0623,2023-09-01,6,NORTH
MED-0623,2023-10-01,7,WEST
MED-0623,2023-11-01,6,NORTH
MED-0623,2023-12-01,7,EAST
MED-0623,2024-01-01,4,NORTH
MED-0623,2024-02-01,5,EAST
MED-0623,2024-03-01,2,NORTH
MED-0623,2024-04-01,2,NORTH
MED-0623,2024-05-01,4,CENTRAL
MED-0623,2024-06-01,4,NORTH
MED-0623,2024-07-01,9,NORTH
MED-0623,2024-08-01,5,NORTH
MED-0623,2024-09-01,3,CENTRAL
MED-0623,2024-10-01,4,NORTH
MED-0623,2024-11-01,2,NORTH
MED-0623,2024-12-01,2,NORTH
MED-0623,2025-01-01,1,CENTRAL
MED-0623,2025-02-01,5,SOUTH
MED-0623,2025-03-01,5,EAST
MED-0623,2025-04-01,7,NORTH
MED-0623,2025-05-01,9,NORTH
MED-0623,2025-06-01,7,NORTH
MED-0623,2025-07-01,3,EAST
MED-0623,2025-08-01,7,NORTH
MED-0623,2025-09-01,4,NORTH
MED-0623,2025-10-01,8,SOUTH
MED-0623,2025-11-01,5,NORTH
MED-0623,2025-12-01,3,NORTH
MED-0624,2022-01-01,9,SOUTH
MED-0624,2022-02-01,7,SOUTH
MED-0624,2022-03-01,6,SOUTH
MED-0624,2022-04-01,11,SOUTH
MED-0624,2022-05-01,14,SOUTH
MED-0624,2022-06-01,10,SOUTH
MED-0624,2022-07-01,7,SOUTH
MED-0624,2022-08-01,3,SOUTH
MED-0624,2022-09-01,5,SOUTH
MED-0624,2022-10-01,7,SOUTH
MED-0624,2022-11-01,5,NORTH
MED-0624,2022-12-01,9,SOUTH
MED-0624,2023-01-01,5,SOUTH
MED-0624,2023-02-01,4,SOUTH
MED-0624,2023-03-01,11,SOUTH
MED-0624,2023-04-01,5,SOUTH
MED-0624,2023-05-01,7,SOUTH
MED-0624,2023-06-01,12,NORTH
MED-0624,2023-07-01,11,SOUTH
MED-0624,2023-08-01,7,SOUTH
MED-0624,2023-09-01,9,SOUTH
MED-0624,2023-10-01,8,CENTRAL
MED-0624,2023-11-01,2,SOUTH
MED-0624,2023-12-01,10,SOUTH
MED-0624,2024-01-01,6,SOUTH
MED-0624,2024-02-01,7,EAST
MED-0624,2024-03-01,5,CENTRAL
MED-0624,2024-04-01,13,SOUTH
MED-0624,2024-05-01,6,SOUTH
MED-0624,2024-06-01,6,SOUTH
MED-0624,2024-07-01,11,SOUTH
MED-0624,2024-08-01,10,WEST
MED-0624,2024-09-01,4,SOUTH
MED-0624,2024-10-01,13,SOUTH
MED-0624,2024-11-01,2,SOUTH
MED-0624,2024-12-01,4,WEST
MED-0624,2025-01-01,10,SOUTH
MED-0624,2025-02-01,5,SOUTH
MED-0624,2025-03-01,8,SOUTH
MED-0624,2025-04-01,7,SOUTH
MED-0624,2025-05-01,6,NORTH
MED-0624,2025-06-01,7,SOUTH
MED-0624,2025-07-01,3,SOUTH
MED-0624,2025-08-01,6,SOUTH
MED-0624,2025-09-01,3,SOUTH
MED-0624,2025-10-01,8,SOUTH
MED-0624,2025-11-01,7,NORTH
MED-0624,2025-12-01,5,SOUTH
MED-0625,2024-07-01,2,EAST
MED-0625,2024-08-01,1,EAST
MED-0625,2024-09-01,1,EAST
MED-0625,2024-10-01,2,EAST
MED-0625,2024-11-01,4,EAST
MED-0625,2024-12-01,0,EAST
MED-0625,2025-01-01,6,EAST
MED-0625,2025-02-01,5,NORTH
MED-0625,2025-03-01,6,EAST
MED-0625,2025-04-01,3,EAST
MED-0625,2025-05-01,2,WEST
MED-0625,2025-06-01,7,EAST
MED-0625,2025-07-01,3,EAST
MED-0625,2025-08-01,2,CENTRAL
MED-0625,2025-09-01,2,EAST
MED-0625,2025-10-01,8,EAST
MED-0625,2025-11-01,0,CENTRAL
MED-0625,2025-12-01,3,EAST
MED-0626,2022-01-01,9,NORTH
MED-0626,2022-02-01,3,WEST
MED-0626,2022-03-01,3,CENTRAL
MED-0626,2022-04-01,5,CENTRAL
MED-0626,2022-05-01,11,CENTRAL
MED-0626,2022-06-01,8,CENTRAL
MED-0626,2022-07-01,5,SOUTH
MED-0626,2022-08-01,6,CENTRAL
MED-0626,2022-09-01,6,WEST
MED-0626,2022-10-01,4,CENTRAL
MED-0626,2022-11-01,7,NORTH
MED-0626,2022-12-01,3,CENTRAL
MED-0626,2023-01-01,3,EAST
MED-0626,2023-02-01,11,NORTH
MED-0626,2023-03-01,7,SOUTH
MED-0626,2023-04-01,14,WEST
MED-0626,2023-05-01,2,CENTRAL
MED-0626,2023-06-01,5,CENTRAL
MED-0626,2023-07-01,8,WEST
MED-0626,2023-08-01,9,CENTRAL
MED-0626,2023-09-01,6,CENTRAL
MED-0626,2023-10-01,5,CENTRAL
MED-0626,2023-11-01,6,CENTRAL
MED-0626,2023-12-01,7,SOUTH
MED-0626,2024-01-01,2,CENTRAL
MED-0626,2024-02-01,6,CENTRAL
MED-0626,2024-03-01,8,WEST
MED-0626,2024-04-01,5,EAST
MED-0626,2024-05-01,4,CENTRAL
MED-0626,2024-06-01,11,CENTRAL
MED-0626,2024-07-01,3,CENTRAL
MED-0626,2024-08-01,10,CENTRAL
MED-0626,2024-09-01,6,EAST
MED-0626,2024-10-01,6,CENTRAL
MED-0626,2024-11-01,4,CENTRAL
MED-0626,2024-12-01,4,CENTRAL
MED-0626,2025-01-01,8,WEST
MED-0626,2025-02-01,4,CENTRAL
MED-0626,2025-03-01,8,CENTRAL
MED-0626,2025-04-01,7,CENTRAL
MED-0626,2025-05-01,6,CENTRAL
MED-0626,2025-06-01,5,CENTRAL
MED-0626,2025-07-01,4,CENTRAL
MED-0626,2025-08-01,1,CENTRAL
MED-0626,2025-09-01,10,CENTRAL
MED-0626,2025-10-01,7,CENTRAL
MED-0626,2025-11-01,9,CENTRAL
MED-0626,2025-12-01,9,CENTRAL
MED-0627,2022-01-01,4,SOUTH
MED-0627,2022-02-01,2,SOUTH
MED-0627,2022-03-01,1,SOUTH
MED-0627,2022-04-01,4,SOUTH
MED-0627,2022-05-01,9,SOUTH
MED-0627,2022-06-01,5,SOUTH
MED-0627,2022-07-01,9,NORTH
MED-0627,2022-08-01,10,WEST
MED-0627,2022-09-01,1,EAST
MED-0627,2022-10-01,7,SOUTH
MED-0627,2022-11-01,4,NORTH
MED-0627,2022-12-01,4,SOUTH
MED-0627,2023-01-01,8,SOUTH
MED-0627,2023-02-01,3,SOUTH
MED-0627,2023-03-01,14,EAST
MED-0627,2023-04-01,4,SOUTH
MED-0627,2023-05-01,2,WEST
MED-0627,2023-06-01,9,SOUTH
MED-0627,2023-07-01,1,SOUTH
MED-0627,2023-08-01,2,WEST
MED-0627,2023-09-01,0,SOUTH
MED-0627,2023-10-01,5,EAST
MED-0627,2023-11-01,8,SOUTH
MED-0627,2023-12-01,4,SOUTH
MED-0627,2024-01-01,8,SOUTH
MED-0627,2024-02-01,2,CENTRAL
MED-0627,2024-03-01,5,EAST
MED-0627,2024-04-01,3,SOUTH
MED-0627,2024-05-01,1,SOUTH
MED-0627,2024-06-01,7,SOUTH
MED-0627,2024-07-01,17,SOUTH
MED-0627,2024-08-01,11,EAST
MED-0627,2024-09-01,8,NORTH
MED-0627,2024-10-01,7,SOUTH
MED-0627,2024-11-01,9,WEST
MED-0627,2024-12-01,0,SOUTH
MED-0627,2025-01-01,5,SOUTH
MED-0627,2025-02-01,5,SOUTH
MED-0627,2025-03-01,3,SOUTH
MED-0627,2025-04-01,4,SOUTH
MED-0627,2025-05-01,3,SOUTH
MED-0627,2025-06-01,9,SOUTH
MED-0627,2025-07-01,7,SOUTH
MED-0627,2025-08-01,3,NORTH
MED-0627,2025-09-01,3,NORTH
MED-0627,2025-10-01,4,SOUTH
MED-0627,2025-11-01,5,CENTRAL
MED-0627,2025-12-01,3,SOUTH
MED-0628,2022-01-01,11,CENTRAL
MED-0628,2022-02-01,0,WEST
MED-0628,2022-03-01,19,NORTH
MED-0628,2022-04-01,2,CENTRAL
MED-0628,2022-05-01,3,EAST
MED-0628,2022-06-01,8,EAST
MED-0628,2022-07-01,8,CENTRAL
MED-0628,2022-08-01,5,CENTRAL
MED-0628,2022-09-01,3,CENTRAL
MED-0628,2022-10-01,12,CENTRAL
MED-0628,2022-11-01,8,CENTRAL
MED-0628,2022-12-01,2,CENTRAL
MED-0628,2023-01-01,7,EAST
MED-0628,2023-02-01,3,CENTRAL
MED-0628,2023-03-01,6,CENTRAL
MED-0628,2023-04-01,11,CENTRAL
MED-0628,2023-05-01,6,CENTRAL
MED-0628,2023-06-01,14,CENTRAL
MED-0628,2023-07-01,3,EAST
MED-0628,2023-08-01,8,CENTRAL
MED-0628,2023-09-01,10,SOUTH
MED-0628,2023-10-01,0,CENTRAL
MED-0628,2023-11-01,7,SOUTH
MED-0628,2023-12-01,14,CENTRAL
MED-0628,2024-01-01,6,CENTRAL
MED-0628,2024-02-01,8,CENTRAL
MED-0628,2024-03-01,6,CENTRAL
MED-0628,2024-04-01,2,CENTRAL
MED-0628,2024-05-01,15,NORTH
MED-0628,2024-06-01,9,CENTRAL
MED-0628,2024-07-01,10,SOUTH
MED-0628,2024-08-01,20,CENTRAL
MED-0628,2024-09-01,7,WEST
MED-0628,2024-10-01,5,CENTRAL
MED-0628,2024-11-01,7,CENTRAL
MED-0628,2024-12-01,0,CENTRAL
MED-0628,2025-01-01,7,CENTRAL
MED-0628,2025-02-01,3,CENTRAL
MED-0628,2025-03-01,10,CENTRAL
MED-0628,2025-04-01,4,CENTRAL
MED-0628,2025-05-01,4,CENTRAL
MED-0628,2025-06-01,5,CENTRAL
MED-0628,2025-07-01,9,CENTRAL
MED-0628,2025-08-01,11,CENTRAL
MED-0628,2025-09-01,9,CENTRAL
MED-0628,2025-10-01,8,CENTRAL
MED-0628,2025-11-01,0,CENTRAL
MED-0628,2025-12-01,14,CENTRAL
MED-0629,2022-01-01,1,WEST
MED-0629,2022-02-01,0,WEST
MED-0629,2022-03-01,7,WEST
MED-0629,2022-04-01,9,WEST
MED-0629,2022-05-01,4,EAST
MED-0629,2022-06-01,4,WEST
MED-0629,2022-07-01,4,WEST
MED-0629,2022-08-01,5,WEST
MED-0629,2022-09-01,2,WEST
MED-0629,2022-10-01,5,WEST
MED-0629,2022-11-01,19,WEST
MED-0629,2022-12-01,1,NORTH
MED-0629,2023-01-01,7,WEST
MED-0629,2023-02-01,0,NORTH
MED-0629,2023-03-01,2,WEST
MED-0629,2023-04-01,3,WEST
MED-0629,2023-05-01,4,WEST
MED-0629,2023-06-01,7,WEST
MED-0629,2023-07-01,1,SOUTH
MED-0629,2023-08-01,7,EAST
MED-0629,2023-09-01,5,WEST
MED-0629,2023-10-01,9,NORTH
MED-0629,2023-11-01,6,WEST
MED-0629,2023-12-01,5,NORTH
MED-0629,2024-01-01,6,SOUTH
MED-0629,2024-02-01,5,NORTH
MED-0629,2024-03-01,6,WEST
MED-0629,2024-04-01,0,CENTRAL
MED-0629,2024-05-01,4,WEST
MED-0629,2024-06-01,3,WEST
MED-0629,2024-07-01,10,WEST
MED-0629,2024-08-01,11,WEST
MED-0629,2024-09-01,2,WEST
MED-0629,2024-10-01,4,WEST
MED-0629,2024-11-01,3,WEST
MED-0629,2024-12-01,5,WEST
MED-0629,2025-01-01,7,WEST
MED-0629,2025-02-01,3,WEST
MED-0629,2025-03-01,2,WEST
MED-0629,2025-04-01,2,WEST
MED-0629,2025-05-01,4,WEST
MED-0629,2025-06-01,5,SOUTH
MED-0629,2025-07-01,5,WEST
MED-0629,2025-08-01,3,WEST
MED-0629,2025-09-01,2,WEST
MED-0629,2025-10-01,4,CENTRAL
MED-0629,2025-11-01,6,CENTRAL
MED-0629,2025-12-01,1,WEST
MED-0630,2022-01-01,4,SOUTH
MED-0630,2022-02-01,9,CENTRAL
MED-0630,2022-03-01,1,EAST
MED-0630,2022-04-01,5,EAST
MED-0630,2022-05-01,5,WEST
MED-0630,2022-06-01,7,EAST
MED-0630,2022-07-01,4,EAST
MED-0630,2022-08-01,6,WEST
MED-0630,2022-09-01,1,EAST
MED-0630,2022-10-01,2,EAST
MED-0630,2022-11-01,4,EAST
MED-0630,2022-12-01,3,EAST
MED-0630,2023-01-01,6,SOUTH
MED-0630,2023-02-01,5,EAST
MED-0630,2023-03-01,1,EAST
MED-0630,2023-04-01,4,EAST
MED-0630,2023-05-01,1,EAST
MED-0630,2023-06-01,5,EAST
MED-0630,2023-07-01,3,EAST
MED-0630,2023-08-01,2,EAST
MED-0630,2023-09-01,3,WEST
MED-0630,2023-10-01,4,EAST
MED-0630,2023-11-01,2,EAST
MED-0630,2023-12-01,2,WEST
MED-0630,2024-01-01,4,EAST
MED-0630,2024-02-01,2,NORTH
MED-0630,2024-03-01,3,EAST
MED-0630,2024-04-01,7,EAST
MED-0630,2024-05-01,3,EAST
MED-0630,2024-06-01,3,EAST
MED-0630,2024-07-01,2,EAST
MED-0630,2024-08-01,7,SOUTH
MED-0630,2024-09-01,3,EAST
MED-0630,2024-10-01,4,EAST
MED-0630,2024-11-01,5,EAST
MED-0630,2024-12-01,4,EAST
MED-0630,2025-01-01,1,WEST
MED-0630,2025-02-01,6,EAST
MED-0630,2025-03-01,4,CENTRAL
MED-0630,2025-04-01,4,EAST
MED-0630,2025-05-01,8,EAST
MED-0630,2025-06-01,5,EAST
MED-0630,2025-07-01,7,EAST
MED-0630,2025-08-01,4,EAST
MED-0630,2025-09-01,10,EAST
MED-0630,2025-10-01,5,EAST
MED-0630,2025-11-01,5,EAST
MED-0630,2025-12-01,3,EAST
MED-0631,2022-01-01,7,CENTRAL
MED-0631,2022-02-01,0,CENTRAL
MED-0631,2022-03-01,0,WEST
MED-0631,2022-04-01,10,CENTRAL
MED-0631,2022-05-01,4,CENTRAL
MED-0631,2022-06-01,0,CENTRAL
MED-0631,2022-07-01,3,CENTRAL
MED-0631,2022-08-01,0,CENTRAL
MED-0631,2022-09-01,0,CENTRAL
MED-0631,2022-10-01,0,CENTRAL
MED-0631,2022-11-01,0,CENTRAL
MED-0631,2022-12-01,0,CENTRAL
MED-0631,2023-01-01,3,CENTRAL
MED-0631,2023-02-01,0,CENTRAL
MED-0631,2023-03-01,0,SOUTH
MED-0631,2023-04-01,0,CENTRAL
MED-0631,2023-05-01,0,EAST
MED-0631,2023-06-01,0,CENTRAL
MED-0631,2023-07-01,0,CENTRAL
MED-0631,2023-08-01,0,WEST
MED-0631,2023-09-01,0,CENTRAL
MED-0631,2023-10-01,0,SOUTH
MED-0631,2023-11-01,0,CENTRAL
MED-0631,2023-12-01,0,CENTRAL
MED-0631,2024-01-01,0,NORTH
MED-0631,2024-02-01,0,CENTRAL
MED-0631,2024-03-01,0,CENTRAL
MED-0631,2024-04-01,0,CENTRAL
MED-0631,2024-05-01,0,CENTRAL
MED-0631,2024-06-01,0,CENTRAL
MED-0631,2024-07-01,0,CENTRAL
MED-0631,2024-08-01,0,SOUTH
MED-0631,2024-09-01,0,CENTRAL
MED-0631,2024-10-01,0,CENTRAL
MED-0631,2024-11-01,0,CENTRAL
MED-0631,2024-12-01,0,WEST
MED-0631,2025-01-01,8,CENTRAL
MED-0631,2025-02-01,0,CENTRAL
MED-0631,2025-03-01,0,CENTRAL
MED-0631,2025-04-01,0,CENTRAL
MED-0631,2025-05-01,0,SOUTH
MED-0631,2025-06-01,0,NORTH
MED-0631,2025-07-01,0,CENTRAL
MED-0631,2025-08-01,0,CENTRAL
MED-0631,2025-09-01,0,CENTRAL
MED-0631,2025-10-01,0,CENTRAL
MED-0631,2025-11-01,4,CENTRAL
MED-0631,2025-12-01,0,WEST
MED-0632,2022-01-01,2,SOUTH
MED-0632,2022-02-01,4,CENTRAL
MED-0632,2022-03-01,7,CENTRAL
MED-0632,2022-04-01,5,NORTH
MED-0632,2022-05-01,6,CENTRAL
MED-0632,2022-06-01,5,EAST
MED-0632,2022-07-01,1,CENTRAL
MED-0632,2022-08-01,5,CENTRAL
MED-0632,2022-09-01,4,EAST
MED-0632,2022-10-01,8,EAST
MED-0632,2022-11-01,0,CENTRAL
MED-0632,2022-12-01,4,CENTRAL
MED-0632,2023-01-01,6,WEST
MED-0632,2023-02-01,2,CENTRAL
MED-0632,2023-03-01,1,CENTRAL
MED-0632,2023-04-01,4,CENTRAL
MED-0632,2023-05-01,0,CENTRAL
MED-0632,2023-06-01,5,WEST
MED-0632,2023-07-01,8,CENTRAL
MED-0632,2023-08-01,6,SOUTH
MED-0632,2023-09-01,2,SOUTH
MED-0632,2023-10-01,8,CENTRAL
MED-0632,2023-11-01,1,CENTRAL
MED-0632,2023-12-01,4,EAST
MED-0632,2024-01-01,4,NORTH
MED-0632,2024-02-01,2,CENTRAL
MED-0632,2024-03-01,4,EAST
MED-0632,2024-04-01,3,CENTRAL
MED-0632,2024-05-01,3,SOUTH
MED-0632,2024-06-01,7,EAST
MED-0632,2024-07-01,4,SOUTH
MED-0632,2024-08-01,5,CENTRAL
MED-0632,2024-09-01,2,NORTH
MED-0632,2024-10-01,7,CENTRAL
MED-0632,2024-11-01,3,CENTRAL
MED-0632,2024-12-01,2,CENTRAL
MED-0632,2025-01-01,2,SOUTH
MED-0632,2025-02-01,3,CENTRAL
MED-0632,2025-03-01,4,CENTRAL
MED-0632,2025-04-01,6,SOUTH
MED-0632,2025-05-01,3,CENTRAL
MED-0632,2025-06-01,6,EAST
MED-0632,2025-07-01,0,EAST
MED-0632,2025-08-01,5,CENTRAL
MED-0632,2025-09-01,2,CENTRAL
MED-0632,2025-10-01,3,CENTRAL
MED-0632,2025-11-01,3,CENTRAL
MED-0632,2025-12-01,5,CENTRAL
MED-0633,2024-01-01,0,WEST
MED-0633,2024-02-01,0,WEST
MED-0633,2024-03-01,0,CENTRAL
MED-0633,2024-04-01,0,WEST
MED-0633,2024-05-01,0,SOUTH
MED-0633,2024-06-01,0,CENTRAL
MED-0633,2024-07-01,12,WEST
MED-0633,2024-08-01,0,WEST
MED-0633,2024-09-01,0,WEST
MED-0633,2024-10-01,0,WEST
MED-0633,2024-11-01,0,WEST
MED-0633,2024-12-01,0,WEST
MED-0633,2025-01-01,0,WEST
MED-0633,2025-02-01,32,WEST
MED-0633,2025-03-01,0,WEST
MED-0633,2025-04-01,0,WEST
MED-0633,2025-05-01,0,WEST
MED-0633,2025-06-01,0,WEST
MED-0633,2025-07-01,9,SOUTH
MED-0633,2025-08-01,0,WEST
MED-0633,2025-09-01,0,WEST
MED-0633,2025-10-01,0,CENTRAL
MED-0633,2025-11-01,0,EAST
MED-0633,2025-12-01,0,WEST
MED-0634,2022-07-01,6,EAST
MED-0634,2022-08-01,3,EAST
MED-0634,2022-09-01,7,CENTRAL
MED-0634,2022-10-01,5,CENTRAL
MED-0634,2022-11-01,3,SOUTH
MED-0634,2022-12-01,3,SOUTH
MED-0634,2023-01-01,6,EAST
MED-0634,2023-02-01,1,EAST
MED-0634,2023-03-01,3,EAST
MED-0634,2023-04-01,8,EAST
MED-0634,2023-05-01,3,NORTH
MED-0634,2023-06-01,6,EAST
MED-0634,2023-07-01,6,EAST
MED-0634,2023-08-01,9,CENTRAL
MED-0634,2023-09-01,5,EAST
MED-0634,2023-10-01,4,EAST
MED-0634,2023-11-01,5,EAST
MED-0634,2023-12-01,5,SOUTH
MED-0634,2024-01-01,7,WEST
MED-0634,2024-02-01,3,EAST
MED-0634,2024-03-01,2,EAST
MED-0634,2024-04-01,3,EAST
MED-0634,2024-05-01,2,EAST
MED-0634,2024-06-01,6,EAST
MED-0634,2024-07-01,6,EAST
MED-0634,2024-08-01,11,SOUTH
MED-0634,2024-09-01,2,EAST
MED-0634,2024-10-01,11,NORTH
MED-0634,2024-11-01,4,EAST
MED-0634,2024-12-01,3,EAST
MED-0634,2025-01-01,3,EAST
MED-0634,2025-02-01,7,EAST
MED-0634,2025-03-01,4,EAST
MED-0634,2025-04-01,8,EAST
MED-0634,2025-05-01,5,EAST
MED-0634,2025-06-01,5,EAST
MED-0634,2025-07-01,4,WEST
MED-0634,2025-08-01,4,EAST
MED-0634,2025-09-01,5,EAST
MED-0634,2025-10-01,5,EAST
MED-0634,2025-11-01,6,EAST
MED-0634,2025-12-01,0,EAST
MED-0635,2022-01-01,0,SOUTH
MED-0635,2022-02-01,0,SOUTH
MED-0635,2022-03-01,0,SOUTH
MED-0635,2022-04-01,0,SOUTH
MED-0635,2022-05-01,0,WEST
MED-0635,2022-06-01,0,SOUTH
MED-0635,2022-07-01,0,SOUTH
MED-0635,2022-08-01,0,SOUTH
MED-0635,2022-09-01,0,SOUTH
MED-0635,2022-10-01,0,EAST
MED-0635,2022-11-01,0,WEST
MED-0635,2022-12-01,0,WEST
MED-0635,2023-01-01,7,SOUTH
MED-0635,2023-02-01,0,WEST
MED-0635,2023-03-01,0,SOUTH
MED-0635,2023-04-01,0,SOUTH
MED-0635,2023-05-01,6,SOUTH
MED-0635,2023-06-01,0,SOUTH
MED-0635,2023-07-01,15,SOUTH
MED-0635,2023-08-01,9,NORTH
MED-0635,2023-09-01,0,NORTH
MED-0635,2023-10-01,0,SOUTH
MED-0635,2023-11-01,0,SOUTH
MED-0635,2023-12-01,0,SOUTH
MED-0635,2024-01-01,0,SOUTH
MED-0635,2024-02-01,0,EAST
MED-0635,2024-03-01,0,SOUTH
MED-0635,2024-04-01,0,CENTRAL
MED-0635,2024-05-01,0,SOUTH
MED-0635,2024-06-01,0,SOUTH
MED-0635,2024-07-01,8,SOUTH
MED-0635,2024-08-01,0,SOUTH
MED-0635,2024-09-01,0,NORTH
MED-0635,2024-10-01,0,SOUTH
MED-0635,2024-11-01,0,NORTH
MED-0635,2024-12-01,6,EAST
MED-0635,2025-01-01,0,SOUTH
MED-0635,2025-02-01,0,WEST
MED-0635,2025-03-01,2,SOUTH
MED-0635,2025-04-01,0,SOUTH
MED-0635,2025-05-01,0,SOUTH
MED-0635,2025-06-01,0,SOUTH
MED-0635,2025-07-01,0,EAST
MED-0635,2025-08-01,0,SOUTH
MED-0635,2025-09-01,11,SOUTH
MED-0635,2025-10-01,0,SOUTH
MED-0635,2025-11-01,0,SOUTH
MED-0635,2025-12-01,0,SOUTH
MED-0636,2022-01-01,0,SOUTH
MED-0636,2022-02-01,0,EAST
MED-0636,2022-03-01,0,NORTH
MED-0636,2022-04-01,0,NORTH
MED-0636,2022-05-01,0,NORTH
MED-0636,2022-06-01,0,SOUTH
MED-0636,2022-07-01,0,NORTH
MED-0636,2022-08-01,5,CENTRAL
MED-0636,2022-09-01,0,SOUTH
MED-0636,2022-10-01,0,EAST
MED-0636,2022-11-01,5,SOUTH
MED-0636,2022-12-01,0,NORTH
MED-0636,2023-01-01,0,NORTH
MED-0636,2023-02-01,0,NORTH
MED-0636,2023-03-01,0,NORTH
MED-0636,2023-04-01,0,NORTH
MED-0636,2023-05-01,0,NORTH
MED-0636,2023-06-01,18,NORTH
MED-0636,2023-07-01,0,NORTH
MED-0636,2023-08-01,0,NORTH
MED-0636,2023-09-01,0,NORTH
MED-0636,2023-10-01,0,NORTH
MED-0636,2023-11-01,4,NORTH
MED-0636,2023-12-01,0,NORTH
MED-0636,2024-01-01,0,WEST
MED-0636,2024-02-01,0,EAST
MED-0636,2024-03-01,0,NORTH
MED-0636,2024-04-01,0,NORTH
MED-0636,2024-05-01,3,NORTH
MED-0636,2024-06-01,4,NORTH
MED-0636,2024-07-01,0,NORTH
MED-0636,2024-08-01,0,NORTH
MED-0636,2024-09-01,0,NORTH
MED-0636,2024-10-01,0,NORTH
MED-0636,2024-11-01,0,NORTH
MED-0636,2024-12-01,0,NORTH
MED-0636,2025-01-01,0,NORTH
MED-0636,2025-02-01,10,NORTH
MED-0636,2025-03-01,0,NORTH
MED-0636,2025-04-01,0,NORTH
MED-0636,2025-05-01,0,NORTH
MED-0636,2025-06-01,0,NORTH
MED-0636,2025-07-01,0,NORTH
MED-0636,2025-08-01,0,NORTH
MED-0636,2025-09-01,0,NORTH
MED-0636,2025-10-01,0,WEST
MED-0636,2025-11-01,0,NORTH
MED-0636,2025-12-01,0,NORTH
MED-0637,2024-07-01,4,NORTH
MED-0637,2024-08-01,6,EAST
MED-0637,2024-09-01,4,NORTH
MED-0637,2024-10-01,2,NORTH
MED-0637,2024-11-01,3,NORTH
MED-0637,2024-12-01,4,NORTH
MED-0637,2025-01-01,1,NORTH
MED-0637,2025-02-01,7,NORTH
MED-0637,2025-03-01,6,NORTH
MED-0637,2025-04-01,4,EAST
MED-0637,2025-05-01,5,SOUTH
MED-0637,2025-06-01,1,SOUTH
MED-0637,2025-07-01,4,NORTH
MED-0637,2025-08-01,7,CENTRAL
MED-0637,2025-09-01,3,CENTRAL
MED-0637,2025-10-01,9,EAST
MED-0637,2025-11-01,4,NORTH
MED-0637,2025-12-01,3,NORTH
MED-0638,2022-01-01,0,WEST
MED-0638,2022-02-01,0,WEST
MED-0638,2022-03-01,0,WEST
MED-0638,2022-04-01,0,WEST
MED-0638,2022-05-01,13,CENTRAL
MED-0638,2022-06-01,7,CENTRAL
MED-0638,2022-07-01,0,WEST
MED-0638,2022-08-01,0,WEST
MED-0638,2022-09-01,0,CENTRAL
MED-0638,2022-10-01,0,WEST
MED-0638,2022-11-01,0,SOUTH
MED-0638,2022-12-01,17,WEST
MED-0638,2023-01-01,0,WEST
MED-0638,2023-02-01,0,WEST
MED-0638,2023-03-01,0,WEST
MED-0638,2023-04-01,0,WEST
MED-0638,2023-05-01,12,SOUTH
MED-0638,2023-06-01,0,CENTRAL
MED-0638,2023-07-01,0,CENTRAL
MED-0638,2023-08-01,0,WEST
MED-0638,2023-09-01,0,EAST
MED-0638,2023-10-01,0,WEST
MED-0638,2023-11-01,13,WEST
MED-0638,2023-12-01,13,WEST
MED-0638,2024-01-01,0,WEST
MED-0638,2024-02-01,17,SOUTH
MED-0638,2024-03-01,10,WEST
MED-0638,2024-04-01,9,WEST
MED-0638,2024-05-01,0,SOUTH
MED-0638,2024-06-01,0,WEST
MED-0638,2024-07-01,0,WEST
MED-0638,2024-08-01,0,WEST
MED-0638,2024-09-01,0,WEST
MED-0638,2024-10-01,11,WEST
MED-0638,2024-11-01,0,WEST
MED-0638,2024-12-01,0,EAST
MED-0638,2025-01-01,0,WEST
MED-0638,2025-02-01,0,SOUTH
MED-0638,2025-03-01,0,WEST
MED-0638,2025-04-01,0,WEST
MED-0638,2025-05-01,10,WEST
MED-0638,2025-06-01,0,EAST
MED-0638,2025-07-01,0,WEST
MED-0638,2025-08-01,7,NORTH
MED-0638,2025-09-01,0,WEST
MED-0638,2025-10-01,0,NORTH
MED-0638,2025-11-01,0,WEST
MED-0638,2025-12-01,0,WEST
MED-0639,2022-07-01,3,CENTRAL
MED-0639,2022-08-01,6,SOUTH
MED-0639,2022-09-01,8,SOUTH
MED-0639,2022-10-01,6,CENTRAL
MED-0639,2022-11-01,8,SOUTH
MED-0639,2022-12-01,6,SOUTH
MED-0639,2023-01-01,5,SOUTH
MED-0639,2023-02-01,9,SOUTH
MED-0639,2023-03-01,7,SOUTH
MED-0639,2023-04-01,9,SOUTH
MED-0639,2023-05-01,5,EAST
MED-0639,2023-06-01,5,SOUTH
MED-0639,2023-07-01,7,SOUTH
MED-0639,2023-08-01,4,SOUTH
MED-0639,2023-09-01,4,SOUTH
MED-0639,2023-10-01,13,SOUTH
MED-0639,2023-11-01,6,NORTH
MED-0639,2023-12-01,3,SOUTH
MED-0639,2024-01-01,2,SOUTH
MED-0639,2024-02-01,5,SOUTH
MED-0639,2024-03-01,9,SOUTH
MED-0639,2024-04-01,11,SOUTH
MED-0639,2024-05-01,8,CENTRAL
MED-0639,2024-06-01,0,SOUTH
MED-0639,2024-07-01,9,NORTH
MED-0639,2024-08-01,4,SOUTH
MED-0639,2024-09-01,3,SOUTH
MED-0639,2024-10-01,3,WEST
MED-0639,2024-11-01,2,SOUTH
MED-0639,2024-12-01,22,SOUTH
MED-0639,2025-01-01,2,CENTRAL
MED-0639,2025-02-01,2,NORTH
MED-0639,2025-03-01,7,CENTRAL
MED-0639,2025-04-01,5,SOUTH
MED-0639,2025-05-01,11,SOUTH
MED-0639,2025-06-01,2,CENTRAL
MED-0639,2025-07-01,7,SOUTH
MED-0639,2025-08-01,4,NORTH
MED-0639,2025-09-01,6,NORTH
MED-0639,2025-10-01,3,SOUTH
MED-0639,2025-11-01,5,SOUTH
MED-0639,2025-12-01,6,CENTRAL
MED-0640,2022-07-01,0,SOUTH
MED-0640,2022-08-01,5,EAST
MED-0640,2022-09-01,0,EAST
MED-0640,2022-10-01,0,EAST
MED-0640,2022-11-01,0,EAST
MED-0640,2022-12-01,0,EAST
MED-0640,2023-01-01,7,EAST
MED-0640,2023-02-01,0,EAST
MED-0640,2023-03-01,0,EAST
MED-0640,2023-04-01,53,WEST
MED-0640,2023-05-01,3,SOUTH
MED-0640,2023-06-01,0,EAST
MED-0640,2023-07-01,4,EAST
MED-0640,2023-08-01,0,EAST
MED-0640,2023-09-01,0,NORTH
MED-0640,2023-10-01,0,EAST
MED-0640,2023-11-01,6,EAST
MED-0640,2023-12-01,0,EAST
MED-0640,2024-01-01,0,EAST
MED-0640,2024-02-01,0,EAST
MED-0640,2024-03-01,0,EAST
MED-0640,2024-04-01,0,EAST
MED-0640,2024-05-01,0,EAST
MED-0640,2024-06-01,6,EAST
MED-0640,2024-07-01,5,EAST
MED-0640,2024-08-01,5,CENTRAL
MED-0640,2024-09-01,0,CENTRAL
MED-0640,2024-10-01,0,EAST
MED-0640,2024-11-01,5,EAST
MED-0640,2024-12-01,0,EAST
MED-0640,2025-01-01,4,EAST
MED-0640,2025-02-01,0,EAST
MED-0640,2025-03-01,5,EAST
MED-0640,2025-04-01,4,EAST
MED-0640,2025-05-01,0,SOUTH
MED-0640,2025-06-01,0,EAST
MED-0640,2025-07-01,0,EAST
MED-0640,2025-08-01,39,EAST
MED-0640,2025-09-01,0,EAST
MED-0640,2025-10-01,0,EAST
MED-0640,2025-11-01,0,NORTH
MED-0640,2025-12-01,0,EAST
MED-0641,2022-07-01,0,NORTH
MED-0641,2022-08-01,0,CENTRAL
MED-0641,2022-09-01,0,CENTRAL
MED-0641,2022-10-01,0,CENTRAL
MED-0641,2022-11-01,0,CENTRAL
MED-0641,2022-12-01,0,EAST
MED-0641,2023-01-01,0,CENTRAL
MED-0641,2023-02-01,5,CENTRAL
MED-0641,2023-03-01,0,CENTRAL
MED-0641,2023-04-01,5,CENTRAL
MED-0641,2023-05-01,0,NORTH
MED-0641,2023-06-01,5,CENTRAL
MED-0641,2023-07-01,0,CENTRAL
MED-0641,2023-08-01,9,EAST
MED-0641,2023-09-01,0,CENTRAL
MED-0641,2023-10-01,6,NORTH
MED-0641,2023-11-01,2,CENTRAL
MED-0641,2023-12-01,0,CENTRAL
MED-0641,2024-01-01,0,CENTRAL
MED-0641,2024-02-01,0,SOUTH
MED-0641,2024-03-01,0,CENTRAL
MED-0641,2024-04-01,4,CENTRAL
MED-0641,2024-05-01,2,CENTRAL
MED-0641,2024-06-01,2,CENTRAL
MED-0641,2024-07-01,0,CENTRAL
MED-0641,2024-08-01,0,CENTRAL
MED-0641,2024-09-01,0,EAST
MED-0641,2024-10-01,0,EAST
MED-0641,2024-11-01,0,SOUTH
MED-0641,2024-12-01,3,EAST
MED-0641,2025-01-01,0,CENTRAL
MED-0641,2025-02-01,0,CENTRAL
MED-0641,2025-03-01,1,CENTRAL
MED-0641,2025-04-01,0,CENTRAL
MED-0641,2025-05-01,0,CENTRAL
MED-0641,2025-06-01,0,CENTRAL
MED-0641,2025-07-01,3,CENTRAL
MED-0641,2025-08-01,5,CENTRAL
MED-0641,2025-09-01,0,CENTRAL
MED-0641,2025-10-01,0,CENTRAL
MED-0641,2025-11-01,0,CENTRAL
MED-0641,2025-12-01,1,EAST
MED-0642,2022-01-01,0,NORTH
MED-0642,2022-02-01,0,NORTH
MED-0642,2022-03-01,0,NORTH
MED-0642,2022-04-01,0,NORTH
MED-0642,2022-05-01,7,NORTH
MED-0642,2022-06-01,0,NORTH
MED-0642,2022-07-01,4,NORTH
MED-0642,2022-08-01,0,NORTH
MED-0642,2022-09-01,0,CENTRAL
MED-0642,2022-10-01,0,NORTH
MED-0642,2022-11-01,0,CENTRAL
MED-0642,2022-12-01,0,NORTH
MED-0642,2023-01-01,0,WEST
MED-0642,2023-02-01,0,NORTH
MED-0642,2023-03-01,1,NORTH
MED-0642,2023-04-01,0,NORTH
MED-0642,2023-05-01,0,CENTRAL
MED-0642,2023-06-01,0,NORTH
MED-0642,2023-07-01,0,CENTRAL
MED-0642,2023-08-01,0,NORTH
MED-0642,2023-09-01,10,NORTH
MED-0642,2023-10-01,0,NORTH
MED-0642,2023-11-01,0,NORTH
MED-0642,2023-12-01,0,NORTH
MED-0642,2024-01-01,0,SOUTH
MED-0642,2024-02-01,0,NORTH
MED-0642,2024-03-01,0,NORTH
MED-0642,2024-04-01,0,NORTH
MED-0642,2024-05-01,5,NORTH
MED-0642,2024-06-01,0,NORTH
MED-0642,2024-07-01,0,NORTH
MED-0642,2024-08-01,0,NORTH
MED-0642,2024-09-01,0,NORTH
MED-0642,2024-10-01,0,NORTH
MED-0642,2024-11-01,0,NORTH
MED-0642,2024-12-01,0,EAST
MED-0642,2025-01-01,1,NORTH
MED-0642,2025-02-01,0,NORTH
MED-0642,2025-03-01,0,NORTH
MED-0642,2025-04-01,0,NORTH
MED-0642,2025-05-01,0,EAST
MED-0642,2025-06-01,7,NORTH
MED-0642,2025-07-01,0,WEST
MED-0642,2025-08-01,2,NORTH
MED-0642,2025-09-01,0,CENTRAL
MED-0642,2025-10-01,0,NORTH
MED-0642,2025-11-01,6,NORTH
MED-0642,2025-12-01,4,NORTH
MED-0643,2022-01-01,2,WEST
MED-0643,2022-02-01,0,NORTH
MED-0643,2022-03-01,0,CENTRAL
MED-0643,2022-04-01,0,NORTH
MED-0643,2022-05-01,6,NORTH
MED-0643,2022-06-01,1,NORTH
MED-0643,2022-07-01,0,NORTH
MED-0643,2022-08-01,12,NORTH
MED-0643,2022-09-01,6,NORTH
MED-0643,2022-10-01,0,EAST
MED-0643,2022-11-01,6,NORTH
MED-0643,2022-12-01,0,NORTH
MED-0643,2023-01-01,0,NORTH
MED-0643,2023-02-01,0,NORTH
MED-0643,2023-03-01,0,NORTH
MED-0643,2023-04-01,0,NORTH
MED-0643,2023-05-01,0,NORTH
MED-0643,2023-06-01,0,NORTH
MED-0643,2023-07-01,0,CENTRAL
MED-0643,2023-08-01,4,NORTH
MED-0643,2023-09-01,0,EAST
MED-0643,2023-10-01,0,NORTH
MED-0643,2023-11-01,0,CENTRAL
MED-0643,2023-12-01,0,WEST
MED-0643,2024-01-01,0,NORTH
MED-0643,2024-02-01,9,NORTH
MED-0643,2024-03-01,0,NORTH
MED-0643,2024-04-01,0,NORTH
MED-0643,2024-05-01,0,NORTH
MED-0643,2024-06-01,0,NORTH
MED-0643,2024-07-01,4,NORTH
MED-0643,2024-08-01,8,NORTH
MED-0643,2024-09-01,0,EAST
MED-0643,2024-10-01,4,NORTH
MED-0643,2024-11-01,0,NORTH
MED-0643,2024-12-01,4,NORTH
MED-0643,2025-01-01,0,WEST
MED-0643,2025-02-01,0,WEST
MED-0643,2025-03-01,0,NORTH
MED-0643,2025-04-01,0,NORTH
MED-0643,2025-05-01,0,NORTH
MED-0643,2025-06-01,2,NORTH
MED-0643,2025-07-01,0,CENTRAL
MED-0643,2025-08-01,0,NORTH
MED-0643,2025-09-01,0,CENTRAL
MED-0643,2025-10-01,0,NORTH
MED-0643,2025-11-01,6,WEST
MED-0643,2025-12-01,0,NORTH
MED-0644,2022-01-01,0,EAST
MED-0644,2022-02-01,0,WEST
MED-0644,2022-03-01,0,EAST
MED-0644,2022-04-01,4,EAST
MED-0644,2022-05-01,4,EAST
MED-0644,2022-06-01,2,EAST
MED-0644,2022-07-01,3,EAST
MED-0644,2022-08-01,0,EAST
MED-0644,2022-09-01,1,EAST
MED-0644,2022-10-01,1,EAST
MED-0644,2022-11-01,0,EAST
MED-0644,2022-12-01,0,NORTH
MED-0644,2023-01-01,0,EAST
MED-0644,2023-02-01,0,SOUTH
MED-0644,2023-03-01,0,EAST
MED-0644,2023-04-01,0,EAST
MED-0644,2023-05-01,0,EAST
MED-0644,2023-06-01,0,NORTH
MED-0644,2023-07-01,0,EAST
MED-0644,2023-08-01,0,EAST
MED-0644,2023-09-01,1,WEST
MED-0644,2023-10-01,0,EAST
MED-0644,2023-11-01,0,SOUTH
MED-0644,2023-12-01,0,EAST
MED-0644,2024-01-01,0,WEST
MED-0644,2024-02-01,3,EAST
MED-0644,2024-03-01,0,SOUTH
MED-0644,2024-04-01,0,EAST
MED-0644,2024-05-01,0,CENTRAL
MED-0644,2024-06-01,0,EAST
MED-0644,2024-07-01,0,EAST
MED-0644,2024-08-01,0,WEST
MED-0644,2024-09-01,0,SOUTH
MED-0644,2024-10-01,0,WEST
MED-0644,2024-11-01,3,EAST
MED-0644,2024-12-01,3,EAST
MED-0644,2025-01-01,0,EAST
MED-0644,2025-02-01,3,EAST
MED-0644,2025-03-01,0,EAST
MED-0644,2025-04-01,0,EAST
MED-0644,2025-05-01,0,EAST
MED-0644,2025-06-01,3,EAST
MED-0644,2025-07-01,0,EAST
MED-0644,2025-08-01,0,EAST
MED-0644,2025-09-01,0,EAST
MED-0644,2025-10-01,0,EAST
MED-0644,2025-11-01,4,NORTH
MED-0644,2025-12-01,0,EAST
MED-0645,2024-07-01,0,NORTH
MED-0645,2024-08-01,0,NORTH
MED-0645,2024-09-01,0,NORTH
MED-0645,2024-10-01,12,NORTH
MED-0645,2024-11-01,0,NORTH
MED-0645,2024-12-01,0,WEST
MED-0645,2025-01-01,4,NORTH
MED-0645,2025-02-01,3,SOUTH
MED-0645,2025-03-01,0,CENTRAL
MED-0645,2025-04-01,0,NORTH
MED-0645,2025-05-01,0,NORTH
MED-0645,2025-06-01,0,SOUTH
MED-0645,2025-07-01,0,NORTH
MED-0645,2025-08-01,0,NORTH
MED-0645,2025-09-01,8,WEST
MED-0645,2025-10-01,0,EAST
MED-0645,2025-11-01,0,WEST
MED-0645,2025-12-01,0,SOUTH
MED-0646,2022-01-01,5,EAST
MED-0646,2022-02-01,6,WEST
MED-0646,2022-03-01,7,EAST
MED-0646,2022-04-01,8,EAST
MED-0646,2022-05-01,7,EAST
MED-0646,2022-06-01,3,EAST
MED-0646,2022-07-01,6,SOUTH
MED-0646,2022-08-01,5,EAST
MED-0646,2022-09-01,6,WEST
MED-0646,2022-10-01,3,EAST
MED-0646,2022-11-01,6,EAST
MED-0646,2022-12-01,4,EAST
MED-0646,2023-01-01,3,EAST
MED-0646,2023-02-01,7,EAST
MED-0646,2023-03-01,7,EAST
MED-0646,2023-04-01,0,EAST
MED-0646,2023-05-01,7,EAST
MED-0646,2023-06-01,2,EAST
MED-0646,2023-07-01,5,CENTRAL
MED-0646,2023-08-01,7,NORTH
MED-0646,2023-09-01,3,EAST
MED-0646,2023-10-01,8,EAST
MED-0646,2023-11-01,5,EAST
MED-0646,2023-12-01,6,EAST
MED-0646,2024-01-01,3,EAST
MED-0646,2024-02-01,3,SOUTH
MED-0646,2024-03-01,5,EAST
MED-0646,2024-04-01,6,EAST
MED-0646,2024-05-01,6,EAST
MED-0646,2024-06-01,5,EAST
MED-0646,2024-07-01,6,EAST
MED-0646,2024-08-01,6,EAST
MED-0646,2024-09-01,6,EAST
MED-0646,2024-10-01,2,EAST
MED-0646,2024-11-01,3,CENTRAL
MED-0646,2024-12-01,5,EAST
MED-0646,2025-01-01,5,EAST
MED-0646,2025-02-01,8,CENTRAL
MED-0646,2025-03-01,5,WEST
MED-0646,2025-04-01,7,EAST
MED-0646,2025-05-01,3,EAST
MED-0646,2025-06-01,3,EAST
MED-0646,2025-07-01,4,CENTRAL
MED-0646,2025-08-01,4,WEST
MED-0646,2025-09-01,7,EAST
MED-0646,2025-10-01,3,EAST
MED-0646,2025-11-01,6,NORTH
MED-0646,2025-12-01,5,EAST
MED-0647,2022-01-01,2,NORTH
MED-0647,2022-02-01,0,NORTH
MED-0647,2022-03-01,1,NORTH
MED-0647,2022-04-01,8,SOUTH
MED-0647,2022-05-01,4,NORTH
MED-0647,2022-06-01,1,CENTRAL
MED-0647,2022-07-01,8,NORTH
MED-0647,2022-08-01,5,NORTH
MED-0647,2022-09-01,0,NORTH
MED-0647,2022-10-01,7,WEST
MED-0647,2022-11-01,5,SOUTH
MED-0647,2022-12-01,4,WEST
MED-0647,2023-01-01,3,CENTRAL
MED-0647,2023-02-01,0,SOUTH
MED-0647,2023-03-01,3,NORTH
MED-0647,2023-04-01,1,EAST
MED-0647,2023-05-01,4,NORTH
MED-0647,2023-06-01,2,NORTH
MED-0647,2023-07-01,17,NORTH
MED-0647,2023-08-01,5,EAST
MED-0647,2023-09-01,6,NORTH
MED-0647,2023-10-01,6,NORTH
MED-0647,2023-11-01,11,NORTH
MED-0647,2023-12-01,5,SOUTH
MED-0647,2024-01-01,3,NORTH
MED-0647,2024-02-01,6,NORTH
MED-0647,2024-03-01,11,NORTH
MED-0647,2024-04-01,7,NORTH
MED-0647,2024-05-01,0,NORTH
MED-0647,2024-06-01,1,NORTH
MED-0647,2024-07-01,4,NORTH
MED-0647,2024-08-01,2,EAST
MED-0647,2024-09-01,3,CENTRAL
MED-0647,2024-10-01,3,NORTH
MED-0647,2024-11-01,8,NORTH
MED-0647,2024-12-01,6,NORTH
MED-0647,2025-01-01,3,NORTH
MED-0647,2025-02-01,3,NORTH
MED-0647,2025-03-01,4,NORTH
MED-0647,2025-04-01,0,NORTH
MED-0647,2025-05-01,15,NORTH
MED-0647,2025-06-01,4,WEST
MED-0647,2025-07-01,2,NORTH
MED-0647,2025-08-01,10,NORTH
MED-0647,2025-09-01,2,NORTH
MED-0647,2025-10-01,2,EAST
MED-0647,2025-11-01,7,NORTH
MED-0647,2025-12-01,5,NORTH
MED-0648,2024-01-01,2,NORTH
MED-0648,2024-02-01,4,SOUTH
MED-0648,2024-03-01,0,NORTH
MED-0648,2024-04-01,0,EAST
MED-0648,2024-05-01,4,NORTH
MED-0648,2024-06-01,2,NORTH
MED-0648,2024-07-01,3,NORTH
MED-0648,2024-08-01,2,SOUTH
MED-0648,2024-09-01,3,NORTH
MED-0648,2024-10-01,1,NORTH
MED-0648,2024-11-01,4,NORTH
MED-0648,2024-12-01,3,NORTH
MED-0648,2025-01-01,4,NORTH
MED-0648,2025-02-01,7,NORTH
MED-0648,2025-03-01,4,NORTH
MED-0648,2025-04-01,3,NORTH
MED-0648,2025-05-01,3,NORTH
MED-0648,2025-06-01,23,SOUTH
MED-0648,2025-07-01,1,EAST
MED-0648,2025-08-01,1,NORTH
MED-0648,2025-09-01,3,NORTH
MED-0648,2025-10-01,5,SOUTH
MED-0648,2025-11-01,1,SOUTH
MED-0648,2025-12-01,2,NORTH
MED-0649,2022-01-01,0,NORTH
MED-0649,2022-02-01,0,NORTH
MED-0649,2022-03-01,5,NORTH
MED-0649,2022-04-01,4,NORTH
MED-0649,2022-05-01,0,NORTH
MED-0649,2022-06-01,0,NORTH
MED-0649,2022-07-01,0,WEST
MED-0649,2022-08-01,0,NORTH
MED-0649,2022-09-01,3,WEST
MED-0649,2022-10-01,0,EAST
MED-0649,2022-11-01,0,NORTH
MED-0649,2022-12-01,0,NORTH
MED-0649,2023-01-01,5,NORTH
MED-0649,2023-02-01,0,CENTRAL
MED-0649,2023-03-01,0,NORTH
MED-0649,2023-04-01,4,NORTH
MED-0649,2023-05-01,0,EAST
MED-0649,2023-06-01,0,NORTH
MED-0649,2023-07-01,0,NORTH
MED-0649,2023-08-01,0,CENTRAL
MED-0649,2023-09-01,0,NORTH
MED-0649,2023-10-01,0,NORTH
MED-0649,2023-11-01,7,NORTH
MED-0649,2023-12-01,0,CENTRAL
MED-0649,2024-01-01,0,CENTRAL
MED-0649,2024-02-01,2,NORTH
MED-0649,2024-03-01,3,NORTH
MED-0649,2024-04-01,4,NORTH
MED-0649,2024-05-01,0,SOUTH
MED-0649,2024-06-01,0,WEST
MED-0649,2024-07-01,0,NORTH
MED-0649,2024-08-01,0,CENTRAL
MED-0649,2024-09-01,0,WEST
MED-0649,2024-10-01,3,EAST
MED-0649,2024-11-01,0,NORTH
MED-0649,2024-12-01,0,NORTH
MED-0649,2025-01-01,6,NORTH
MED-0649,2025-02-01,0,NORTH
MED-0649,2025-03-01,0,NORTH
MED-0649,2025-04-01,0,SOUTH
MED-0649,2025-05-01,0,NORTH
MED-0649,2025-06-01,5,NORTH
MED-0649,2025-07-01,0,NORTH
MED-0649,2025-08-01,8,NORTH
MED-0649,2025-09-01,8,NORTH
MED-0649,2025-10-01,0,CENTRAL
MED-0649,2025-11-01,8,NORTH
MED-0649,2025-12-01,0,NORTH
MED-0650,2022-01-01,1,SOUTH
MED-0650,2022-02-01,0,SOUTH
MED-0650,2022-03-01,0,SOUTH
MED-0650,2022-04-01,6,EAST
MED-0650,2022-05-01,0,SOUTH
MED-0650,2022-06-01,1,EAST
MED-0650,2022-07-01,5,CENTRAL
MED-0650,2022-08-01,0,SOUTH
MED-0650,2022-09-01,0,SOUTH
MED-0650,2022-10-01,0,EAST
MED-0650,2022-11-01,3,SOUTH
MED-0650,2022-12-01,3,NORTH
MED-0650,2023-01-01,3,SOUTH
MED-0650,2023-02-01,0,WEST
MED-0650,2023-03-01,0,SOUTH
MED-0650,2023-04-01,0,SOUTH
MED-0650,2023-05-01,1,SOUTH
MED-0650,2023-06-01,0,EAST
MED-0650,2023-07-01,0,SOUTH
MED-0650,2023-08-01,0,SOUTH
MED-0650,2023-09-01,0,SOUTH
MED-0650,2023-10-01,0,SOUTH
MED-0650,2023-11-01,0,SOUTH
MED-0650,2023-12-01,0,SOUTH
MED-0650,2024-01-01,0,WEST
MED-0650,2024-02-01,0,SOUTH
MED-0650,2024-03-01,0,SOUTH
MED-0650,2024-04-01,0,WEST
MED-0650,2024-05-01,0,EAST
MED-0650,2024-06-01,0,SOUTH
MED-0650,2024-07-01,0,SOUTH
MED-0650,2024-08-01,6,SOUTH
MED-0650,2024-09-01,0,SOUTH
MED-0650,2024-10-01,3,SOUTH
MED-0650,2024-11-01,0,NORTH
MED-0650,2024-12-01,0,SOUTH
MED-0650,2025-01-01,0,SOUTH
MED-0650,2025-02-01,0,NORTH
MED-0650,2025-03-01,0,WEST
MED-0650,2025-04-01,1,SOUTH
MED-0650,2025-05-01,0,SOUTH
MED-0650,2025-06-01,0,SOUTH
MED-0650,2025-07-01,0,SOUTH
MED-0650,2025-08-01,0,WEST
MED-0650,2025-09-01,3,CENTRAL
MED-0650,2025-10-01,0,WEST
MED-0650,2025-11-01,0,CENTRAL
MED-0650,2025-12-01,0,SOUTH
MED-0651,2023-01-01,7,NORTH
MED-0651,2023-02-01,2,NORTH
MED-0651,2023-03-01,0,WEST
MED-0651,2023-04-01,0,NORTH
MED-0651,2023-05-01,0,NORTH
MED-0651,2023-06-01,0,NORTH
MED-0651,2023-07-01,2,NORTH
MED-0651,2023-08-01,0,NORTH
MED-0651,2023-09-01,4,NORTH
MED-0651,2023-10-01,4,EAST
MED-0651,2023-11-01,0,NORTH
MED-0651,2023-12-01,0,SOUTH
MED-0651,2024-01-01,0,EAST
MED-0651,2024-02-01,0,NORTH
MED-0651,2024-03-01,5,NORTH
MED-0651,2024-04-01,1,NORTH
MED-0651,2024-05-01,3,NORTH
MED-0651,2024-06-01,0,NORTH
MED-0651,2024-07-01,6,NORTH
MED-0651,2024-08-01,0,CENTRAL
MED-0651,2024-09-01,2,NORTH
MED-0651,2024-10-01,0,NORTH
MED-0651,2024-11-01,2,NORTH
MED-0651,2024-12-01,0,WEST
MED-0651,2025-01-01,6,SOUTH
MED-0651,2025-02-01,0,CENTRAL
MED-0651,2025-03-01,1,EAST
MED-0651,2025-04-01,6,NORTH
MED-0651,2025-05-01,2,NORTH
MED-0651,2025-06-01,0,NORTH
MED-0651,2025-07-01,0,NORTH
MED-0651,2025-08-01,0,NORTH
MED-0651,2025-09-01,3,NORTH
MED-0651,2025-10-01,4,NORTH
MED-0651,2025-11-01,0,NORTH
MED-0651,2025-12-01,0,NORTH
MED-0652,2024-07-01,2,EAST
MED-0652,2024-08-01,0,EAST
MED-0652,2024-09-01,0,EAST
MED-0652,2024-10-01,4,EAST
MED-0652,2024-11-01,9,NORTH
MED-0652,2024-12-01,0,EAST
MED-0652,2025-01-01,0,WEST
MED-0652,2025-02-01,0,SOUTH
MED-0652,2025-03-01,0,WEST
MED-0652,2025-04-01,2,EAST
MED-0652,2025-05-01,3,EAST
MED-0652,2025-06-01,0,NORTH
MED-0652,2025-07-01,4,WEST
MED-0652,2025-08-01,0,CENTRAL
MED-0652,2025-09-01,0,CENTRAL
MED-0652,2025-10-01,3,EAST
MED-0652,2025-11-01,0,EAST
MED-0652,2025-12-01,4,EAST
MED-0653,2022-07-01,4,WEST
MED-0653,2022-08-01,2,WEST
MED-0653,2022-09-01,5,WEST
MED-0653,2022-10-01,0,WEST
MED-0653,2022-11-01,5,CENTRAL
MED-0653,2022-12-01,2,WEST
MED-0653,2023-01-01,1,WEST
MED-0653,2023-02-01,0,WEST
MED-0653,2023-03-01,6,WEST
MED-0653,2023-04-01,1,WEST
MED-0653,2023-05-01,3,EAST
MED-0653,2023-06-01,1,WEST
MED-0653,2023-07-01,3,WEST
MED-0653,2023-08-01,2,WEST
MED-0653,2023-09-01,4,CENTRAL
MED-0653,2023-10-01,2,WEST
MED-0653,2023-11-01,2,WEST
MED-0653,2023-12-01,8,WEST
MED-0653,2024-01-01,3,WEST
MED-0653,2024-02-01,7,CENTRAL
MED-0653,2024-03-01,3,WEST
MED-0653,2024-04-01,4,SOUTH
MED-0653,2024-05-01,2,WEST
MED-0653,2024-06-01,0,CENTRAL
MED-0653,2024-07-01,3,CENTRAL
MED-0653,2024-08-01,2,WEST
MED-0653,2024-09-01,4,SOUTH
MED-0653,2024-10-01,3,WEST
MED-0653,2024-11-01,0,WEST
MED-0653,2024-12-01,4,CENTRAL
MED-0653,2025-01-01,0,WEST
MED-0653,2025-02-01,7,WEST
MED-0653,2025-03-01,2,WEST
MED-0653,2025-04-01,3,SOUTH
MED-0653,2025-05-01,3,SOUTH
MED-0653,2025-06-01,0,WEST
MED-0653,2025-07-01,7,EAST
MED-0653,2025-08-01,0,SOUTH
MED-0653,2025-09-01,3,NORTH
MED-0653,2025-10-01,9,WEST
MED-0653,2025-11-01,5,WEST
MED-0653,2025-12-01,3,WEST
MED-0654,2024-01-01,0,CENTRAL
MED-0654,2024-02-01,0,CENTRAL
MED-0654,2024-03-01,0,CENTRAL
MED-0654,2024-04-01,0,CENTRAL
MED-0654,2024-05-01,9,CENTRAL
MED-0654,2024-06-01,0,EAST
MED-0654,2024-07-01,0,CENTRAL
MED-0654,2024-08-01,8,CENTRAL
MED-0654,2024-09-01,19,CENTRAL
MED-0654,2024-10-01,0,EAST
MED-0654,2024-11-01,0,CENTRAL
MED-0654,2024-12-01,0,CENTRAL
MED-0654,2025-01-01,0,NORTH
MED-0654,2025-02-01,0,CENTRAL
MED-0654,2025-03-01,0,CENTRAL
MED-0654,2025-04-01,0,NORTH
MED-0654,2025-05-01,0,CENTRAL
MED-0654,2025-06-01,0,NORTH
MED-0654,2025-07-01,6,CENTRAL
MED-0654,2025-08-01,0,CENTRAL
MED-0654,2025-09-01,0,CENTRAL
MED-0654,2025-10-01,0,CENTRAL
MED-0654,2025-11-01,0,EAST
MED-0654,2025-12-01,13,CENTRAL
MED-0655,2024-01-01,7,CENTRAL
MED-0655,2024-02-01,7,CENTRAL
MED-0655,2024-03-01,6,WEST
MED-0655,2024-04-01,7,CENTRAL
MED-0655,2024-05-01,5,CENTRAL
MED-0655,2024-06-01,4,NORTH
MED-0655,2024-07-01,4,NORTH
MED-0655,2024-08-01,6,NORTH
MED-0655,2024-09-01,5,EAST
MED-0655,2024-10-01,4,CENTRAL
MED-0655,2024-11-01,5,CENTRAL
MED-0655,2024-12-01,5,CENTRAL
MED-0655,2025-01-01,4,WEST
MED-0655,2025-02-01,3,CENTRAL
MED-0655,2025-03-01,3,CENTRAL
MED-0655,2025-04-01,3,NORTH
MED-0655,2025-05-01,4,CENTRAL
MED-0655,2025-06-01,9,CENTRAL
MED-0655,2025-07-01,8,WEST
MED-0655,2025-08-01,2,SOUTH
MED-0655,2025-09-01,3,SOUTH
MED-0655,2025-10-01,5,CENTRAL
MED-0655,2025-11-01,5,CENTRAL
MED-0655,2025-12-01,5,WEST
MED-0656,2022-01-01,4,EAST
MED-0656,2022-02-01,2,EAST
MED-0656,2022-03-01,4,EAST
MED-0656,2022-04-01,5,EAST
MED-0656,2022-05-01,7,SOUTH
MED-0656,2022-06-01,1,NORTH
MED-0656,2022-07-01,2,EAST
MED-0656,2022-08-01,1,EAST
MED-0656,2022-09-01,6,EAST
MED-0656,2022-10-01,2,EAST
MED-0656,2022-11-01,4,EAST
MED-0656,2022-12-01,4,EAST
MED-0656,2023-01-01,3,EAST
MED-0656,2023-02-01,2,EAST
MED-0656,2023-03-01,6,SOUTH
MED-0656,2023-04-01,4,EAST
MED-0656,2023-05-01,5,EAST
MED-0656,2023-06-01,3,WEST
MED-0656,2023-07-01,4,EAST
MED-0656,2023-08-01,6,EAST
MED-0656,2023-09-01,6,WEST
MED-0656,2023-10-01,4,EAST
MED-0656,2023-11-01,4,EAST
MED-0656,2023-12-01,3,EAST
MED-0656,2024-01-01,4,EAST
MED-0656,2024-02-01,2,EAST
MED-0656,2024-03-01,4,EAST
MED-0656,2024-04-01,4,EAST
MED-0656,2024-05-01,5,EAST
MED-0656,2024-06-01,4,EAST
MED-0656,2024-07-01,8,EAST
MED-0656,2024-08-01,6,EAST
MED-0656,2024-09-01,3,SOUTH
MED-0656,2024-10-01,5,EAST
MED-0656,2024-11-01,1,SOUTH
MED-0656,2024-12-01,4,WEST
MED-0656,2025-01-01,5,EAST
MED-0656,2025-02-01,3,NORTH
MED-0656,2025-03-01,2,EAST
MED-0656,2025-04-01,5,WEST
MED-0656,2025-05-01,9,EAST
MED-0656,2025-06-01,4,EAST
MED-0656,2025-07-01,4,EAST
MED-0656,2025-08-01,6,EAST
MED-0656,2025-09-01,3,CENTRAL
MED-0656,2025-10-01,2,NORTH
MED-0656,2025-11-01,4,EAST
MED-0656,2025-12-01,4,EAST
MED-0657,2022-01-01,5,SOUTH
MED-0657,2022-02-01,3,CENTRAL
MED-0657,2022-03-01,10,CENTRAL
MED-0657,2022-04-01,7,CENTRAL
MED-0657,2022-05-01,1,NORTH
MED-0657,2022-06-01,2,WEST
MED-0657,2022-07-01,7,EAST
MED-0657,2022-08-01,8,CENTRAL
MED-0657,2022-09-01,6,CENTRAL
MED-0657,2022-10-01,7,EAST
MED-0657,2022-11-01,14,CENTRAL
MED-0657,2022-12-01,2,CENTRAL
MED-0657,2023-01-01,3,SOUTH
MED-0657,2023-02-01,7,CENTRAL
MED-0657,2023-03-01,2,CENTRAL
MED-0657,2023-04-01,4,NORTH
MED-0657,2023-05-01,4,CENTRAL
MED-0657,2023-06-01,6,CENTRAL
MED-0657,2023-07-01,5,CENTRAL
MED-0657,2023-08-01,6,SOUTH
MED-0657,2023-09-01,6,CENTRAL
MED-0657,2023-10-01,0,EAST
MED-0657,2023-11-01,6,SOUTH
MED-0657,2023-12-01,0,CENTRAL
MED-0657,2024-01-01,2,CENTRAL
MED-0657,2024-02-01,9,CENTRAL
MED-0657,2024-03-01,0,WEST
MED-0657,2024-04-01,4,CENTRAL
MED-0657,2024-05-01,2,WEST
MED-0657,2024-06-01,2,CENTRAL
MED-0657,2024-07-01,4,EAST
MED-0657,2024-08-01,12,CENTRAL
MED-0657,2024-09-01,7,NORTH
MED-0657,2024-10-01,7,CENTRAL
MED-0657,2024-11-01,2,CENTRAL
MED-0657,2024-12-01,6,SOUTH
MED-0657,2025-01-01,8,WEST
MED-0657,2025-02-01,0,CENTRAL
MED-0657,2025-03-01,5,CENTRAL
MED-0657,2025-04-01,2,CENTRAL
MED-0657,2025-05-01,3,CENTRAL
MED-0657,2025-06-01,9,NORTH
MED-0657,2025-07-01,0,CENTRAL
MED-0657,2025-08-01,5,CENTRAL
MED-0657,2025-09-01,7,EAST
MED-0657,2025-10-01,6,NORTH
MED-0657,2025-11-01,11,CENTRAL
MED-0657,2025-12-01,3,CENTRAL
MED-0658,2023-07-01,3,SOUTH
MED-0658,2023-08-01,0,SOUTH
MED-0658,2023-09-01,0,SOUTH
MED-0658,2023-10-01,6,SOUTH
MED-0658,2023-11-01,0,SOUTH
MED-0658,2023-12-01,0,SOUTH
MED-0658,2024-01-01,0,SOUTH
MED-0658,2024-02-01,0,SOUTH
MED-0658,2024-03-01,5,SOUTH
MED-0658,2024-04-01,0,SOUTH
MED-0658,2024-05-01,0,SOUTH
MED-0658,2024-06-01,0,CENTRAL
MED-0658,2024-07-01,0,EAST
MED-0658,2024-08-01,6,SOUTH
MED-0658,2024-09-01,5,CENTRAL
MED-0658,2024-10-01,0,EAST
MED-0658,2024-11-01,0,SOUTH
MED-0658,2024-12-01,0,SOUTH
MED-0658,2025-01-01,0,EAST
MED-0658,2025-02-01,0,SOUTH
MED-0658,2025-03-01,0,SOUTH
MED-0658,2025-04-01,0,SOUTH
MED-0658,2025-05-01,4,SOUTH
MED-0658,2025-06-01,4,CENTRAL
MED-0658,2025-07-01,0,SOUTH
MED-0658,2025-08-01,0,WEST
MED-0658,2025-09-01,1,CENTRAL
MED-0658,2025-10-01,0,SOUTH
MED-0658,2025-11-01,0,EAST
MED-0658,2025-12-01,0,SOUTH
MED-0659,2022-01-01,6,CENTRAL
MED-0659,2022-02-01,3,NORTH
MED-0659,2022-03-01,6,CENTRAL
MED-0659,2022-04-01,5,CENTRAL
MED-0659,2022-05-01,2,CENTRAL
MED-0659,2022-06-01,7,CENTRAL
MED-0659,2022-07-01,5,CENTRAL
MED-0659,2022-08-01,6,CENTRAL
MED-0659,2022-09-01,2,SOUTH
MED-0659,2022-10-01,9,WEST
MED-0659,2022-11-01,7,CENTRAL
MED-0659,2022-12-01,7,NORTH
MED-0659,2023-01-01,6,WEST
MED-0659,2023-02-01,8,CENTRAL
MED-0659,2023-03-01,3,NORTH
MED-0659,2023-04-01,3,CENTRAL
MED-0659,2023-05-01,4,CENTRAL
MED-0659,2023-06-01,3,CENTRAL
MED-0659,2023-07-01,2,CENTRAL
MED-0659,2023-08-01,3,SOUTH
MED-0659,2023-09-01,13,CENTRAL
MED-0659,2023-10-01,6,CENTRAL
MED-0659,2023-11-01,6,CENTRAL
MED-0659,2023-12-01,5,WEST
MED-0659,2024-01-01,5,CENTRAL
MED-0659,2024-02-01,7,CENTRAL
MED-0659,2024-03-01,3,EAST
MED-0659,2024-04-01,5,CENTRAL
MED-0659,2024-05-01,4,CENTRAL
MED-0659,2024-06-01,13,CENTRAL
MED-0659,2024-07-01,5,SOUTH
MED-0659,2024-08-01,3,WEST
MED-0659,2024-09-01,9,CENTRAL
MED-0659,2024-10-01,2,CENTRAL
MED-0659,2024-11-01,3,CENTRAL
MED-0659,2024-12-01,5,CENTRAL
MED-0659,2025-01-01,53,CENTRAL
MED-0659,2025-02-01,5,CENTRAL
MED-0659,2025-03-01,5,CENTRAL
MED-0659,2025-04-01,6,NORTH
MED-0659,2025-05-01,3,CENTRAL
MED-0659,2025-06-01,5,CENTRAL
MED-0659,2025-07-01,5,CENTRAL
MED-0659,2025-08-01,10,CENTRAL
MED-0659,2025-09-01,4,CENTRAL
MED-0659,2025-10-01,8,CENTRAL
MED-0659,2025-11-01,3,SOUTH
MED-0659,2025-12-01,6,WEST
MED-0660,2022-01-01,0,WEST
MED-0660,2022-02-01,0,WEST
MED-0660,2022-03-01,0,WEST
MED-0660,2022-04-01,0,WEST
MED-0660,2022-05-01,0,WEST
MED-0660,2022-06-01,0,NORTH
MED-0660,2022-07-01,0,WEST
MED-0660,2022-08-01,3,WEST
MED-0660,2022-09-01,0,SOUTH
MED-0660,2022-10-01,8,CENTRAL
MED-0660,2022-11-01,0,WEST
MED-0660,2022-12-01,0,WEST
MED-0660,2023-01-01,0,WEST
MED-0660,2023-02-01,0,WEST
MED-0660,2023-03-01,0,NORTH
MED-0660,2023-04-01,0,WEST
MED-0660,2023-05-01,0,NORTH
MED-0660,2023-06-01,0,WEST
MED-0660,2023-07-01,0,WEST
MED-0660,2023-08-01,0,CENTRAL
MED-0660,2023-09-01,13,WEST
MED-0660,2023-10-01,7,WEST
MED-0660,2023-11-01,0,WEST
MED-0660,2023-12-01,0,EAST
MED-0660,2024-01-01,4,WEST
MED-0660,2024-02-01,3,EAST
MED-0660,2024-03-01,0,WEST
MED-0660,2024-04-01,0,SOUTH
MED-0660,2024-05-01,6,WEST
MED-0660,2024-06-01,0,EAST
MED-0660,2024-07-01,0,WEST
MED-0660,2024-08-01,0,WEST
MED-0660,2024-09-01,0,WEST
MED-0660,2024-10-01,6,WEST
MED-0660,2024-11-01,0,WEST
MED-0660,2024-12-01,0,WEST
MED-0660,2025-01-01,0,WEST
MED-0660,2025-02-01,4,WEST
MED-0660,2025-03-01,0,SOUTH
MED-0660,2025-04-01,0,WEST
MED-0660,2025-05-01,0,NORTH
MED-0660,2025-06-01,0,WEST
MED-0660,2025-07-01,0,WEST
MED-0660,2025-08-01,0,EAST
MED-0660,2025-09-01,0,WEST
MED-0660,2025-10-01,1,WEST
MED-0660,2025-11-01,0,WEST
MED-0660,2025-12-01,0,SOUTH
MED-0661,2023-01-01,0,NORTH
MED-0661,2023-02-01,6,NORTH
MED-0661,2023-03-01,0,NORTH
MED-0661,2023-04-01,2,NORTH
MED-0661,2023-05-01,0,WEST
MED-0661,2023-06-01,0,WEST
MED-0661,2023-07-01,0,EAST
MED-0661,2023-08-01,0,EAST
MED-0661,2023-09-01,0,NORTH
MED-0661,2023-10-01,0,NORTH
MED-0661,2023-11-01,0,WEST
MED-0661,2023-12-01,0,SOUTH
MED-0661,2024-01-01,0,SOUTH
MED-0661,2024-02-01,0,SOUTH
MED-0661,2024-03-01,0,NORTH
MED-0661,2024-04-01,15,NORTH
MED-0661,2024-05-01,0,CENTRAL
MED-0661,2024-06-01,0,NORTH
MED-0661,2024-07-01,0,EAST
MED-0661,2024-08-01,14,NORTH
MED-0661,2024-09-01,0,EAST
MED-0661,2024-10-01,0,NORTH
MED-0661,2024-11-01,0,SOUTH
MED-0661,2024-12-01,0,SOUTH
MED-0661,2025-01-01,0,SOUTH
MED-0661,2025-02-01,0,WEST
MED-0661,2025-03-01,0,NORTH
MED-0661,2025-04-01,0,NORTH
MED-0661,2025-05-01,5,NORTH
MED-0661,2025-06-01,0,NORTH
MED-0661,2025-07-01,0,NORTH
MED-0661,2025-08-01,0,NORTH
MED-0661,2025-09-01,0,NORTH
MED-0661,2025-10-01,10,SOUTH
MED-0661,2025-11-01,10,NORTH
MED-0661,2025-12-01,4,WEST
MED-0662,2023-01-01,11,WEST
MED-0662,2023-02-01,0,WEST
MED-0662,2023-03-01,0,NORTH
MED-0662,2023-04-01,0,WEST
MED-0662,2023-05-01,0,WEST
MED-0662,2023-06-01,0,WEST
MED-0662,2023-07-01,0,WEST
MED-0662,2023-08-01,0,WEST
MED-0662,2023-09-01,43,NORTH
MED-0662,2023-10-01,0,WEST
MED-0662,2023-11-01,0,WEST
MED-0662,2023-12-01,0,WEST
MED-0662,2024-01-01,0,EAST
MED-0662,2024-02-01,0,WEST
MED-0662,2024-03-01,0,WEST
MED-0662,2024-04-01,5,SOUTH
MED-0662,2024-05-01,0,WEST
MED-0662,2024-06-01,0,WEST
MED-0662,2024-07-01,0,WEST
MED-0662,2024-08-01,0,WEST
MED-0662,2024-09-01,0,NORTH
MED-0662,2024-10-01,9,WEST
MED-0662,2024-11-01,0,SOUTH
MED-0662,2024-12-01,0,EAST
MED-0662,2025-01-01,5,WEST
MED-0662,2025-02-01,0,WEST
MED-0662,2025-03-01,0,WEST
MED-0662,2025-04-01,0,EAST
MED-0662,2025-05-01,0,WEST
MED-0662,2025-06-01,0,WEST
MED-0662,2025-07-01,0,WEST
MED-0662,2025-08-01,0,WEST
MED-0662,2025-09-01,0,WEST
MED-0662,2025-10-01,0,WEST
MED-0662,2025-11-01,0,WEST
MED-0662,2025-12-01,0,WEST
MED-0663,2022-01-01,0,SOUTH
MED-0663,2022-02-01,0,SOUTH
MED-0663,2022-03-01,0,SOUTH
MED-0663,2022-04-01,0,SOUTH
MED-0663,2022-05-01,0,EAST
MED-0663,2022-06-01,0,CENTRAL
MED-0663,2022-07-01,0,SOUTH
MED-0663,2022-08-01,0,SOUTH
MED-0663,2022-09-01,0,SOUTH
MED-0663,2022-10-01,0,SOUTH
MED-0663,2022-11-01,0,EAST
MED-0663,2022-12-01,0,NORTH
MED-0663,2023-01-01,0,SOUTH
MED-0663,2023-02-01,0,SOUTH
MED-0663,2023-03-01,0,SOUTH
MED-0663,2023-04-01,0,NORTH
MED-0663,2023-05-01,5,SOUTH
MED-0663,2023-06-01,0,WEST
MED-0663,2023-07-01,0,CENTRAL
MED-0663,2023-08-01,0,SOUTH
MED-0663,2023-09-01,0,SOUTH
MED-0663,2023-10-01,0,SOUTH
MED-0663,2023-11-01,0,SOUTH
MED-0663,2023-12-01,0,SOUTH
MED-0663,2024-01-01,0,EAST
MED-0663,2024-02-01,0,SOUTH
MED-0663,2024-03-01,0,EAST
MED-0663,2024-04-01,0,SOUTH
MED-0663,2024-05-01,0,WEST
MED-0663,2024-06-01,0,WEST
MED-0663,2024-07-01,0,WEST
MED-0663,2024-08-01,14,SOUTH
MED-0663,2024-09-01,0,SOUTH
MED-0663,2024-10-01,0,SOUTH
MED-0663,2024-11-01,0,SOUTH
MED-0663,2024-12-01,0,SOUTH
MED-0663,2025-01-01,0,NORTH
MED-0663,2025-02-01,0,NORTH
MED-0663,2025-03-01,0,NORTH
MED-0663,2025-04-01,0,SOUTH
MED-0663,2025-05-01,0,SOUTH
MED-0663,2025-06-01,0,NORTH
MED-0663,2025-07-01,0,SOUTH
MED-0663,2025-08-01,0,CENTRAL
MED-0663,2025-09-01,0,SOUTH
MED-0663,2025-10-01,0,WEST
MED-0663,2025-11-01,0,SOUTH
MED-0663,2025-12-01,0,SOUTH
MED-0664,2022-07-01,0,EAST
MED-0664,2022-08-01,0,WEST
MED-0664,2022-09-01,5,EAST
MED-0664,2022-10-01,0,EAST
MED-0664,2022-11-01,0,EAST
MED-0664,2022-12-01,0,EAST
MED-0664,2023-01-01,0,EAST
MED-0664,2023-02-01,0,EAST
MED-0664,2023-03-01,0,EAST
MED-0664,2023-04-01,0,EAST
MED-0664,2023-05-01,5,CENTRAL
MED-0664,2023-06-01,0,EAST
MED-0664,2023-07-01,6,CENTRAL
MED-0664,2023-08-01,0,EAST
MED-0664,2023-09-01,0,EAST
MED-0664,2023-10-01,4,WEST
MED-0664,2023-11-01,0,SOUTH
MED-0664,2023-12-01,0,WEST
MED-0664,2024-01-01,0,EAST
MED-0664,2024-02-01,0,EAST
MED-0664,2024-03-01,5,SOUTH
MED-0664,2024-04-01,0,EAST
MED-0664,2024-05-01,0,EAST
MED-0664,2024-06-01,11,CENTRAL
MED-0664,2024-07-01,0,EAST
MED-0664,2024-08-01,0,EAST
MED-0664,2024-09-01,0,EAST
MED-0664,2024-10-01,0,EAST
MED-0664,2024-11-01,0,EAST
MED-0664,2024-12-01,0,WEST
MED-0664,2025-01-01,0,EAST
MED-0664,2025-02-01,15,CENTRAL
MED-0664,2025-03-01,0,EAST
MED-0664,2025-04-01,4,EAST
MED-0664,2025-05-01,0,EAST
MED-0664,2025-06-01,0,CENTRAL
MED-0664,2025-07-01,0,SOUTH
MED-0664,2025-08-01,0,EAST
MED-0664,2025-09-01,2,CENTRAL
MED-0664,2025-10-01,0,CENTRAL
MED-0664,2025-11-01,0,EAST
MED-0664,2025-12-01,5,EAST
MED-0665,2023-01-01,1,WEST
MED-0665,2023-02-01,10,WEST
MED-0665,2023-03-01,0,CENTRAL
MED-0665,2023-04-01,8,WEST
MED-0665,2023-05-01,6,CENTRAL
MED-0665,2023-06-01,2,NORTH
MED-0665,2023-07-01,10,WEST
MED-0665,2023-08-01,1,WEST
MED-0665,2023-09-01,8,WEST
MED-0665,2023-10-01,7,CENTRAL
MED-0665,2023-11-01,11,SOUTH
MED-0665,2023-12-01,2,WEST
MED-0665,2024-01-01,0,NORTH
MED-0665,2024-02-01,8,WEST
MED-0665,2024-03-01,8,WEST
MED-0665,2024-04-01,18,WEST
MED-0665,2024-05-01,2,WEST
MED-0665,2024-06-01,2,EAST
MED-0665,2024-07-01,3,WEST
MED-0665,2024-08-01,3,WEST
MED-0665,2024-09-01,1,EAST
MED-0665,2024-10-01,2,WEST
MED-0665,2024-11-01,7,WEST
MED-0665,2024-12-01,8,WEST
MED-0665,2025-01-01,0,WEST
MED-0665,2025-02-01,7,EAST
MED-0665,2025-03-01,11,WEST
MED-0665,2025-04-01,3,WEST
MED-0665,2025-05-01,3,WEST
MED-0665,2025-06-01,2,WEST
MED-0665,2025-07-01,3,WEST
MED-0665,2025-08-01,2,WEST
MED-0665,2025-09-01,0,WEST
MED-0665,2025-10-01,1,NORTH
MED-0665,2025-11-01,5,SOUTH
MED-0665,2025-12-01,1,WEST
MED-0666,2022-07-01,0,CENTRAL
MED-0666,2022-08-01,0,SOUTH
MED-0666,2022-09-01,60,EAST
MED-0666,2022-10-01,0,CENTRAL
MED-0666,2022-11-01,0,CENTRAL
MED-0666,2022-12-01,0,NORTH
MED-0666,2023-01-01,0,CENTRAL
MED-0666,2023-02-01,0,NORTH
MED-0666,2023-03-01,0,CENTRAL
MED-0666,2023-04-01,0,SOUTH
MED-0666,2023-05-01,0,SOUTH
MED-0666,2023-06-01,144,CENTRAL
MED-0666,2023-07-01,0,CENTRAL
MED-0666,2023-08-01,0,CENTRAL
MED-0666,2023-09-01,19,NORTH
MED-0666,2023-10-01,0,CENTRAL
MED-0666,2023-11-01,0,WEST
MED-0666,2023-12-01,0,CENTRAL
MED-0666,2024-01-01,0,CENTRAL
MED-0666,2024-02-01,17,CENTRAL
MED-0666,2024-03-01,9,CENTRAL
MED-0666,2024-04-01,0,CENTRAL
MED-0666,2024-05-01,18,NORTH
MED-0666,2024-06-01,16,WEST
MED-0666,2024-07-01,9,CENTRAL
MED-0666,2024-08-01,16,CENTRAL
MED-0666,2024-09-01,0,SOUTH
MED-0666,2024-10-01,0,EAST
MED-0666,2024-11-01,0,CENTRAL
MED-0666,2024-12-01,0,WEST
MED-0666,2025-01-01,0,WEST
MED-0666,2025-02-01,0,CENTRAL
MED-0666,2025-03-01,0,NORTH
MED-0666,2025-04-01,17,CENTRAL
MED-0666,2025-05-01,0,CENTRAL
MED-0666,2025-06-01,0,CENTRAL
MED-0666,2025-07-01,0,CENTRAL
MED-0666,2025-08-01,0,WEST
MED-0666,2025-09-01,0,CENTRAL
MED-0666,2025-10-01,0,CENTRAL
MED-0666,2025-11-01,0,CENTRAL
MED-0666,2025-12-01,0,SOUTH
MED-0667,2022-01-01,4,CENTRAL
MED-0667,2022-02-01,3,CENTRAL
MED-0667,2022-03-01,7,CENTRAL
MED-0667,2022-04-01,4,CENTRAL
MED-0667,2022-05-01,2,CENTRAL
MED-0667,2022-06-01,0,WEST
MED-0667,2022-07-01,3,CENTRAL
MED-0667,2022-08-01,0,EAST
MED-0667,2022-09-01,2,CENTRAL
MED-0667,2022-10-01,2,CENTRAL
MED-0667,2022-11-01,2,CENTRAL
MED-0667,2022-12-01,3,CENTRAL
MED-0667,2023-01-01,2,CENTRAL
MED-0667,2023-02-01,3,CENTRAL
MED-0667,2023-03-01,0,WEST
MED-0667,2023-04-01,4,NORTH
MED-0667,2023-05-01,4,CENTRAL
MED-0667,2023-06-01,5,SOUTH
MED-0667,2023-07-01,1,CENTRAL
MED-0667,2023-08-01,4,CENTRAL
MED-0667,2023-09-01,3,SOUTH
MED-0667,2023-10-01,2,CENTRAL
MED-0667,2023-11-01,5,SOUTH
MED-0667,2023-12-01,6,CENTRAL
MED-0667,2024-01-01,4,WEST
MED-0667,2024-02-01,1,SOUTH
MED-0667,2024-03-01,1,WEST
MED-0667,2024-04-01,3,CENTRAL
MED-0667,2024-05-01,3,EAST
MED-0667,2024-06-01,0,CENTRAL
MED-0667,2024-07-01,4,NORTH
MED-0667,2024-08-01,4,CENTRAL
MED-0667,2024-09-01,2,SOUTH
MED-0667,2024-10-01,3,CENTRAL
MED-0667,2024-11-01,2,CENTRAL
MED-0667,2024-12-01,6,CENTRAL
MED-0667,2025-01-01,2,CENTRAL
MED-0667,2025-02-01,2,CENTRAL
MED-0667,2025-03-01,1,CENTRAL
MED-0667,2025-04-01,6,NORTH
MED-0667,2025-05-01,6,CENTRAL
MED-0667,2025-06-01,3,SOUTH
MED-0667,2025-07-01,3,EAST
MED-0667,2025-08-01,3,CENTRAL
MED-0667,2025-09-01,6,CENTRAL
MED-0667,2025-10-01,4,CENTRAL
MED-0667,2025-11-01,2,CENTRAL
MED-0667,2025-12-01,3,CENTRAL
MED-0668,2022-01-01,16,CENTRAL
MED-0668,2022-02-01,0,WEST
MED-0668,2022-03-01,0,EAST
MED-0668,2022-04-01,0,EAST
MED-0668,2022-05-01,0,EAST
MED-0668,2022-06-01,0,EAST
MED-0668,2022-07-01,0,EAST
MED-0668,2022-08-01,0,CENTRAL
MED-0668,2022-09-01,0,EAST
MED-0668,2022-10-01,0,EAST
MED-0668,2022-11-01,0,EAST
MED-0668,2022-12-01,0,EAST
MED-0668,2023-01-01,63,WEST
MED-0668,2023-02-01,0,EAST
MED-0668,2023-03-01,0,EAST
MED-0668,2023-04-01,0,EAST
MED-0668,2023-05-01,14,EAST
MED-0668,2023-06-01,0,EAST
MED-0668,2023-07-01,0,CENTRAL
MED-0668,2023-08-01,0,EAST
MED-0668,2023-09-01,0,EAST
MED-0668,2023-10-01,0,EAST
MED-0668,2023-11-01,14,EAST
MED-0668,2023-12-01,9,NORTH
MED-0668,2024-01-01,0,CENTRAL
MED-0668,2024-02-01,0,EAST
MED-0668,2024-03-01,0,EAST
MED-0668,2024-04-01,14,WEST
MED-0668,2024-05-01,0,EAST
MED-0668,2024-06-01,0,EAST
MED-0668,2024-07-01,0,EAST
MED-0668,2024-08-01,0,NORTH
MED-0668,2024-09-01,0,EAST
MED-0668,2024-10-01,0,EAST
MED-0668,2024-11-01,0,EAST
MED-0668,2024-12-01,15,EAST
MED-0668,2025-01-01,0,EAST
MED-0668,2025-02-01,0,CENTRAL
MED-0668,2025-03-01,7,EAST
MED-0668,2025-04-01,0,EAST
MED-0668,2025-05-01,0,EAST
MED-0668,2025-06-01,13,EAST
MED-0668,2025-07-01,0,EAST
MED-0668,2025-08-01,0,EAST
MED-0668,2025-09-01,0,EAST
MED-0668,2025-10-01,0,SOUTH
MED-0668,2025-11-01,0,CENTRAL
MED-0668,2025-12-01,14,EAST
MED-0669,2022-01-01,3,EAST
MED-0669,2022-02-01,4,EAST
MED-0669,2022-03-01,5,EAST
MED-0669,2022-04-01,2,SOUTH
MED-0669,2022-05-01,6,EAST
MED-0669,2022-06-01,4,CENTRAL
MED-0669,2022-07-01,4,SOUTH
MED-0669,2022-08-01,9,SOUTH
MED-0669,2022-09-01,2,SOUTH
MED-0669,2022-10-01,5,EAST
MED-0669,2022-11-01,4,EAST
MED-0669,2022-12-01,3,EAST
MED-0669,2023-01-01,4,SOUTH
MED-0669,2023-02-01,2,EAST
MED-0669,2023-03-01,7,EAST
MED-0669,2023-04-01,3,EAST
MED-0669,2023-05-01,2,EAST
MED-0669,2023-06-01,7,EAST
MED-0669,2023-07-01,2,WEST
MED-0669,2023-08-01,3,EAST
MED-0669,2023-09-01,3,EAST
MED-0669,2023-10-01,1,EAST
MED-0669,2023-11-01,4,EAST
MED-0669,2023-12-01,7,EAST
MED-0669,2024-01-01,3,WEST
MED-0669,2024-02-01,3,EAST
MED-0669,2024-03-01,6,NORTH
MED-0669,2024-04-01,4,EAST
MED-0669,2024-05-01,4,EAST
MED-0669,2024-06-01,2,EAST
MED-0669,2024-07-01,8,EAST
MED-0669,2024-08-01,4,CENTRAL
MED-0669,2024-09-01,3,WEST
MED-0669,2024-10-01,5,EAST
MED-0669,2024-11-01,2,EAST
MED-0669,2024-12-01,3,WEST
MED-0669,2025-01-01,3,NORTH
MED-0669,2025-02-01,3,NORTH
MED-0669,2025-03-01,2,EAST
MED-0669,2025-04-01,2,EAST
MED-0669,2025-05-01,2,EAST
MED-0669,2025-06-01,0,EAST
MED-0669,2025-07-01,2,EAST
MED-0669,2025-08-01,0,SOUTH
MED-0669,2025-09-01,6,WEST
MED-0669,2025-10-01,2,EAST
MED-0669,2025-11-01,3,CENTRAL
MED-0669,2025-12-01,7,EAST
MED-0670,2024-01-01,0,WEST
MED-0670,2024-02-01,0,WEST
MED-0670,2024-03-01,0,WEST
MED-0670,2024-04-01,0,WEST
MED-0670,2024-05-01,0,WEST
MED-0670,2024-06-01,0,CENTRAL
MED-0670,2024-07-01,0,WEST
MED-0670,2024-08-01,0,WEST
MED-0670,2024-09-01,18,WEST
MED-0670,2024-10-01,0,WEST
MED-0670,2024-11-01,0,WEST
MED-0670,2024-12-01,0,WEST
MED-0670,2025-01-01,0,WEST
MED-0670,2025-02-01,19,WEST
MED-0670,2025-03-01,0,EAST
MED-0670,2025-04-01,0,CENTRAL
MED-0670,2025-05-01,18,EAST
MED-0670,2025-06-01,0,WEST
MED-0670,2025-07-01,0,WEST
MED-0670,2025-08-01,0,WEST
MED-0670,2025-09-01,0,WEST
MED-0670,2025-10-01,20,CENTRAL
MED-0670,2025-11-01,0,EAST
MED-0670,2025-12-01,0,WEST
MED-0671,2022-01-01,0,NORTH
MED-0671,2022-02-01,0,NORTH
MED-0671,2022-03-01,0,NORTH
MED-0671,2022-04-01,0,CENTRAL
MED-0671,2022-05-01,0,NORTH
MED-0671,2022-06-01,7,NORTH
MED-0671,2022-07-01,0,NORTH
MED-0671,2022-08-01,5,NORTH
MED-0671,2022-09-01,0,NORTH
MED-0671,2022-10-01,0,NORTH
MED-0671,2022-11-01,0,NORTH
MED-0671,2022-12-01,2,WEST
MED-0671,2023-01-01,5,NORTH
MED-0671,2023-02-01,6,NORTH
MED-0671,2023-03-01,0,NORTH
MED-0671,2023-04-01,0,WEST
MED-0671,2023-05-01,0,NORTH
MED-0671,2023-06-01,0,NORTH
MED-0671,2023-07-01,0,NORTH
MED-0671,2023-08-01,0,NORTH
MED-0671,2023-09-01,6,NORTH
MED-0671,2023-10-01,0,NORTH
MED-0671,2023-11-01,5,WEST
MED-0671,2023-12-01,0,SOUTH
MED-0671,2024-01-01,6,NORTH
MED-0671,2024-02-01,0,NORTH
MED-0671,2024-03-01,0,NORTH
MED-0671,2024-04-01,0,WEST
MED-0671,2024-05-01,4,NORTH
MED-0671,2024-06-01,0,NORTH
MED-0671,2024-07-01,5,NORTH
MED-0671,2024-08-01,2,WEST
MED-0671,2024-09-01,0,NORTH
MED-0671,2024-10-01,0,NORTH
MED-0671,2024-11-01,4,NORTH
MED-0671,2024-12-01,3,NORTH
MED-0671,2025-01-01,8,NORTH
MED-0671,2025-02-01,0,WEST
MED-0671,2025-03-01,0,NORTH
MED-0671,2025-04-01,0,NORTH
MED-0671,2025-05-01,0,NORTH
MED-0671,2025-06-01,0,NORTH
MED-0671,2025-07-01,0,NORTH
MED-0671,2025-08-01,0,EAST
MED-0671,2025-09-01,0,NORTH
MED-0671,2025-10-01,5,NORTH
MED-0671,2025-11-01,0,NORTH
MED-0671,2025-12-01,0,CENTRAL
MED-0672,2023-01-01,1,SOUTH
MED-0672,2023-02-01,0,SOUTH
MED-0672,2023-03-01,0,SOUTH
MED-0672,2023-04-01,0,SOUTH
MED-0672,2023-05-01,0,SOUTH
MED-0672,2023-06-01,2,EAST
MED-0672,2023-07-01,0,CENTRAL
MED-0672,2023-08-01,0,SOUTH
MED-0672,2023-09-01,0,SOUTH
MED-0672,2023-10-01,0,SOUTH
MED-0672,2023-11-01,4,SOUTH
MED-0672,2023-12-01,2,SOUTH
MED-0672,2024-01-01,0,SOUTH
MED-0672,2024-02-01,0,SOUTH
MED-0672,2024-03-01,0,SOUTH
MED-0672,2024-04-01,0,SOUTH
MED-0672,2024-05-01,0,SOUTH
MED-0672,2024-06-01,2,SOUTH
MED-0672,2024-07-01,0,NORTH
MED-0672,2024-08-01,0,SOUTH
MED-0672,2024-09-01,1,WEST
MED-0672,2024-10-01,0,SOUTH
MED-0672,2024-11-01,3,SOUTH
MED-0672,2024-12-01,0,CENTRAL
MED-0672,2025-01-01,1,SOUTH
MED-0672,2025-02-01,0,SOUTH
MED-0672,2025-03-01,0,SOUTH
MED-0672,2025-04-01,0,SOUTH
MED-0672,2025-05-01,4,SOUTH
MED-0672,2025-06-01,2,SOUTH
MED-0672,2025-07-01,0,SOUTH
MED-0672,2025-08-01,0,SOUTH
MED-0672,2025-09-01,0,SOUTH
MED-0672,2025-10-01,0,WEST
MED-0672,2025-11-01,3,SOUTH
MED-0672,2025-12-01,4,SOUTH
MED-0673,2023-07-01,6,WEST
MED-0673,2023-08-01,6,WEST
MED-0673,2023-09-01,9,WEST
MED-0673,2023-10-01,8,WEST
MED-0673,2023-11-01,3,NORTH
MED-0673,2023-12-01,3,WEST
MED-0673,2024-01-01,6,WEST
MED-0673,2024-02-01,2,WEST
MED-0673,2024-03-01,7,WEST
MED-0673,2024-04-01,10,WEST
MED-0673,2024-05-01,6,WEST
MED-0673,2024-06-01,8,NORTH
MED-0673,2024-07-01,6,WEST
MED-0673,2024-08-01,3,SOUTH
MED-0673,2024-09-01,7,WEST
MED-0673,2024-10-01,5,WEST
MED-0673,2024-11-01,4,WEST
MED-0673,2024-12-01,4,WEST
MED-0673,2025-01-01,5,EAST
MED-0673,2025-02-01,2,EAST
MED-0673,2025-03-01,9,SOUTH
MED-0673,2025-04-01,5,WEST
MED-0673,2025-05-01,2,CENTRAL
MED-0673,2025-06-01,5,WEST
MED-0673,2025-07-01,7,WEST
MED-0673,2025-08-01,3,WEST
MED-0673,2025-09-01,4,WEST
MED-0673,2025-10-01,4,WEST
MED-0673,2025-11-01,8,WEST
MED-0673,2025-12-01,1,WEST
MED-0674,2022-01-01,1,WEST
MED-0674,2022-02-01,4,SOUTH
MED-0674,2022-03-01,6,WEST
MED-0674,2022-04-01,2,WEST
MED-0674,2022-05-01,2,WEST
MED-0674,2022-06-01,5,WEST
MED-0674,2022-07-01,5,CENTRAL
MED-0674,2022-08-01,7,WEST
MED-0674,2022-09-01,0,SOUTH
MED-0674,2022-10-01,1,EAST
MED-0674,2022-11-01,2,WEST
MED-0674,2022-12-01,3,WEST
MED-0674,2023-01-01,3,WEST
MED-0674,2023-02-01,3,EAST
MED-0674,2023-03-01,3,WEST
MED-0674,2023-04-01,1,WEST
MED-0674,2023-05-01,1,SOUTH
MED-0674,2023-06-01,1,WEST
MED-0674,2023-07-01,1,NORTH
MED-0674,2023-08-01,1,WEST
MED-0674,2023-09-01,7,WEST
MED-0674,2023-10-01,4,WEST
MED-0674,2023-11-01,1,NORTH
MED-0674,2023-12-01,4,NORTH
MED-0674,2024-01-01,7,WEST
MED-0674,2024-02-01,0,NORTH
MED-0674,2024-03-01,0,WEST
MED-0674,2024-04-01,7,WEST
MED-0674,2024-05-01,0,WEST
MED-0674,2024-06-01,1,SOUTH
MED-0674,2024-07-01,4,WEST
MED-0674,2024-08-01,4,WEST
MED-0674,2024-09-01,0,WEST
MED-0674,2024-10-01,0,SOUTH
MED-0674,2024-11-01,6,WEST
MED-0674,2024-12-01,2,WEST
MED-0674,2025-01-01,5,WEST
MED-0674,2025-02-01,1,WEST
MED-0674,2025-03-01,3,WEST
MED-0674,2025-04-01,3,CENTRAL
MED-0674,2025-05-01,0,WEST
MED-0674,2025-06-01,0,WEST
MED-0674,2025-07-01,7,WEST
MED-0674,2025-08-01,5,WEST
MED-0674,2025-09-01,5,WEST
MED-0674,2025-10-01,3,CENTRAL
MED-0674,2025-11-01,3,NORTH
MED-0674,2025-12-01,5,WEST
MED-0675,2023-01-01,0,NORTH
MED-0675,2023-02-01,0,NORTH
MED-0675,2023-03-01,0,NORTH
MED-0675,2023-04-01,0,SOUTH
MED-0675,2023-05-01,0,NORTH
MED-0675,2023-06-01,0,SOUTH
MED-0675,2023-07-01,0,NORTH
MED-0675,2023-08-01,3,NORTH
MED-0675,2023-09-01,0,CENTRAL
MED-0675,2023-10-01,0,NORTH
MED-0675,2023-11-01,0,NORTH
MED-0675,2023-12-01,0,NORTH
MED-0675,2024-01-01,0,NORTH
MED-0675,2024-02-01,0,EAST
MED-0675,2024-03-01,0,NORTH
MED-0675,2024-04-01,0,NORTH
MED-0675,2024-05-01,0,NORTH
MED-0675,2024-06-01,10,NORTH
MED-0675,2024-07-01,0,WEST
MED-0675,2024-08-01,0,WEST
MED-0675,2024-09-01,0,NORTH
MED-0675,2024-10-01,0,CENTRAL
MED-0675,2024-11-01,0,NORTH
MED-0675,2024-12-01,0,CENTRAL
MED-0675,2025-01-01,0,NORTH
MED-0675,2025-02-01,0,NORTH
MED-0675,2025-03-01,0,EAST
MED-0675,2025-04-01,0,NORTH
MED-0675,2025-05-01,0,SOUTH
MED-0675,2025-06-01,0,NORTH
MED-0675,2025-07-01,11,NORTH
MED-0675,2025-08-01,0,NORTH
MED-0675,2025-09-01,0,WEST
MED-0675,2025-10-01,0,EAST
MED-0675,2025-11-01,5,NORTH
MED-0675,2025-12-01,0,SOUTH
MED-0676,2023-01-01,4,CENTRAL
MED-0676,2023-02-01,5,CENTRAL
MED-0676,2023-03-01,0,CENTRAL
MED-0676,2023-04-01,6,CENTRAL
MED-0676,2023-05-01,0,CENTRAL
MED-0676,2023-06-01,0,SOUTH
MED-0676,2023-07-01,0,CENTRAL
MED-0676,2023-08-01,0,CENTRAL
MED-0676,2023-09-01,0,WEST
MED-0676,2023-10-01,10,CENTRAL
MED-0676,2023-11-01,0,CENTRAL
MED-0676,2023-12-01,0,CENTRAL
MED-0676,2024-01-01,0,EAST
MED-0676,2024-02-01,0,CENTRAL
MED-0676,2024-03-01,0,CENTRAL
MED-0676,2024-04-01,0,CENTRAL
MED-0676,2024-05-01,5,EAST
MED-0676,2024-06-01,0,CENTRAL
MED-0676,2024-07-01,0,CENTRAL
MED-0676,2024-08-01,3,CENTRAL
MED-0676,2024-09-01,0,CENTRAL
MED-0676,2024-10-01,0,CENTRAL
MED-0676,2024-11-01,0,CENTRAL
MED-0676,2024-12-01,0,NORTH
MED-0676,2025-01-01,0,CENTRAL
MED-0676,2025-02-01,0,CENTRAL
MED-0676,2025-03-01,0,WEST
MED-0676,2025-04-01,0,CENTRAL
MED-0676,2025-05-01,0,CENTRAL
MED-0676,2025-06-01,0,EAST
MED-0676,2025-07-01,0,CENTRAL
MED-0676,2025-08-01,0,NORTH
MED-0676,2025-09-01,0,SOUTH
MED-0676,2025-10-01,0,CENTRAL
MED-0676,2025-11-01,0,CENTRAL
MED-0676,2025-12-01,0,CENTRAL
MED-0677,2022-01-01,6,WEST
MED-0677,2022-02-01,0,NORTH
MED-0677,2022-03-01,0,EAST
MED-0677,2022-04-01,5,EAST
MED-0677,2022-05-01,0,WEST
MED-0677,2022-06-01,0,EAST
MED-0677,2022-07-01,0,EAST
MED-0677,2022-08-01,2,EAST
MED-0677,2022-09-01,0,EAST
MED-0677,2022-10-01,0,NORTH
MED-0677,2022-11-01,0,CENTRAL
MED-0677,2022-12-01,6,EAST
MED-0677,2023-01-01,0,CENTRAL
MED-0677,2023-02-01,0,EAST
MED-0677,2023-03-01,4,EAST
MED-0677,2023-04-01,0,EAST
MED-0677,2023-05-01,2,SOUTH
MED-0677,2023-06-01,0,WEST
MED-0677,2023-07-01,0,NORTH
MED-0677,2023-08-01,0,EAST
MED-0677,2023-09-01,0,WEST
MED-0677,2023-10-01,3,EAST
MED-0677,2023-11-01,0,CENTRAL
MED-0677,2023-12-01,0,WEST
MED-0677,2024-01-01,0,SOUTH
MED-0677,2024-02-01,4,EAST
MED-0677,2024-03-01,0,EAST
MED-0677,2024-04-01,0,EAST
MED-0677,2024-05-01,0,NORTH
MED-0677,2024-06-01,4,EAST
MED-0677,2024-07-01,0,EAST
MED-0677,2024-08-01,0,EAST
MED-0677,2024-09-01,0,EAST
MED-0677,2024-10-01,0,EAST
MED-0677,2024-11-01,0,EAST
MED-0677,2024-12-01,5,EAST
MED-0677,2025-01-01,2,EAST
MED-0677,2025-02-01,0,EAST
MED-0677,2025-03-01,4,EAST
MED-0677,2025-04-01,0,EAST
MED-0677,2025-05-01,0,EAST
MED-0677,2025-06-01,0,EAST
MED-0677,2025-07-01,0,NORTH
MED-0677,2025-08-01,7,EAST
MED-0677,2025-09-01,0,EAST
MED-0677,2025-10-01,0,EAST
MED-0677,2025-11-01,0,CENTRAL
MED-0677,2025-12-01,0,EAST
MED-0678,2022-01-01,3,WEST
MED-0678,2022-02-01,2,NORTH
MED-0678,2022-03-01,14,WEST
MED-0678,2022-04-01,2,WEST
MED-0678,2022-05-01,2,EAST
MED-0678,2022-06-01,7,WEST
MED-0678,2022-07-01,4,WEST
MED-0678,2022-08-01,2,WEST
MED-0678,2022-09-01,3,WEST
MED-0678,2022-10-01,5,WEST
MED-0678,2022-11-01,5,WEST
MED-0678,2022-12-01,7,WEST
MED-0678,2023-01-01,4,WEST
MED-0678,2023-02-01,3,SOUTH
MED-0678,2023-03-01,6,WEST
MED-0678,2023-04-01,9,WEST
MED-0678,2023-05-01,9,WEST
MED-0678,2023-06-01,6,WEST
MED-0678,2023-07-01,5,WEST
MED-0678,2023-08-01,3,WEST
MED-0678,2023-09-01,2,WEST
MED-0678,2023-10-01,5,WEST
MED-0678,2023-11-01,3,WEST
MED-0678,2023-12-01,5,WEST
MED-0678,2024-01-01,4,CENTRAL
MED-0678,2024-02-01,4,WEST
MED-0678,2024-03-01,5,WEST
MED-0678,2024-04-01,4,NORTH
MED-0678,2024-05-01,4,WEST
MED-0678,2024-06-01,7,CENTRAL
MED-0678,2024-07-01,8,WEST
MED-0678,2024-08-01,3,CENTRAL
MED-0678,2024-09-01,4,WEST
MED-0678,2024-10-01,4,WEST
MED-0678,2024-11-01,3,WEST
MED-0678,2024-12-01,3,EAST
MED-0678,2025-01-01,8,WEST
MED-0678,2025-02-01,5,EAST
MED-0678,2025-03-01,3,EAST
MED-0678,2025-04-01,3,WEST
MED-0678,2025-05-01,6,CENTRAL
MED-0678,2025-06-01,2,WEST
MED-0678,2025-07-01,9,EAST
MED-0678,2025-08-01,2,CENTRAL
MED-0678,2025-09-01,4,WEST
MED-0678,2025-10-01,0,WEST
MED-0678,2025-11-01,2,CENTRAL
MED-0678,2025-12-01,4,WEST
MED-0679,2024-01-01,6,CENTRAL
MED-0679,2024-02-01,3,CENTRAL
MED-0679,2024-03-01,3,EAST
MED-0679,2024-04-01,6,NORTH
MED-0679,2024-05-01,6,EAST
MED-0679,2024-06-01,9,EAST
MED-0679,2024-07-01,3,SOUTH
MED-0679,2024-08-01,3,WEST
MED-0679,2024-09-01,7,EAST
MED-0679,2024-10-01,4,WEST
MED-0679,2024-11-01,5,CENTRAL
MED-0679,2024-12-01,6,EAST
MED-0679,2025-01-01,5,EAST
MED-0679,2025-02-01,2,EAST
MED-0679,2025-03-01,3,EAST
MED-0679,2025-04-01,6,EAST
MED-0679,2025-05-01,7,CENTRAL
MED-0679,2025-06-01,7,EAST
MED-0679,2025-07-01,4,EAST
MED-0679,2025-08-01,2,SOUTH
MED-0679,2025-09-01,8,SOUTH
MED-0679,2025-10-01,3,EAST
MED-0679,2025-11-01,4,EAST
MED-0679,2025-12-01,2,EAST
MED-0680,2024-07-01,21,EAST
MED-0680,2024-08-01,0,CENTRAL
MED-0680,2024-09-01,0,WEST
MED-0680,2024-10-01,0,EAST
MED-0680,2024-11-01,0,EAST
MED-0680,2024-12-01,8,EAST
MED-0680,2025-01-01,0,NORTH
MED-0680,2025-02-01,0,NORTH
MED-0680,2025-03-01,0,WEST
MED-0680,2025-04-01,0,CENTRAL
MED-0680,2025-05-01,15,EAST
MED-0680,2025-06-01,0,EAST
MED-0680,2025-07-01,0,EAST
MED-0680,2025-08-01,0,EAST
MED-0680,2025-09-01,0,EAST
MED-0680,2025-10-01,7,EAST
MED-0680,2025-11-01,18,EAST
MED-0680,2025-12-01,0,EAST
MED-0681,2024-07-01,3,WEST
MED-0681,2024-08-01,4,WEST
MED-0681,2024-09-01,5,WEST
MED-0681,2024-10-01,3,WEST
MED-0681,2024-11-01,1,NORTH
MED-0681,2024-12-01,3,WEST
MED-0681,2025-01-01,3,WEST
MED-0681,2025-02-01,1,WEST
MED-0681,2025-03-01,4,WEST
MED-0681,2025-04-01,4,WEST
MED-0681,2025-05-01,7,WEST
MED-0681,2025-06-01,5,NORTH
MED-0681,2025-07-01,8,CENTRAL
MED-0681,2025-08-01,5,WEST
MED-0681,2025-09-01,2,WEST
MED-0681,2025-10-01,1,CENTRAL
MED-0681,2025-11-01,3,EAST
MED-0681,2025-12-01,3,EAST
MED-0682,2022-01-01,0,CENTRAL
MED-0682,2022-02-01,0,NORTH
MED-0682,2022-03-01,0,CENTRAL
MED-0682,2022-04-01,9,CENTRAL
MED-0682,2022-05-01,0,WEST
MED-0682,2022-06-01,0,CENTRAL
MED-0682,2022-07-01,9,SOUTH
MED-0682,2022-08-01,0,CENTRAL
MED-0682,2022-09-01,5,CENTRAL
MED-0682,2022-10-01,0,CENTRAL
MED-0682,2022-11-01,0,CENTRAL
MED-0682,2022-12-01,0,CENTRAL
MED-0682,2023-01-01,0,CENTRAL
MED-0682,2023-02-01,0,CENTRAL
MED-0682,2023-03-01,0,CENTRAL
MED-0682,2023-04-01,0,SOUTH
MED-0682,2023-05-01,0,CENTRAL
MED-0682,2023-06-01,0,CENTRAL
MED-0682,2023-07-01,0,CENTRAL
MED-0682,2023-08-01,0,CENTRAL
MED-0682,2023-09-01,0,CENTRAL
MED-0682,2023-10-01,15,CENTRAL
MED-0682,2023-11-01,0,CENTRAL
MED-0682,2023-12-01,12,WEST
MED-0682,2024-01-01,12,CENTRAL
MED-0682,2024-02-01,0,CENTRAL
MED-0682,2024-03-01,0,CENTRAL
MED-0682,2024-04-01,0,CENTRAL
MED-0682,2024-05-01,0,WEST
MED-0682,2024-06-01,8,CENTRAL
MED-0682,2024-07-01,15,CENTRAL
MED-0682,2024-08-01,8,CENTRAL
MED-0682,2024-09-01,0,CENTRAL
MED-0682,2024-10-01,0,CENTRAL
MED-0682,2024-11-01,0,NORTH
MED-0682,2024-12-01,14,WEST
MED-0682,2025-01-01,0,NORTH
MED-0682,2025-02-01,0,CENTRAL
MED-0682,2025-03-01,0,CENTRAL
MED-0682,2025-04-01,0,CENTRAL
MED-0682,2025-05-01,0,CENTRAL
MED-0682,2025-06-01,0,CENTRAL
MED-0682,2025-07-01,0,CENTRAL
MED-0682,2025-08-01,0,CENTRAL
MED-0682,2025-09-01,25,CENTRAL
MED-0682,2025-10-01,0,CENTRAL
MED-0682,2025-11-01,0,CENTRAL
MED-0682,2025-12-01,13,CENTRAL
MED-0683,2022-07-01,1,WEST
MED-0683,2022-08-01,0,WEST
MED-0683,2022-09-01,6,WEST
MED-0683,2022-10-01,4,WEST
MED-0683,2022-11-01,1,WEST
MED-0683,2022-12-01,0,SOUTH
MED-0683,2023-01-01,1,SOUTH
MED-0683,2023-02-01,3,SOUTH
MED-0683,2023-03-01,6,EAST
MED-0683,2023-04-01,1,CENTRAL
MED-0683,2023-05-01,4,WEST
MED-0683,2023-06-01,3,WEST
MED-0683,2023-07-01,2,SOUTH
MED-0683,2023-08-01,2,WEST
MED-0683,2023-09-01,3,WEST
MED-0683,2023-10-01,0,WEST
MED-0683,2023-11-01,3,WEST
MED-0683,2023-12-01,7,EAST
MED-0683,2024-01-01,9,WEST
MED-0683,2024-02-01,3,WEST
MED-0683,2024-03-01,2,WEST
MED-0683,2024-04-01,2,WEST
MED-0683,2024-05-01,1,SOUTH
MED-0683,2024-06-01,3,CENTRAL
MED-0683,2024-07-01,1,NORTH
MED-0683,2024-08-01,11,WEST
MED-0683,2024-09-01,2,WEST
MED-0683,2024-10-01,6,WEST
MED-0683,2024-11-01,0,EAST
MED-0683,2024-12-01,6,CENTRAL
MED-0683,2025-01-01,1,WEST
MED-0683,2025-02-01,2,WEST
MED-0683,2025-03-01,3,WEST
MED-0683,2025-04-01,4,WEST
MED-0683,2025-05-01,1,WEST
MED-0683,2025-06-01,5,EAST
MED-0683,2025-07-01,3,WEST
MED-0683,2025-08-01,9,WEST
MED-0683,2025-09-01,3,WEST
MED-0683,2025-10-01,5,WEST
MED-0683,2025-11-01,4,CENTRAL
MED-0683,2025-12-01,10,WEST
MED-0684,2022-01-01,14,SOUTH
MED-0684,2022-02-01,0,NORTH
MED-0684,2022-03-01,13,NORTH
MED-0684,2022-04-01,0,SOUTH
MED-0684,2022-05-01,0,SOUTH
MED-0684,2022-06-01,15,SOUTH
MED-0684,2022-07-01,0,SOUTH
MED-0684,2022-08-01,0,SOUTH
MED-0684,2022-09-01,0,SOUTH
MED-0684,2022-10-01,0,SOUTH
MED-0684,2022-11-01,0,CENTRAL
MED-0684,2022-12-01,0,CENTRAL
MED-0684,2023-01-01,0,SOUTH
MED-0684,2023-02-01,0,SOUTH
MED-0684,2023-03-01,30,CENTRAL
MED-0684,2023-04-01,0,NORTH
MED-0684,2023-05-01,0,WEST
MED-0684,2023-06-01,0,SOUTH
MED-0684,2023-07-01,7,SOUTH
MED-0684,2023-08-01,0,SOUTH
MED-0684,2023-09-01,48,SOUTH
MED-0684,2023-10-01,0,SOUTH
MED-0684,2023-11-01,0,SOUTH
MED-0684,2023-12-01,12,CENTRAL
MED-0684,2024-01-01,0,SOUTH
MED-0684,2024-02-01,0,WEST
MED-0684,2024-03-01,0,SOUTH
MED-0684,2024-04-01,0,EAST
MED-0684,2024-05-01,0,CENTRAL
MED-0684,2024-06-01,0,SOUTH
MED-0684,2024-07-01,0,SOUTH
MED-0684,2024-08-01,16,SOUTH
MED-0684,2024-09-01,0,EAST
MED-0684,2024-10-01,15,SOUTH
MED-0684,2024-11-01,0,EAST
MED-0684,2024-12-01,0,SOUTH
MED-0684,2025-01-01,26,WEST
MED-0684,2025-02-01,0,SOUTH
MED-0684,2025-03-01,0,SOUTH
MED-0684,2025-04-01,0,SOUTH
MED-0684,2025-05-01,0,SOUTH
MED-0684,2025-06-01,0,SOUTH
MED-0684,2025-07-01,0,NORTH
MED-0684,2025-08-01,0,CENTRAL
MED-0684,2025-09-01,0,SOUTH
MED-0684,2025-10-01,87,SOUTH
MED-0684,2025-11-01,0,EAST
MED-0684,2025-12-01,0,NORTH
MED-0685,2024-07-01,14,WEST
MED-0685,2024-08-01,0,WEST
MED-0685,2024-09-01,0,WEST
MED-0685,2024-10-01,17,NORTH
MED-0685,2024-11-01,14,WEST
MED-0685,2024-12-01,0,WEST
MED-0685,2025-01-01,0,WEST
MED-0685,2025-02-01,0,WEST
MED-0685,2025-03-01,0,SOUTH
MED-0685,2025-04-01,17,EAST
MED-0685,2025-05-01,0,CENTRAL
MED-0685,2025-06-01,10,SOUTH
MED-0685,2025-07-01,0,EAST
MED-0685,2025-08-01,0,WEST
MED-0685,2025-09-01,0,EAST
MED-0685,2025-10-01,0,WEST
MED-0685,2025-11-01,0,SOUTH
MED-0685,2025-12-01,0,WEST
MED-0686,2023-07-01,0,WEST
MED-0686,2023-08-01,0,WEST
MED-0686,2023-09-01,0,SOUTH
MED-0686,2023-10-01,2,WEST
MED-0686,2023-11-01,0,WEST
MED-0686,2023-12-01,0,WEST
MED-0686,2024-01-01,0,WEST
MED-0686,2024-02-01,0,WEST
MED-0686,2024-03-01,5,WEST
MED-0686,2024-04-01,0,EAST
MED-0686,2024-05-01,0,EAST
MED-0686,2024-06-01,0,SOUTH
MED-0686,2024-07-01,0,WEST
MED-0686,2024-08-01,0,WEST
MED-0686,2024-09-01,2,WEST
MED-0686,2024-10-01,2,WEST
MED-0686,2024-11-01,3,WEST
MED-0686,2024-12-01,0,WEST
MED-0686,2025-01-01,0,WEST
MED-0686,2025-02-01,0,WEST
MED-0686,2025-03-01,0,SOUTH
MED-0686,2025-04-01,4,WEST
MED-0686,2025-05-01,7,WEST
MED-0686,2025-06-01,0,WEST
MED-0686,2025-07-01,0,WEST
MED-0686,2025-08-01,1,EAST
MED-0686,2025-09-01,7,WEST
MED-0686,2025-10-01,4,WEST
MED-0686,2025-11-01,0,EAST
MED-0686,2025-12-01,8,WEST
MED-0687,2022-01-01,0,CENTRAL
MED-0687,2022-02-01,0,CENTRAL
MED-0687,2022-03-01,0,CENTRAL
MED-0687,2022-04-01,0,CENTRAL
MED-0687,2022-05-01,0,WEST
MED-0687,2022-06-01,0,CENTRAL
MED-0687,2022-07-01,0,CENTRAL
MED-0687,2022-08-01,0,CENTRAL
MED-0687,2022-09-01,0,CENTRAL
MED-0687,2022-10-01,0,CENTRAL
MED-0687,2022-11-01,0,CENTRAL
MED-0687,2022-12-01,0,SOUTH
MED-0687,2023-01-01,0,EAST
MED-0687,2023-02-01,0,CENTRAL
MED-0687,2023-03-01,0,EAST
MED-0687,2023-04-01,0,CENTRAL
MED-0687,2023-05-01,0,CENTRAL
MED-0687,2023-06-01,0,SOUTH
MED-0687,2023-07-01,0,CENTRAL
MED-0687,2023-08-01,0,CENTRAL
MED-0687,2023-09-01,4,NORTH
MED-0687,2023-10-01,0,CENTRAL
MED-0687,2023-11-01,0,CENTRAL
MED-0687,2023-12-01,0,CENTRAL
MED-0687,2024-01-01,0,CENTRAL
MED-0687,2024-02-01,0,CENTRAL
MED-0687,2024-03-01,0,CENTRAL
MED-0687,2024-04-01,0,CENTRAL
MED-0687,2024-05-01,0,CENTRAL
MED-0687,2024-06-01,0,CENTRAL
MED-0687,2024-07-01,0,NORTH
MED-0687,2024-08-01,0,NORTH
MED-0687,2024-09-01,48,EAST
MED-0687,2024-10-01,0,CENTRAL
MED-0687,2024-11-01,0,EAST
MED-0687,2024-12-01,0,NORTH
MED-0687,2025-01-01,0,CENTRAL
MED-0687,2025-02-01,0,CENTRAL
MED-0687,2025-03-01,0,CENTRAL
MED-0687,2025-04-01,14,CENTRAL
MED-0687,2025-05-01,0,CENTRAL
MED-0687,2025-06-01,0,CENTRAL
MED-0687,2025-07-01,0,SOUTH
MED-0687,2025-08-01,0,CENTRAL
MED-0687,2025-09-01,0,CENTRAL
MED-0687,2025-10-01,0,CENTRAL
MED-0687,2025-11-01,50,CENTRAL
MED-0687,2025-12-01,0,CENTRAL
MED-0688,2022-01-01,0,WEST
MED-0688,2022-02-01,0,WEST
MED-0688,2022-03-01,0,WEST
MED-0688,2022-04-01,0,WEST
MED-0688,2022-05-01,0,EAST
MED-0688,2022-06-01,4,EAST
MED-0688,2022-07-01,2,CENTRAL
MED-0688,2022-08-01,0,WEST
MED-0688,2022-09-01,0,WEST
MED-0688,2022-10-01,2,SOUTH
MED-0688,2022-11-01,0,SOUTH
MED-0688,2022-12-01,4,SOUTH
MED-0688,2023-01-01,0,WEST
MED-0688,2023-02-01,1,WEST
MED-0688,2023-03-01,0,WEST
MED-0688,2023-04-01,0,WEST
MED-0688,2023-05-01,0,SOUTH
MED-0688,2023-06-01,0,WEST
MED-0688,2023-07-01,0,WEST
MED-0688,2023-08-01,0,NORTH
MED-0688,2023-09-01,9,WEST
MED-0688,2023-10-01,0,WEST
MED-0688,2023-11-01,0,CENTRAL
MED-0688,2023-12-01,3,WEST
MED-0688,2024-01-01,0,WEST
MED-0688,2024-02-01,0,WEST
MED-0688,2024-03-01,0,SOUTH
MED-0688,2024-04-01,4,WEST
MED-0688,2024-05-01,0,WEST
MED-0688,2024-06-01,0,WEST
MED-0688,2024-07-01,2,WEST
MED-0688,2024-08-01,4,WEST
MED-0688,2024-09-01,0,WEST
MED-0688,2024-10-01,0,WEST
MED-0688,2024-11-01,0,WEST
MED-0688,2024-12-01,4,WEST
MED-0688,2025-01-01,3,CENTRAL
MED-0688,2025-02-01,0,SOUTH
MED-0688,2025-03-01,1,EAST
MED-0688,2025-04-01,0,WEST
MED-0688,2025-05-01,0,WEST
MED-0688,2025-06-01,0,WEST
MED-0688,2025-07-01,0,WEST
MED-0688,2025-08-01,0,WEST
MED-0688,2025-09-01,0,CENTRAL
MED-0688,2025-10-01,0,WEST
MED-0688,2025-11-01,0,WEST
MED-0688,2025-12-01,0,WEST
MED-0689,2022-07-01,7,WEST
MED-0689,2022-08-01,0,WEST
MED-0689,2022-09-01,0,WEST
MED-0689,2022-10-01,0,WEST
MED-0689,2022-11-01,4,WEST
MED-0689,2022-12-01,0,WEST
MED-0689,2023-01-01,0,WEST
MED-0689,2023-02-01,0,WEST
MED-0689,2023-03-01,14,WEST
MED-0689,2023-04-01,0,SOUTH
MED-0689,2023-05-01,0,WEST
MED-0689,2023-06-01,10,EAST
MED-0689,2023-07-01,0,CENTRAL
MED-0689,2023-08-01,0,WEST
MED-0689,2023-09-01,0,SOUTH
MED-0689,2023-10-01,0,WEST
MED-0689,2023-11-01,0,WEST
MED-0689,2023-12-01,0,WEST
MED-0689,2024-01-01,0,WEST
MED-0689,2024-02-01,3,WEST
MED-0689,2024-03-01,0,WEST
MED-0689,2024-04-01,0,WEST
MED-0689,2024-05-01,7,WEST
MED-0689,2024-06-01,0,WEST
MED-0689,2024-07-01,0,CENTRAL
MED-0689,2024-08-01,0,WEST
MED-0689,2024-09-01,0,NORTH
MED-0689,2024-10-01,0,WEST
MED-0689,2024-11-01,0,WEST
MED-0689,2024-12-01,20,WEST
MED-0689,2025-01-01,0,WEST
MED-0689,2025-02-01,0,WEST
MED-0689,2025-03-01,8,WEST
MED-0689,2025-04-01,0,WEST
MED-0689,2025-05-01,0,WEST
MED-0689,2025-06-01,0,CENTRAL
MED-0689,2025-07-01,1,SOUTH
MED-0689,2025-08-01,5,WEST
MED-0689,2025-09-01,0,WEST
MED-0689,2025-10-01,0,CENTRAL
MED-0689,2025-11-01,0,WEST
MED-0689,2025-12-01,0,WEST
MED-0690,2022-01-01,5,EAST
MED-0690,2022-02-01,0,WEST
MED-0690,2022-03-01,0,EAST
MED-0690,2022-04-01,0,EAST
MED-0690,2022-05-01,0,EAST
MED-0690,2022-06-01,0,EAST
MED-0690,2022-07-01,0,EAST
MED-0690,2022-08-01,0,NORTH
MED-0690,2022-09-01,0,EAST
MED-0690,2022-10-01,0,EAST
MED-0690,2022-11-01,0,WEST
MED-0690,2022-12-01,0,WEST
MED-0690,2023-01-01,0,EAST
MED-0690,2023-02-01,21,EAST
MED-0690,2023-03-01,4,EAST
MED-0690,2023-04-01,3,CENTRAL
MED-0690,2023-05-01,0,NORTH
MED-0690,2023-06-01,0,EAST
MED-0690,2023-07-01,0,NORTH
MED-0690,2023-08-01,0,NORTH
MED-0690,2023-09-01,0,EAST
MED-0690,2023-10-01,2,EAST
MED-0690,2023-11-01,2,WEST
MED-0690,2023-12-01,0,EAST
MED-0690,2024-01-01,0,SOUTH
MED-0690,2024-02-01,0,NORTH
MED-0690,2024-03-01,0,EAST
MED-0690,2024-04-01,4,EAST
MED-0690,2024-05-01,0,EAST
MED-0690,2024-06-01,0,SOUTH
MED-0690,2024-07-01,0,SOUTH
MED-0690,2024-08-01,0,CENTRAL
MED-0690,2024-09-01,4,EAST
MED-0690,2024-10-01,0,EAST
MED-0690,2024-11-01,4,CENTRAL
MED-0690,2024-12-01,4,CENTRAL
MED-0690,2025-01-01,0,EAST
MED-0690,2025-02-01,0,EAST
MED-0690,2025-03-01,0,EAST
MED-0690,2025-04-01,0,EAST
MED-0690,2025-05-01,0,EAST
MED-0690,2025-06-01,0,EAST
MED-0690,2025-07-01,0,EAST
MED-0690,2025-08-01,0,EAST
MED-0690,2025-09-01,0,EAST
MED-0690,2025-10-01,0,EAST
MED-0690,2025-11-01,0,EAST
MED-0690,2025-12-01,0,CENTRAL
MED-0691,2023-01-01,2,EAST
MED-0691,2023-02-01,4,EAST
MED-0691,2023-03-01,5,SOUTH
MED-0691,2023-04-01,8,EAST
MED-0691,2023-05-01,7,EAST
MED-0691,2023-06-01,10,WEST
MED-0691,2023-07-01,6,EAST
MED-0691,2023-08-01,6,EAST
MED-0691,2023-09-01,4,EAST
MED-0691,2023-10-01,4,EAST
MED-0691,2023-11-01,4,EAST
MED-0691,2023-12-01,4,WEST
MED-0691,2024-01-01,2,EAST
MED-0691,2024-02-01,1,EAST
MED-0691,2024-03-01,3,EAST
MED-0691,2024-04-01,4,EAST
MED-0691,2024-05-01,4,CENTRAL
MED-0691,2024-06-01,6,NORTH
MED-0691,2024-07-01,2,SOUTH
MED-0691,2024-08-01,5,CENTRAL
MED-0691,2024-09-01,3,EAST
MED-0691,2024-10-01,4,EAST
MED-0691,2024-11-01,5,EAST
MED-0691,2024-12-01,2,EAST
MED-0691,2025-01-01,2,EAST
MED-0691,2025-02-01,0,WEST
MED-0691,2025-03-01,6,EAST
MED-0691,2025-04-01,4,EAST
MED-0691,2025-05-01,3,EAST
MED-0691,2025-06-01,6,EAST
MED-0691,2025-07-01,2,EAST
MED-0691,2025-08-01,6,EAST
MED-0691,2025-09-01,6,EAST
MED-0691,2025-10-01,5,EAST
MED-0691,2025-11-01,2,EAST
MED-0691,2025-12-01,3,EAST
MED-0692,2023-07-01,7,EAST
MED-0692,2023-08-01,0,EAST
MED-0692,2023-09-01,0,SOUTH
MED-0692,2023-10-01,8,EAST
MED-0692,2023-11-01,0,WEST
MED-0692,2023-12-01,9,NORTH
MED-0692,2024-01-01,0,EAST
MED-0692,2024-02-01,4,NORTH
MED-0692,2024-03-01,0,EAST
MED-0692,2024-04-01,0,EAST
MED-0692,2024-05-01,14,EAST
MED-0692,2024-06-01,0,CENTRAL
MED-0692,2024-07-01,0,EAST
MED-0692,2024-08-01,0,NORTH
MED-0692,2024-09-01,14,CENTRAL
MED-0692,2024-10-01,0,EAST
MED-0692,2024-11-01,0,EAST
MED-0692,2024-12-01,0,EAST
MED-0692,2025-01-01,12,EAST
MED-0692,2025-02-01,0,EAST
MED-0692,2025-03-01,0,EAST
MED-0692,2025-04-01,0,EAST
MED-0692,2025-05-01,0,EAST
MED-0692,2025-06-01,0,EAST
MED-0692,2025-07-01,8,EAST
MED-0692,2025-08-01,0,EAST
MED-0692,2025-09-01,0,EAST
MED-0692,2025-10-01,6,EAST
MED-0692,2025-11-01,0,EAST
MED-0692,2025-12-01,7,SOUTH
MED-0693,2022-01-01,0,SOUTH
MED-0693,2022-02-01,0,WEST
MED-0693,2022-03-01,0,SOUTH
MED-0693,2022-04-01,0,CENTRAL
MED-0693,2022-05-01,0,SOUTH
MED-0693,2022-06-01,0,EAST
MED-0693,2022-07-01,2,EAST
MED-0693,2022-08-01,0,NORTH
MED-0693,2022-09-01,2,NORTH
MED-0693,2022-10-01,0,SOUTH
MED-0693,2022-11-01,4,NORTH
MED-0693,2022-12-01,0,SOUTH
MED-0693,2023-01-01,0,SOUTH
MED-0693,2023-02-01,2,SOUTH
MED-0693,2023-03-01,0,EAST
MED-0693,2023-04-01,0,NORTH
MED-0693,2023-05-01,0,SOUTH
MED-0693,2023-06-01,3,SOUTH
MED-0693,2023-07-01,0,SOUTH
MED-0693,2023-08-01,4,SOUTH
MED-0693,2023-09-01,0,SOUTH
MED-0693,2023-10-01,0,SOUTH
MED-0693,2023-11-01,0,EAST
MED-0693,2023-12-01,0,SOUTH
MED-0693,2024-01-01,0,SOUTH
MED-0693,2024-02-01,3,SOUTH
MED-0693,2024-03-01,1,SOUTH
MED-0693,2024-04-01,0,SOUTH
MED-0693,2024-05-01,0,SOUTH
MED-0693,2024-06-01,0,SOUTH
MED-0693,2024-07-01,0,SOUTH
MED-0693,2024-08-01,0,WEST
MED-0693,2024-09-01,4,SOUTH
MED-0693,2024-10-01,0,SOUTH
MED-0693,2024-11-01,0,SOUTH
MED-0693,2024-12-01,0,SOUTH
MED-0693,2025-01-01,0,CENTRAL
MED-0693,2025-02-01,0,SOUTH
MED-0693,2025-03-01,0,SOUTH
MED-0693,2025-04-01,0,SOUTH
MED-0693,2025-05-01,0,SOUTH
MED-0693,2025-06-01,1,SOUTH
MED-0693,2025-07-01,0,SOUTH
MED-0693,2025-08-01,0,SOUTH
MED-0693,2025-09-01,6,NORTH
MED-0693,2025-10-01,0,SOUTH
MED-0693,2025-11-01,0,NORTH
MED-0693,2025-12-01,0,SOUTH
MED-0694,2024-01-01,6,NORTH
MED-0694,2024-02-01,6,NORTH
MED-0694,2024-03-01,5,NORTH
MED-0694,2024-04-01,4,NORTH
MED-0694,2024-05-01,4,NORTH
MED-0694,2024-06-01,5,NORTH
MED-0694,2024-07-01,5,CENTRAL
MED-0694,2024-08-01,3,NORTH
MED-0694,2024-09-01,3,NORTH
MED-0694,2024-10-01,7,CENTRAL
MED-0694,2024-11-01,3,NORTH
MED-0694,2024-12-01,2,EAST
MED-0694,2025-01-01,8,WEST
MED-0694,2025-02-01,4,NORTH
MED-0694,2025-03-01,9,WEST
MED-0694,2025-04-01,2,NORTH
MED-0694,2025-05-01,5,EAST
MED-0694,2025-06-01,1,WEST
MED-0694,2025-07-01,4,NORTH
MED-0694,2025-08-01,5,NORTH
MED-0694,2025-09-01,3,NORTH
MED-0694,2025-10-01,3,NORTH
MED-0694,2025-11-01,6,CENTRAL
MED-0694,2025-12-01,4,NORTH
MED-0695,2023-07-01,0,WEST
MED-0695,2023-08-01,0,NORTH
MED-0695,2023-09-01,0,NORTH
MED-0695,2023-10-01,0,NORTH
MED-0695,2023-11-01,0,NORTH
MED-0695,2023-12-01,0,NORTH
MED-0695,2024-01-01,0,NORTH
MED-0695,2024-02-01,0,NORTH
MED-0695,2024-03-01,0,NORTH
MED-0695,2024-04-01,0,NORTH
MED-0695,2024-05-01,0,NORTH
MED-0695,2024-06-01,13,NORTH
MED-0695,2024-07-01,0,SOUTH
MED-0695,2024-08-01,0,NORTH
MED-0695,2024-09-01,0,NORTH
MED-0695,2024-10-01,0,NORTH
MED-0695,2024-11-01,7,NORTH
MED-0695,2024-12-01,0,CENTRAL
MED-0695,2025-01-01,12,NORTH
MED-0695,2025-02-01,0,WEST
MED-0695,2025-03-01,15,EAST
MED-0695,2025-04-01,0,NORTH
MED-0695,2025-05-01,13,NORTH
MED-0695,2025-06-01,2,NORTH
MED-0695,2025-07-01,0,NORTH
MED-0695,2025-08-01,0,WEST
MED-0695,2025-09-01,0,SOUTH
MED-0695,2025-10-01,0,SOUTH
MED-0695,2025-11-01,18,NORTH
MED-0695,2025-12-01,0,NORTH
MED-0696,2023-07-01,0,WEST
MED-0696,2023-08-01,0,WEST
MED-0696,2023-09-01,0,WEST
MED-0696,2023-10-01,0,WEST
MED-0696,2023-11-01,0,EAST
MED-0696,2023-12-01,0,WEST
MED-0696,2024-01-01,4,WEST
MED-0696,2024-02-01,0,NORTH
MED-0696,2024-03-01,0,SOUTH
MED-0696,2024-04-01,0,NORTH
MED-0696,2024-05-01,10,WEST
MED-0696,2024-06-01,0,WEST
MED-0696,2024-07-01,0,WEST
MED-0696,2024-08-01,0,WEST
MED-0696,2024-09-01,0,SOUTH
MED-0696,2024-10-01,0,WEST
MED-0696,2024-11-01,0,SOUTH
MED-0696,2024-12-01,0,CENTRAL
MED-0696,2025-01-01,0,WEST
MED-0696,2025-02-01,0,SOUTH
MED-0696,2025-03-01,0,CENTRAL
MED-0696,2025-04-01,0,WEST
MED-0696,2025-05-01,0,WEST
MED-0696,2025-06-01,0,WEST
MED-0696,2025-07-01,0,CENTRAL
MED-0696,2025-08-01,0,EAST
MED-0696,2025-09-01,0,EAST
MED-0696,2025-10-01,0,WEST
MED-0696,2025-11-01,0,WEST
MED-0696,2025-12-01,0,WEST
MED-0697,2022-01-01,11,CENTRAL
MED-0697,2022-02-01,0,WEST
MED-0697,2022-03-01,0,CENTRAL
MED-0697,2022-04-01,3,CENTRAL
MED-0697,2022-05-01,0,CENTRAL
MED-0697,2022-06-01,7,CENTRAL
MED-0697,2022-07-01,2,CENTRAL
MED-0697,2022-08-01,0,SOUTH
MED-0697,2022-09-01,0,SOUTH
MED-0697,2022-10-01,0,CENTRAL
MED-0697,2022-11-01,0,CENTRAL
MED-0697,2022-12-01,0,CENTRAL
MED-0697,2023-01-01,0,CENTRAL
MED-0697,2023-02-01,5,WEST
MED-0697,2023-03-01,5,CENTRAL
MED-0697,2023-04-01,0,CENTRAL
MED-0697,2023-05-01,0,CENTRAL
MED-0697,2023-06-01,0,CENTRAL
MED-0697,2023-07-01,0,CENTRAL
MED-0697,2023-08-01,0,WEST
MED-0697,2023-09-01,0,CENTRAL
MED-0697,2023-10-01,7,CENTRAL
MED-0697,2023-11-01,0,NORTH
MED-0697,2023-12-01,4,CENTRAL
MED-0697,2024-01-01,0,CENTRAL
MED-0697,2024-02-01,0,SOUTH
MED-0697,2024-03-01,1,SOUTH
MED-0697,2024-04-01,0,EAST
MED-0697,2024-05-01,0,CENTRAL
MED-0697,2024-06-01,2,WEST
MED-0697,2024-07-01,0,CENTRAL
MED-0697,2024-08-01,0,NORTH
MED-0697,2024-09-01,0,CENTRAL
MED-0697,2024-10-01,0,CENTRAL
MED-0697,2024-11-01,0,CENTRAL
MED-0697,2024-12-01,0,CENTRAL
MED-0697,2025-01-01,0,CENTRAL
MED-0697,2025-02-01,0,CENTRAL
MED-0697,2025-03-01,11,CENTRAL
MED-0697,2025-04-01,0,CENTRAL
MED-0697,2025-05-01,0,CENTRAL
MED-0697,2025-06-01,0,CENTRAL
MED-0697,2025-07-01,0,CENTRAL
MED-0697,2025-08-01,0,CENTRAL
MED-0697,2025-09-01,0,NORTH
MED-0697,2025-10-01,0,SOUTH
MED-0697,2025-11-01,4,CENTRAL
MED-0697,2025-12-01,0,EAST
MED-0698,2024-01-01,5,NORTH
MED-0698,2024-02-01,1,NORTH
MED-0698,2024-03-01,4,WEST
MED-0698,2024-04-01,4,WEST
MED-0698,2024-05-01,5,NORTH
MED-0698,2024-06-01,4,EAST
MED-0698,2024-07-01,2,NORTH
MED-0698,2024-08-01,3,NORTH
MED-0698,2024-09-01,1,NORTH
MED-0698,2024-10-01,2,NORTH
MED-0698,2024-11-01,1,NORTH
MED-0698,2024-12-01,5,NORTH
MED-0698,2025-01-01,0,NORTH
MED-0698,2025-02-01,6,NORTH
MED-0698,2025-03-01,4,NORTH
MED-0698,2025-04-01,2,NORTH
MED-0698,2025-05-01,1,NORTH
MED-0698,2025-06-01,0,NORTH
MED-0698,2025-07-01,3,EAST
MED-0698,2025-08-01,7,SOUTH
MED-0698,2025-09-01,1,NORTH
MED-0698,2025-10-01,2,CENTRAL
MED-0698,2025-11-01,6,NORTH
MED-0698,2025-12-01,7,EAST
MED-0699,2024-01-01,5,CENTRAL
MED-0699,2024-02-01,7,CENTRAL
MED-0699,2024-03-01,7,CENTRAL
MED-0699,2024-04-01,2,CENTRAL
MED-0699,2024-05-01,5,CENTRAL
MED-0699,2024-06-01,8,NORTH
MED-0699,2024-07-01,8,CENTRAL
MED-0699,2024-08-01,5,NORTH
MED-0699,2024-09-01,1,CENTRAL
MED-0699,2024-10-01,6,CENTRAL
MED-0699,2024-11-01,7,CENTRAL
MED-0699,2024-12-01,2,CENTRAL
MED-0699,2025-01-01,2,CENTRAL
MED-0699,2025-02-01,4,CENTRAL
MED-0699,2025-03-01,5,CENTRAL
MED-0699,2025-04-01,6,CENTRAL
MED-0699,2025-05-01,5,CENTRAL
MED-0699,2025-06-01,0,CENTRAL
MED-0699,2025-07-01,5,NORTH
MED-0699,2025-08-01,4,CENTRAL
MED-0699,2025-09-01,12,EAST
MED-0699,2025-10-01,2,SOUTH
MED-0699,2025-11-01,8,CENTRAL
MED-0699,2025-12-01,1,SOUTH
MED-0700,2023-07-01,4,CENTRAL
MED-0700,2023-08-01,3,SOUTH
MED-0700,2023-09-01,5,SOUTH
MED-0700,2023-10-01,6,NORTH
MED-0700,2023-11-01,3,SOUTH
MED-0700,2023-12-01,0,NORTH
MED-0700,2024-01-01,2,SOUTH
MED-0700,2024-02-01,2,SOUTH
MED-0700,2024-03-01,4,NORTH
MED-0700,2024-04-01,1,SOUTH
MED-0700,2024-05-01,3,NORTH
MED-0700,2024-06-01,2,SOUTH
MED-0700,2024-07-01,5,SOUTH
MED-0700,2024-08-01,8,CENTRAL
MED-0700,2024-09-01,3,SOUTH
MED-0700,2024-10-01,2,WEST
MED-0700,2024-11-01,5,SOUTH
MED-0700,2024-12-01,3,SOUTH
MED-0700,2025-01-01,3,SOUTH
MED-0700,2025-02-01,2,SOUTH
MED-0700,2025-03-01,6,SOUTH
MED-0700,2025-04-01,6,NORTH
MED-0700,2025-05-01,2,SOUTH
MED-0700,2025-06-01,3,SOUTH
MED-0700,2025-07-01,3,SOUTH
MED-0700,2025-08-01,3,SOUTH
MED-0700,2025-09-01,3,SOUTH
MED-0700,2025-10-01,2,NORTH
MED-0700,2025-11-01,10,SOUTH
MED-0700,2025-12-01,3,SOUTH
